{
    "$schema": "./node_modules/@biomejs/biome/configuration_schema.json",
    "vcs": {
        "enabled": false,
        "clientKind": "git",
        "useIgnoreFile": false
    },
    "files": {
        "ignoreUnknown": false,
        "includes": [
            "**",
            "!node_modules",
            "!vendor",
            "!composer.json",
            "!composer.lock",
            "!package.json",
            "!package-lock.json",
            "!**/analytics.*",
            "!**/metrics.*",
            "!coverage",
            "!dist",
            "!build",
            "!public"
        ]
    },
    "formatter": {
        "enabled": true,
        "indentStyle": "space",
        "indentWidth": 4
    },
    "linter": {
        "enabled": true,
        "rules": {
            "recommended": true
        }
    },
    "javascript": {
        "formatter": {
            "quoteStyle": "double"
        }
    },
    "json": {
        "formatter": {
            "enabled": true,
            "bracketSpacing": true,
            "expand": "always"
        },
        "parser": {
            "allowComments": true
        }
    },
    "assist": {
        "enabled": true,
        "actions": {
            "source": {
                "organizeImports": "on"
            }
        }
    }
}
