{"af":{"code":"ZAR","numeric":710,"native":"South African Rand","localized":"South African Rand"},"ak":{"code":"GHS","numeric":936,"native":"Ghanaian Cedi","localized":"Ghanaian Cedi"},"am":{"code":"ETB","numeric":230,"native":"Ethiopian Birr","localized":"Ethiopian Birr"},"ar":{"code":"EGP","numeric":818,"native":"جنيه مصري","localized":"Egyptian Pound"},"as":{"code":"INR","numeric":356,"native":"Indian Rupee","localized":"Indian Rupee"},"az":{"code":"AZN","numeric":944,"native":"Azerbaijani Manat","localized":"Azerbaijani Manat"},"be":{"code":"BYN","numeric":840,"native":"Belarusian Ruble","localized":"Belarusian Ruble"},"bg":{"code":"BGN","numeric":975,"native":"Bulgarian Lev","localized":"Bulgarian Lev"},"bho":{"code":"INR","numeric":356,"native":"Indian Rupee","localized":"Indian Rupee"},"bm":{"code":"XOF","numeric":952,"native":"West African CFA Franc","localized":"West African CFA Franc"},"bn":{"code":"BDT","numeric":50,"native":"Bangladeshi Taka","localized":"Bangladeshi Taka"},"bs":{"code":"BAM","numeric":977,"native":"Bosnia-Herzegovina Convertible Mark","localized":"Bosnia-Herzegovina Convertible Mark"},"ca":{"code":"EUR","numeric":978,"native":"euro","localized":"Euro"},"ceb":{"code":"PHP","numeric":608,"native":"Philippine Peso","localized":"Philippine Peso"},"ckb":{"code":"IQD","numeric":368,"native":"Iraqi Dinar","localized":"Iraqi Dinar"},"cs":{"code":"CZK","numeric":203,"native":"česká koruna","localized":"Czech Koruna"},"cy":{"code":"GBP","numeric":826,"native":"British Pound","localized":"British Pound"},"da":{"code":"DKK","numeric":208,"native":"dansk krone","localized":"Danish Krone"},"de":{"code":"EUR","numeric":978,"native":"Euro","localized":"Euro"},"de_AT":{"code":"EUR","numeric":978,"native":"Euro","localized":"Euro"},"de_CH":{"code":"CHF","numeric":756,"native":"Schweizer Franken","localized":"Swiss Franc"},"doi":{"code":"INR","numeric":356,"native":"Indian Rupee","localized":"Indian Rupee"},"ee":{"code":"GHS","numeric":936,"native":"Ghanaian Cedi","localized":"Ghanaian Cedi"},"el":{"code":"EUR","numeric":978,"native":"Ευρώ","localized":"Euro"},"en":{"code":"USD","numeric":840,"native":"US Dollar","localized":"US Dollar"},"en_CA":{"code":"CAD","numeric":124,"native":"Canadian Dollar","localized":"Canadian Dollar"},"eo":{"code":"USD","numeric":840,"native":"","localized":""},"es":{"code":"EUR","numeric":978,"native":"euro","localized":"Euro"},"et":{"code":"EUR","numeric":978,"native":"Euro","localized":"Euro"},"eu":{"code":"EUR","numeric":978,"native":"Euro","localized":"Euro"},"fa":{"code":"IRR","numeric":364,"native":"Iranian Rial","localized":"Iranian Rial"},"fi":{"code":"EUR","numeric":978,"native":"euro","localized":"Euro"},"fil":{"code":"PHP","numeric":608,"native":"Philippine Peso","localized":"Philippine Peso"},"fr":{"code":"EUR","numeric":978,"native":"euro","localized":"Euro"},"fy":{"code":"EUR","numeric":978,"native":"Euro","localized":"Euro"},"ga":{"code":"EUR","numeric":978,"native":"Euro","localized":"Euro"},"gd":{"code":"GBP","numeric":826,"native":"British Pound","localized":"British Pound"},"gl":{"code":"EUR","numeric":978,"native":"Euro","localized":"Euro"},"gu":{"code":"INR","numeric":356,"native":"Indian Rupee","localized":"Indian Rupee"},"ha":{"code":"NGN","numeric":566,"native":"Nigerian Naira","localized":"Nigerian Naira"},"haw":{"code":"USD","numeric":840,"native":"US Dollar","localized":"US Dollar"},"he":{"code":"ILS","numeric":376,"native":"שקל חדש","localized":"Israeli New Shekel"},"hi":{"code":"INR","numeric":356,"native":"भारतीय रुपया","localized":"Indian Rupee"},"hr":{"code":"EUR","numeric":978,"native":"euro","localized":"Euro"},"ht":{"code":"HTG","numeric":332,"native":"gourde haïtienne","localized":"Haitian Gourde"},"hu":{"code":"HUF","numeric":348,"native":"magyar forint","localized":"Hungarian Forint"},"hy":{"code":"AMD","numeric":51,"native":"Armenian Dram","localized":"Armenian Dram"},"id":{"code":"IDR","numeric":360,"native":"Indonesian Rupiah","localized":"Indonesian Rupiah"},"ig":{"code":"NGN","numeric":566,"native":"Nigerian Naira","localized":"Nigerian Naira"},"is":{"code":"ISK","numeric":352,"native":"Icelandic Króna","localized":"Icelandic Króna"},"it":{"code":"EUR","numeric":978,"native":"euro","localized":"Euro"},"ja":{"code":"JPY","numeric":392,"native":"日本円","localized":"Japanese Yen"},"ka":{"code":"GEL","numeric":981,"native":"Georgian Lari","localized":"Georgian Lari"},"kk":{"code":"KZT","numeric":398,"native":"Kazakhstani Tenge","localized":"Kazakhstani Tenge"},"km":{"code":"KHR","numeric":116,"native":"Cambodian Riel","localized":"Cambodian Riel"},"kn":{"code":"INR","numeric":356,"native":"Indian Rupee","localized":"Indian Rupee"},"ko":{"code":"KRW","numeric":410,"native":"대한민국 원","localized":"South Korean Won"},"ku":{"code":"TRY","numeric":949,"native":"Turkish Lira","localized":"Turkish Lira"},"ky":{"code":"KGS","numeric":417,"native":"Kyrgystani Som","localized":"Kyrgystani Som"},"lb":{"code":"EUR","numeric":978,"native":"Euro","localized":"Euro"},"lg":{"code":"UGX","numeric":800,"native":"Ugandan Shilling","localized":"Ugandan Shilling"},"ln":{"code":"CDF","numeric":976,"native":"Congolese Franc","localized":"Congolese Franc"},"lo":{"code":"LAK","numeric":418,"native":"Laotian Kip","localized":"Laotian Kip"},"lt":{"code":"EUR","numeric":978,"native":"Euro","localized":"Euro"},"lv":{"code":"EUR","numeric":978,"native":"Euro","localized":"Euro"},"mai":{"code":"INR","numeric":356,"native":"Indian Rupee","localized":"Indian Rupee"},"mg":{"code":"MGA","numeric":969,"native":"Malagasy Ariary","localized":"Malagasy Ariary"},"mi":{"code":"NZD","numeric":554,"native":"New Zealand Dollar","localized":"New Zealand Dollar"},"mk":{"code":"MKD","numeric":807,"native":"Macedonian Denar","localized":"Macedonian Denar"},"ml":{"code":"INR","numeric":356,"native":"Indian Rupee","localized":"Indian Rupee"},"mn":{"code":"MNT","numeric":496,"native":"Mongolian Tugrik","localized":"Mongolian Tugrik"},"mni_Mtei":{"code":"INR","numeric":356,"native":"Indian Rupee","localized":"Indian Rupee"},"mr":{"code":"INR","numeric":356,"native":"Indian Rupee","localized":"Indian Rupee"},"ms":{"code":"MYR","numeric":458,"native":"Malaysian Ringgit","localized":"Malaysian Ringgit"},"mt":{"code":"EUR","numeric":978,"native":"Euro","localized":"Euro"},"my":{"code":"MMK","numeric":104,"native":"Myanmar Kyat","localized":"Myanmar Kyat"},"nb":{"code":"NOK","numeric":578,"native":"norske kroner","localized":"Norwegian Krone"},"ne":{"code":"NPR","numeric":524,"native":"Nepalese Rupee","localized":"Nepalese Rupee"},"nl":{"code":"EUR","numeric":978,"native":"Euro","localized":"Euro"},"nn":{"code":"NOK","numeric":578,"native":"norske kroner","localized":"Norwegian Krone"},"oc":{"code":"EUR","numeric":978,"native":"Euro","localized":"Euro"},"om":{"code":"ETB","numeric":230,"native":"Ethiopian Birr","localized":"Ethiopian Birr"},"or":{"code":"INR","numeric":356,"native":"Indian Rupee","localized":"Indian Rupee"},"pa":{"code":"INR","numeric":356,"native":"Indian Rupee","localized":"Indian Rupee"},"pl":{"code":"PLN","numeric":985,"native":"złoty polski","localized":"Polish Zloty"},"ps":{"code":"AFN","numeric":971,"native":"Afghan Afghani","localized":"Afghan Afghani"},"pt":{"code":"BRL","numeric":986,"native":"Real brasileiro","localized":"Brazilian Real"},"pt_BR":{"code":"BRL","numeric":986,"native":"Real brasileiro","localized":"Brazilian Real"},"qu":{"code":"PEN","numeric":604,"native":"Peruvian Sol","localized":"Peruvian Sol"},"ro":{"code":"RON","numeric":946,"native":"leu românesc","localized":"Romanian Leu"},"ru":{"code":"RUB","numeric":643,"native":"российский рубль","localized":"Russian Ruble"},"rw":{"code":"RWF","numeric":646,"native":"Rwandan Franc","localized":"Rwandan Franc"},"sa":{"code":"INR","numeric":356,"native":"Indian Rupee","localized":"Indian Rupee"},"sc":{"code":"EUR","numeric":978,"native":"Euro","localized":"Euro"},"sd":{"code":"PKR","numeric":586,"native":"Pakistani Rupee","localized":"Pakistani Rupee"},"si":{"code":"LKR","numeric":144,"native":"Sri Lankan Rupee","localized":"Sri Lankan Rupee"},"sk":{"code":"EUR","numeric":978,"native":"euro","localized":"Euro"},"sl":{"code":"EUR","numeric":978,"native":"evro","localized":"Euro"},"sn":{"code":"USD","numeric":840,"native":"US Dollar","localized":"US Dollar"},"so":{"code":"SOS","numeric":706,"native":"Somali Shilling","localized":"Somali Shilling"},"sq":{"code":"ALL","numeric":8,"native":"Albanian Lek","localized":"Albanian Lek"},"sr_Cyrl":{"code":"RSD","numeric":941,"native":"српски динар","localized":"Serbian Dinar"},"sr_Latn":{"code":"RSD","numeric":941,"native":"Serbian Dinar","localized":"Serbian Dinar"},"sr_Latn_ME":{"code":"EUR","numeric":978,"native":"Euro","localized":"Euro"},"su":{"code":"IDR","numeric":360,"native":"Indonesian Rupiah","localized":"Indonesian Rupiah"},"sv":{"code":"SEK","numeric":752,"native":"svensk krona","localized":"Swedish Krona"},"sw":{"code":"TZS","numeric":834,"native":"Tanzanian Shilling","localized":"Tanzanian Shilling"},"ta":{"code":"INR","numeric":356,"native":"Indian Rupee","localized":"Indian Rupee"},"te":{"code":"INR","numeric":356,"native":"Indian Rupee","localized":"Indian Rupee"},"tg":{"code":"TJS","numeric":972,"native":"Tajikistani Somoni","localized":"Tajikistani Somoni"},"th":{"code":"THB","numeric":764,"native":"บาท","localized":"Thai Baht"},"ti":{"code":"ETB","numeric":230,"native":"Ethiopian Birr","localized":"Ethiopian Birr"},"tk":{"code":"TMT","numeric":934,"native":"Turkmenistani Manat","localized":"Turkmenistani Manat"},"tl":{"code":"PHP","numeric":608,"native":"Philippine Peso","localized":"Philippine Peso"},"tr":{"code":"TRY","numeric":949,"native":"Türk Lirası","localized":"Turkish Lira"},"tt":{"code":"RUB","numeric":643,"native":"Russian Ruble","localized":"Russian Ruble"},"ug":{"code":"CNY","numeric":156,"native":"Chinese Yuan","localized":"Chinese Yuan"},"uk":{"code":"UAH","numeric":980,"native":"українська гривня","localized":"Ukrainian Hryvnia"},"ur":{"code":"PKR","numeric":586,"native":"Pakistani Rupee","localized":"Pakistani Rupee"},"uz_Cyrl":{"code":"UZS","numeric":860,"native":"Uzbekistani Som","localized":"Uzbekistani Som"},"uz_Latn":{"code":"UZS","numeric":860,"native":"Uzbekistani Som","localized":"Uzbekistani Som"},"vi":{"code":"VND","numeric":704,"native":"Đồng Việt Nam","localized":"Vietnamese Dong"},"xh":{"code":"ZAR","numeric":710,"native":"South African Rand","localized":"South African Rand"},"yi":{"code":"USD","numeric":840,"native":"","localized":""},"yo":{"code":"NGN","numeric":566,"native":"Nigerian Naira","localized":"Nigerian Naira"},"zh_CN":{"code":"CNY","numeric":156,"native":"人民币","localized":"Chinese Yuan"},"zh_HK":{"code":"HKD","numeric":344,"native":"港元","localized":"Hong Kong Dollar"},"zh_TW":{"code":"TWD","numeric":901,"native":"新台币","localized":"New Taiwan Dollar"},"zu":{"code":"ZAR","numeric":710,"native":"South African Rand","localized":"South African Rand"}}
