{"af":{"code":"ZAR","numeric":710,"native":"South African Rand","localized":"راند جنوب أفريقيا"},"ak":{"code":"GHS","numeric":936,"native":"Ghanaian Cedi","localized":"سيدي غانا"},"am":{"code":"ETB","numeric":230,"native":"Ethiopian Birr","localized":"بير أثيوبي"},"ar":{"code":"EGP","numeric":818,"native":"جنيه مصري","localized":"جنيه مصري"},"as":{"code":"INR","numeric":356,"native":"Indian Rupee","localized":"روبية هندي"},"az":{"code":"AZN","numeric":944,"native":"Azerbaijani Manat","localized":"مانات أذربيجان"},"be":{"code":"BYN","numeric":840,"native":"Belarusian Ruble","localized":"روبل بيلاروسي"},"bg":{"code":"BGN","numeric":975,"native":"Bulgarian Lev","localized":"ليف بلغاري"},"bho":{"code":"INR","numeric":356,"native":"Indian Rupee","localized":"روبية هندي"},"bm":{"code":"XOF","numeric":952,"native":"West African CFA Franc","localized":"فرنك غرب أفريقي"},"bn":{"code":"BDT","numeric":50,"native":"Bangladeshi Taka","localized":"تاكا بنغلاديشي"},"bs":{"code":"BAM","numeric":977,"native":"Bosnia-Herzegovina Convertible Mark","localized":"مارك البوسنة والهرسك قابل للتحويل"},"ca":{"code":"EUR","numeric":978,"native":"euro","localized":"يورو"},"ceb":{"code":"PHP","numeric":608,"native":"Philippine Peso","localized":"بيزو فلبيني"},"ckb":{"code":"IQD","numeric":368,"native":"Iraqi Dinar","localized":"دينار عراقي"},"cs":{"code":"CZK","numeric":203,"native":"česká koruna","localized":"كرونة تشيكية"},"cy":{"code":"GBP","numeric":826,"native":"British Pound","localized":"جنيه إسترليني"},"da":{"code":"DKK","numeric":208,"native":"dansk krone","localized":"كرونة دنماركية"},"de":{"code":"EUR","numeric":978,"native":"Euro","localized":"يورو"},"de_AT":{"code":"EUR","numeric":978,"native":"Euro","localized":"يورو"},"de_CH":{"code":"CHF","numeric":756,"native":"Schweizer Franken","localized":"فرنك سويسري"},"doi":{"code":"INR","numeric":356,"native":"Indian Rupee","localized":"روبية هندي"},"ee":{"code":"GHS","numeric":936,"native":"Ghanaian Cedi","localized":"سيدي غانا"},"el":{"code":"EUR","numeric":978,"native":"Ευρώ","localized":"يورو"},"en":{"code":"USD","numeric":840,"native":"US Dollar","localized":"دولار أمريكي"},"en_CA":{"code":"CAD","numeric":124,"native":"Canadian Dollar","localized":"دولار كندي"},"eo":{"code":"USD","numeric":840,"native":"","localized":""},"es":{"code":"EUR","numeric":978,"native":"euro","localized":"يورو"},"et":{"code":"EUR","numeric":978,"native":"Euro","localized":"يورو"},"eu":{"code":"EUR","numeric":978,"native":"Euro","localized":"يورو"},"fa":{"code":"IRR","numeric":364,"native":"Iranian Rial","localized":"ريال إيراني"},"fi":{"code":"EUR","numeric":978,"native":"euro","localized":"يورو"},"fil":{"code":"PHP","numeric":608,"native":"Philippine Peso","localized":"بيزو فلبيني"},"fr":{"code":"EUR","numeric":978,"native":"euro","localized":"يورو"},"fy":{"code":"EUR","numeric":978,"native":"Euro","localized":"يورو"},"ga":{"code":"EUR","numeric":978,"native":"Euro","localized":"يورو"},"gd":{"code":"GBP","numeric":826,"native":"British Pound","localized":"جنيه إسترليني"},"gl":{"code":"EUR","numeric":978,"native":"Euro","localized":"يورو"},"gu":{"code":"INR","numeric":356,"native":"Indian Rupee","localized":"روبية هندي"},"ha":{"code":"NGN","numeric":566,"native":"Nigerian Naira","localized":"نايرا نيجيري"},"haw":{"code":"USD","numeric":840,"native":"US Dollar","localized":"دولار أمريكي"},"he":{"code":"ILS","numeric":376,"native":"שקל חדש","localized":"شيكل إسرائيلي جديد"},"hi":{"code":"INR","numeric":356,"native":"भारतीय रुपया","localized":"روبية هندي"},"hr":{"code":"EUR","numeric":978,"native":"euro","localized":"يورو"},"ht":{"code":"HTG","numeric":332,"native":"gourde haïtienne","localized":"جوردى هايتي"},"hu":{"code":"HUF","numeric":348,"native":"magyar forint","localized":"فورينت هنغاري"},"hy":{"code":"AMD","numeric":51,"native":"Armenian Dram","localized":"درام أرميني"},"id":{"code":"IDR","numeric":360,"native":"Indonesian Rupiah","localized":"روبية إندونيسية"},"ig":{"code":"NGN","numeric":566,"native":"Nigerian Naira","localized":"نايرا نيجيري"},"is":{"code":"ISK","numeric":352,"native":"Icelandic Króna","localized":"كرونة أيسلندية"},"it":{"code":"EUR","numeric":978,"native":"euro","localized":"يورو"},"ja":{"code":"JPY","numeric":392,"native":"日本円","localized":"ين ياباني"},"ka":{"code":"GEL","numeric":981,"native":"Georgian Lari","localized":"لارى جورجي"},"kk":{"code":"KZT","numeric":398,"native":"Kazakhstani Tenge","localized":"تينغ كازاخستاني"},"km":{"code":"KHR","numeric":116,"native":"Cambodian Riel","localized":"رييال كمبودي"},"kn":{"code":"INR","numeric":356,"native":"Indian Rupee","localized":"روبية هندي"},"ko":{"code":"KRW","numeric":410,"native":"대한민국 원","localized":"وون كوريا الجنوبية"},"ku":{"code":"TRY","numeric":949,"native":"Turkish Lira","localized":"ليرة تركية"},"ky":{"code":"KGS","numeric":417,"native":"Kyrgystani Som","localized":"سوم قيرغستاني"},"lb":{"code":"EUR","numeric":978,"native":"Euro","localized":"يورو"},"lg":{"code":"UGX","numeric":800,"native":"Ugandan Shilling","localized":"شلن أوغندي"},"ln":{"code":"CDF","numeric":976,"native":"Congolese Franc","localized":"فرنك كونغولي"},"lo":{"code":"LAK","numeric":418,"native":"Laotian Kip","localized":"كيب لاوسي"},"lt":{"code":"EUR","numeric":978,"native":"Euro","localized":"يورو"},"lv":{"code":"EUR","numeric":978,"native":"Euro","localized":"يورو"},"mai":{"code":"INR","numeric":356,"native":"Indian Rupee","localized":"روبية هندي"},"mg":{"code":"MGA","numeric":969,"native":"Malagasy Ariary","localized":"أرياري مدغشقر"},"mi":{"code":"NZD","numeric":554,"native":"New Zealand Dollar","localized":"دولار نيوزيلندي"},"mk":{"code":"MKD","numeric":807,"native":"Macedonian Denar","localized":"دينار مقدوني"},"ml":{"code":"INR","numeric":356,"native":"Indian Rupee","localized":"روبية هندي"},"mn":{"code":"MNT","numeric":496,"native":"Mongolian Tugrik","localized":"توغروغ منغولي"},"mni_Mtei":{"code":"INR","numeric":356,"native":"Indian Rupee","localized":"روبية هندي"},"mr":{"code":"INR","numeric":356,"native":"Indian Rupee","localized":"روبية هندي"},"ms":{"code":"MYR","numeric":458,"native":"Malaysian Ringgit","localized":"رينغيت ماليزي"},"mt":{"code":"EUR","numeric":978,"native":"Euro","localized":"يورو"},"my":{"code":"MMK","numeric":104,"native":"Myanmar Kyat","localized":"كيات ميانمار"},"nb":{"code":"NOK","numeric":578,"native":"norske kroner","localized":"كرونة نرويجية"},"ne":{"code":"NPR","numeric":524,"native":"Nepalese Rupee","localized":"روبية نيبالي"},"nl":{"code":"EUR","numeric":978,"native":"Euro","localized":"يورو"},"nn":{"code":"NOK","numeric":578,"native":"norske kroner","localized":"كرونة نرويجية"},"oc":{"code":"EUR","numeric":978,"native":"Euro","localized":"يورو"},"om":{"code":"ETB","numeric":230,"native":"Ethiopian Birr","localized":"بير أثيوبي"},"or":{"code":"INR","numeric":356,"native":"Indian Rupee","localized":"روبية هندي"},"pa":{"code":"INR","numeric":356,"native":"Indian Rupee","localized":"روبية هندي"},"pl":{"code":"PLN","numeric":985,"native":"złoty polski","localized":"زلوتي بولندي"},"ps":{"code":"AFN","numeric":971,"native":"Afghan Afghani","localized":"أفغاني"},"pt":{"code":"BRL","numeric":986,"native":"Real brasileiro","localized":"ريال برازيلي"},"pt_BR":{"code":"BRL","numeric":986,"native":"Real brasileiro","localized":"ريال برازيلي"},"qu":{"code":"PEN","numeric":604,"native":"Peruvian Sol","localized":"سول بيروفي"},"ro":{"code":"RON","numeric":946,"native":"leu românesc","localized":"ليو روماني"},"ru":{"code":"RUB","numeric":643,"native":"российский рубль","localized":"روبل روسي"},"rw":{"code":"RWF","numeric":646,"native":"Rwandan Franc","localized":"فرنك رواندي"},"sa":{"code":"INR","numeric":356,"native":"Indian Rupee","localized":"روبية هندي"},"sc":{"code":"EUR","numeric":978,"native":"Euro","localized":"يورو"},"sd":{"code":"PKR","numeric":586,"native":"Pakistani Rupee","localized":"روبية باكستاني"},"si":{"code":"LKR","numeric":144,"native":"Sri Lankan Rupee","localized":"روبية سريلانكية"},"sk":{"code":"EUR","numeric":978,"native":"euro","localized":"يورو"},"sl":{"code":"EUR","numeric":978,"native":"evro","localized":"يورو"},"sn":{"code":"USD","numeric":840,"native":"US Dollar","localized":"دولار أمريكي"},"so":{"code":"SOS","numeric":706,"native":"Somali Shilling","localized":"شلن صومالي"},"sq":{"code":"ALL","numeric":8,"native":"Albanian Lek","localized":"ليك ألباني"},"sr_Cyrl":{"code":"RSD","numeric":941,"native":"српски динар","localized":"دينار صربي"},"sr_Latn":{"code":"RSD","numeric":941,"native":"Serbian Dinar","localized":"دينار صربي"},"sr_Latn_ME":{"code":"EUR","numeric":978,"native":"Euro","localized":"يورو"},"su":{"code":"IDR","numeric":360,"native":"Indonesian Rupiah","localized":"روبية إندونيسية"},"sv":{"code":"SEK","numeric":752,"native":"svensk krona","localized":"كرونة سويدية"},"sw":{"code":"TZS","numeric":834,"native":"Tanzanian Shilling","localized":"شلن تنزاني"},"ta":{"code":"INR","numeric":356,"native":"Indian Rupee","localized":"روبية هندي"},"te":{"code":"INR","numeric":356,"native":"Indian Rupee","localized":"روبية هندي"},"tg":{"code":"TJS","numeric":972,"native":"Tajikistani Somoni","localized":"سوموني طاجيكستاني"},"th":{"code":"THB","numeric":764,"native":"บาท","localized":"باخت تايلاندي"},"ti":{"code":"ETB","numeric":230,"native":"Ethiopian Birr","localized":"بير أثيوبي"},"tk":{"code":"TMT","numeric":934,"native":"Turkmenistani Manat","localized":"مانات تركمانستان"},"tl":{"code":"PHP","numeric":608,"native":"Philippine Peso","localized":"بيزو فلبيني"},"tr":{"code":"TRY","numeric":949,"native":"Türk Lirası","localized":"ليرة تركية"},"tt":{"code":"RUB","numeric":643,"native":"Russian Ruble","localized":"روبل روسي"},"ug":{"code":"CNY","numeric":156,"native":"Chinese Yuan","localized":"يوان صيني"},"uk":{"code":"UAH","numeric":980,"native":"українська гривня","localized":"هريفنيا أوكراني"},"ur":{"code":"PKR","numeric":586,"native":"Pakistani Rupee","localized":"روبية باكستاني"},"uz_Cyrl":{"code":"UZS","numeric":860,"native":"Uzbekistani Som","localized":"سوم أوزبكستاني"},"uz_Latn":{"code":"UZS","numeric":860,"native":"Uzbekistani Som","localized":"سوم أوزبكستاني"},"vi":{"code":"VND","numeric":704,"native":"Đồng Việt Nam","localized":"دونج فيتنامي"},"xh":{"code":"ZAR","numeric":710,"native":"South African Rand","localized":"راند جنوب أفريقيا"},"yi":{"code":"USD","numeric":840,"native":"","localized":""},"yo":{"code":"NGN","numeric":566,"native":"Nigerian Naira","localized":"نايرا نيجيري"},"zh_CN":{"code":"CNY","numeric":156,"native":"人民币","localized":"يوان صيني"},"zh_HK":{"code":"HKD","numeric":344,"native":"港元","localized":"دولار هونغ كونغ"},"zh_TW":{"code":"TWD","numeric":901,"native":"新台币","localized":"دولار تايواني"},"zu":{"code":"ZAR","numeric":710,"native":"South African Rand","localized":"راند جنوب أفريقيا"}}
