{"af":{"code":"ZAR","numeric":710,"native":"South African Rand","localized":"rand sud-africà"},"ak":{"code":"GHS","numeric":936,"native":"Ghanaian Cedi","localized":"cedi ghanès"},"am":{"code":"ETB","numeric":230,"native":"Ethiopian Birr","localized":"birr etíop"},"ar":{"code":"EGP","numeric":818,"native":"جنيه مصري","localized":"lliura egípcia"},"as":{"code":"INR","numeric":356,"native":"Indian Rupee","localized":"rupia índia"},"az":{"code":"AZN","numeric":944,"native":"Azerbaijani Manat","localized":"manat azerbaidjanès"},"be":{"code":"BYN","numeric":840,"native":"Belarusian Ruble","localized":"ruble bielorús"},"bg":{"code":"BGN","numeric":975,"native":"Bulgarian Lev","localized":"lev"},"bho":{"code":"INR","numeric":356,"native":"Indian Rupee","localized":"rupia índia"},"bm":{"code":"XOF","numeric":952,"native":"West African CFA Franc","localized":"franc CFA BCEAO"},"bn":{"code":"BDT","numeric":50,"native":"Bangladeshi Taka","localized":"taka"},"bs":{"code":"BAM","numeric":977,"native":"Bosnia-Herzegovina Convertible Mark","localized":"marc convertible de Bòsnia i Hercegovina"},"ca":{"code":"EUR","numeric":978,"native":"euro","localized":"euro"},"ceb":{"code":"PHP","numeric":608,"native":"Philippine Peso","localized":"peso filipí"},"ckb":{"code":"IQD","numeric":368,"native":"Iraqi Dinar","localized":"dinar iraquià"},"cs":{"code":"CZK","numeric":203,"native":"česká koruna","localized":"corona txeca"},"cy":{"code":"GBP","numeric":826,"native":"British Pound","localized":"lliura esterlina"},"da":{"code":"DKK","numeric":208,"native":"dansk krone","localized":"corona danesa"},"de":{"code":"EUR","numeric":978,"native":"Euro","localized":"euro"},"de_AT":{"code":"EUR","numeric":978,"native":"Euro","localized":"euro"},"de_CH":{"code":"CHF","numeric":756,"native":"Schweizer Franken","localized":"franc suís"},"doi":{"code":"INR","numeric":356,"native":"Indian Rupee","localized":"rupia índia"},"ee":{"code":"GHS","numeric":936,"native":"Ghanaian Cedi","localized":"cedi ghanès"},"el":{"code":"EUR","numeric":978,"native":"Ευρώ","localized":"euro"},"en":{"code":"USD","numeric":840,"native":"US Dollar","localized":"dòlar dels Estats Units"},"en_CA":{"code":"CAD","numeric":124,"native":"Canadian Dollar","localized":"dòlar canadenc"},"eo":{"code":"USD","numeric":840,"native":"","localized":""},"es":{"code":"EUR","numeric":978,"native":"euro","localized":"euro"},"et":{"code":"EUR","numeric":978,"native":"Euro","localized":"euro"},"eu":{"code":"EUR","numeric":978,"native":"Euro","localized":"euro"},"fa":{"code":"IRR","numeric":364,"native":"Iranian Rial","localized":"rial iranià"},"fi":{"code":"EUR","numeric":978,"native":"euro","localized":"euro"},"fil":{"code":"PHP","numeric":608,"native":"Philippine Peso","localized":"peso filipí"},"fr":{"code":"EUR","numeric":978,"native":"euro","localized":"euro"},"fy":{"code":"EUR","numeric":978,"native":"Euro","localized":"euro"},"ga":{"code":"EUR","numeric":978,"native":"Euro","localized":"euro"},"gd":{"code":"GBP","numeric":826,"native":"British Pound","localized":"lliura esterlina"},"gl":{"code":"EUR","numeric":978,"native":"Euro","localized":"euro"},"gu":{"code":"INR","numeric":356,"native":"Indian Rupee","localized":"rupia índia"},"ha":{"code":"NGN","numeric":566,"native":"Nigerian Naira","localized":"naira nigerià"},"haw":{"code":"USD","numeric":840,"native":"US Dollar","localized":"dòlar dels Estats Units"},"he":{"code":"ILS","numeric":376,"native":"שקל חדש","localized":"nou xéquel israelià"},"hi":{"code":"INR","numeric":356,"native":"भारतीय रुपया","localized":"rupia índia"},"hr":{"code":"EUR","numeric":978,"native":"euro","localized":"euro"},"ht":{"code":"HTG","numeric":332,"native":"gourde haïtienne","localized":"gourde"},"hu":{"code":"HUF","numeric":348,"native":"magyar forint","localized":"fòrint"},"hy":{"code":"AMD","numeric":51,"native":"Armenian Dram","localized":"dram"},"id":{"code":"IDR","numeric":360,"native":"Indonesian Rupiah","localized":"rupia indonèsia"},"ig":{"code":"NGN","numeric":566,"native":"Nigerian Naira","localized":"naira nigerià"},"is":{"code":"ISK","numeric":352,"native":"Icelandic Króna","localized":"corona islandesa"},"it":{"code":"EUR","numeric":978,"native":"euro","localized":"euro"},"ja":{"code":"JPY","numeric":392,"native":"日本円","localized":"ien"},"ka":{"code":"GEL","numeric":981,"native":"Georgian Lari","localized":"lari"},"kk":{"code":"KZT","numeric":398,"native":"Kazakhstani Tenge","localized":"tenge"},"km":{"code":"KHR","numeric":116,"native":"Cambodian Riel","localized":"riel cambodjà"},"kn":{"code":"INR","numeric":356,"native":"Indian Rupee","localized":"rupia índia"},"ko":{"code":"KRW","numeric":410,"native":"대한민국 원","localized":"won sud-coreà"},"ku":{"code":"TRY","numeric":949,"native":"Turkish Lira","localized":"lira turca"},"ky":{"code":"KGS","numeric":417,"native":"Kyrgystani Som","localized":"som kirguís"},"lb":{"code":"EUR","numeric":978,"native":"Euro","localized":"euro"},"lg":{"code":"UGX","numeric":800,"native":"Ugandan Shilling","localized":"xíling ugandès"},"ln":{"code":"CDF","numeric":976,"native":"Congolese Franc","localized":"franc congolès"},"lo":{"code":"LAK","numeric":418,"native":"Laotian Kip","localized":"kip laosià"},"lt":{"code":"EUR","numeric":978,"native":"Euro","localized":"euro"},"lv":{"code":"EUR","numeric":978,"native":"Euro","localized":"euro"},"mai":{"code":"INR","numeric":356,"native":"Indian Rupee","localized":"rupia índia"},"mg":{"code":"MGA","numeric":969,"native":"Malagasy Ariary","localized":"ariary malgaix"},"mi":{"code":"NZD","numeric":554,"native":"New Zealand Dollar","localized":"dòlar neozelandès"},"mk":{"code":"MKD","numeric":807,"native":"Macedonian Denar","localized":"dinar macedoni"},"ml":{"code":"INR","numeric":356,"native":"Indian Rupee","localized":"rupia índia"},"mn":{"code":"MNT","numeric":496,"native":"Mongolian Tugrik","localized":"tögrög mongol"},"mni_Mtei":{"code":"INR","numeric":356,"native":"Indian Rupee","localized":"rupia índia"},"mr":{"code":"INR","numeric":356,"native":"Indian Rupee","localized":"rupia índia"},"ms":{"code":"MYR","numeric":458,"native":"Malaysian Ringgit","localized":"ringgit"},"mt":{"code":"EUR","numeric":978,"native":"Euro","localized":"euro"},"my":{"code":"MMK","numeric":104,"native":"Myanmar Kyat","localized":"kyat de Myanmar"},"nb":{"code":"NOK","numeric":578,"native":"norske kroner","localized":"corona noruega"},"ne":{"code":"NPR","numeric":524,"native":"Nepalese Rupee","localized":"rupia nepalesa"},"nl":{"code":"EUR","numeric":978,"native":"Euro","localized":"euro"},"nn":{"code":"NOK","numeric":578,"native":"norske kroner","localized":"corona noruega"},"oc":{"code":"EUR","numeric":978,"native":"Euro","localized":"euro"},"om":{"code":"ETB","numeric":230,"native":"Ethiopian Birr","localized":"birr etíop"},"or":{"code":"INR","numeric":356,"native":"Indian Rupee","localized":"rupia índia"},"pa":{"code":"INR","numeric":356,"native":"Indian Rupee","localized":"rupia índia"},"pl":{"code":"PLN","numeric":985,"native":"złoty polski","localized":"zloty"},"ps":{"code":"AFN","numeric":971,"native":"Afghan Afghani","localized":"afgani afganès"},"pt":{"code":"BRL","numeric":986,"native":"Real brasileiro","localized":"real brasiler"},"pt_BR":{"code":"BRL","numeric":986,"native":"Real brasileiro","localized":"real brasiler"},"qu":{"code":"PEN","numeric":604,"native":"Peruvian Sol","localized":"sol"},"ro":{"code":"RON","numeric":946,"native":"leu românesc","localized":"leu romanès"},"ru":{"code":"RUB","numeric":643,"native":"российский рубль","localized":"ruble"},"rw":{"code":"RWF","numeric":646,"native":"Rwandan Franc","localized":"franc de Ruanda"},"sa":{"code":"INR","numeric":356,"native":"Indian Rupee","localized":"rupia índia"},"sc":{"code":"EUR","numeric":978,"native":"Euro","localized":"euro"},"sd":{"code":"PKR","numeric":586,"native":"Pakistani Rupee","localized":"rupia pakistanesa"},"si":{"code":"LKR","numeric":144,"native":"Sri Lankan Rupee","localized":"rupia de Sri Lanka"},"sk":{"code":"EUR","numeric":978,"native":"euro","localized":"euro"},"sl":{"code":"EUR","numeric":978,"native":"evro","localized":"euro"},"sn":{"code":"USD","numeric":840,"native":"US Dollar","localized":"dòlar dels Estats Units"},"so":{"code":"SOS","numeric":706,"native":"Somali Shilling","localized":"xíling somali"},"sq":{"code":"ALL","numeric":8,"native":"Albanian Lek","localized":"lek"},"sr_Cyrl":{"code":"RSD","numeric":941,"native":"српски динар","localized":"dinar serbi"},"sr_Latn":{"code":"RSD","numeric":941,"native":"Serbian Dinar","localized":"dinar serbi"},"sr_Latn_ME":{"code":"EUR","numeric":978,"native":"Euro","localized":"euro"},"su":{"code":"IDR","numeric":360,"native":"Indonesian Rupiah","localized":"rupia indonèsia"},"sv":{"code":"SEK","numeric":752,"native":"svensk krona","localized":"corona sueca"},"sw":{"code":"TZS","numeric":834,"native":"Tanzanian Shilling","localized":"xíling tanzà"},"ta":{"code":"INR","numeric":356,"native":"Indian Rupee","localized":"rupia índia"},"te":{"code":"INR","numeric":356,"native":"Indian Rupee","localized":"rupia índia"},"tg":{"code":"TJS","numeric":972,"native":"Tajikistani Somoni","localized":"somoni tadjik"},"th":{"code":"THB","numeric":764,"native":"บาท","localized":"baht"},"ti":{"code":"ETB","numeric":230,"native":"Ethiopian Birr","localized":"birr etíop"},"tk":{"code":"TMT","numeric":934,"native":"Turkmenistani Manat","localized":"manat turcman"},"tl":{"code":"PHP","numeric":608,"native":"Philippine Peso","localized":"peso filipí"},"tr":{"code":"TRY","numeric":949,"native":"Türk Lirası","localized":"lira turca"},"tt":{"code":"RUB","numeric":643,"native":"Russian Ruble","localized":"ruble"},"ug":{"code":"CNY","numeric":156,"native":"Chinese Yuan","localized":"iuan"},"uk":{"code":"UAH","numeric":980,"native":"українська гривня","localized":"hrívnia"},"ur":{"code":"PKR","numeric":586,"native":"Pakistani Rupee","localized":"rupia pakistanesa"},"uz_Cyrl":{"code":"UZS","numeric":860,"native":"Uzbekistani Som","localized":"som uzbek"},"uz_Latn":{"code":"UZS","numeric":860,"native":"Uzbekistani Som","localized":"som uzbek"},"vi":{"code":"VND","numeric":704,"native":"Đồng Việt Nam","localized":"dong vietnamita"},"xh":{"code":"ZAR","numeric":710,"native":"South African Rand","localized":"rand sud-africà"},"yi":{"code":"USD","numeric":840,"native":"","localized":""},"yo":{"code":"NGN","numeric":566,"native":"Nigerian Naira","localized":"naira nigerià"},"zh_CN":{"code":"CNY","numeric":156,"native":"人民币","localized":"iuan"},"zh_HK":{"code":"HKD","numeric":344,"native":"港元","localized":"dòlar de Hong Kong"},"zh_TW":{"code":"TWD","numeric":901,"native":"新台币","localized":"nou dòlar de Taiwan"},"zu":{"code":"ZAR","numeric":710,"native":"South African Rand","localized":"rand sud-africà"}}
