{"af":{"code":"ZAR","numeric":710,"native":"South African Rand","localized":"jihoafrický rand"},"ak":{"code":"GHS","numeric":936,"native":"Ghanaian Cedi","localized":"ghanský cedi"},"am":{"code":"ETB","numeric":230,"native":"Ethiopian Birr","localized":"etiopský birr"},"ar":{"code":"EGP","numeric":818,"native":"جنيه مصري","localized":"egyptská libra"},"as":{"code":"INR","numeric":356,"native":"Indian Rupee","localized":"indická rupie"},"az":{"code":"AZN","numeric":944,"native":"Azerbaijani Manat","localized":"ázerbájdžánský manat"},"be":{"code":"BYN","numeric":840,"native":"Belarusian Ruble","localized":"běloruský rubl"},"bg":{"code":"BGN","numeric":975,"native":"Bulgarian Lev","localized":"bulharský leva"},"bho":{"code":"INR","numeric":356,"native":"Indian Rupee","localized":"indická rupie"},"bm":{"code":"XOF","numeric":952,"native":"West African CFA Franc","localized":"CFA/BCEAO frank"},"bn":{"code":"BDT","numeric":50,"native":"Bangladeshi Taka","localized":"bangladéšská taka"},"bs":{"code":"BAM","numeric":977,"native":"Bosnia-Herzegovina Convertible Mark","localized":"bosenská konvertibilní marka"},"ca":{"code":"EUR","numeric":978,"native":"euro","localized":"euro"},"ceb":{"code":"PHP","numeric":608,"native":"Philippine Peso","localized":"filipínské peso"},"ckb":{"code":"IQD","numeric":368,"native":"Iraqi Dinar","localized":"irácký dinár"},"cs":{"code":"CZK","numeric":203,"native":"česká koruna","localized":"česká koruna"},"cy":{"code":"GBP","numeric":826,"native":"British Pound","localized":"britská libra"},"da":{"code":"DKK","numeric":208,"native":"dansk krone","localized":"dánská koruna"},"de":{"code":"EUR","numeric":978,"native":"Euro","localized":"euro"},"de_AT":{"code":"EUR","numeric":978,"native":"Euro","localized":"euro"},"de_CH":{"code":"CHF","numeric":756,"native":"Schweizer Franken","localized":"švýcarský frank"},"doi":{"code":"INR","numeric":356,"native":"Indian Rupee","localized":"indická rupie"},"ee":{"code":"GHS","numeric":936,"native":"Ghanaian Cedi","localized":"ghanský cedi"},"el":{"code":"EUR","numeric":978,"native":"Ευρώ","localized":"euro"},"en":{"code":"USD","numeric":840,"native":"US Dollar","localized":"americký dolar"},"en_CA":{"code":"CAD","numeric":124,"native":"Canadian Dollar","localized":"kanadský dolar"},"eo":{"code":"USD","numeric":840,"native":"","localized":""},"es":{"code":"EUR","numeric":978,"native":"euro","localized":"euro"},"et":{"code":"EUR","numeric":978,"native":"Euro","localized":"euro"},"eu":{"code":"EUR","numeric":978,"native":"Euro","localized":"euro"},"fa":{"code":"IRR","numeric":364,"native":"Iranian Rial","localized":"íránský rijál"},"fi":{"code":"EUR","numeric":978,"native":"euro","localized":"euro"},"fil":{"code":"PHP","numeric":608,"native":"Philippine Peso","localized":"filipínské peso"},"fr":{"code":"EUR","numeric":978,"native":"euro","localized":"euro"},"fy":{"code":"EUR","numeric":978,"native":"Euro","localized":"euro"},"ga":{"code":"EUR","numeric":978,"native":"Euro","localized":"euro"},"gd":{"code":"GBP","numeric":826,"native":"British Pound","localized":"britská libra"},"gl":{"code":"EUR","numeric":978,"native":"Euro","localized":"euro"},"gu":{"code":"INR","numeric":356,"native":"Indian Rupee","localized":"indická rupie"},"ha":{"code":"NGN","numeric":566,"native":"Nigerian Naira","localized":"nigerijská naira"},"haw":{"code":"USD","numeric":840,"native":"US Dollar","localized":"americký dolar"},"he":{"code":"ILS","numeric":376,"native":"שקל חדש","localized":"izraelský nový šekel"},"hi":{"code":"INR","numeric":356,"native":"भारतीय रुपया","localized":"indická rupie"},"hr":{"code":"EUR","numeric":978,"native":"euro","localized":"euro"},"ht":{"code":"HTG","numeric":332,"native":"gourde haïtienne","localized":"haitský gourde"},"hu":{"code":"HUF","numeric":348,"native":"magyar forint","localized":"maďarský forint"},"hy":{"code":"AMD","numeric":51,"native":"Armenian Dram","localized":"arménský dram"},"id":{"code":"IDR","numeric":360,"native":"Indonesian Rupiah","localized":"indonéská rupie"},"ig":{"code":"NGN","numeric":566,"native":"Nigerian Naira","localized":"nigerijská naira"},"is":{"code":"ISK","numeric":352,"native":"Icelandic Króna","localized":"islandská koruna"},"it":{"code":"EUR","numeric":978,"native":"euro","localized":"euro"},"ja":{"code":"JPY","numeric":392,"native":"日本円","localized":"japonský jen"},"ka":{"code":"GEL","numeric":981,"native":"Georgian Lari","localized":"gruzínské lari"},"kk":{"code":"KZT","numeric":398,"native":"Kazakhstani Tenge","localized":"kazašské tenge"},"km":{"code":"KHR","numeric":116,"native":"Cambodian Riel","localized":"kambodžský riel"},"kn":{"code":"INR","numeric":356,"native":"Indian Rupee","localized":"indická rupie"},"ko":{"code":"KRW","numeric":410,"native":"대한민국 원","localized":"jihokorejský won"},"ku":{"code":"TRY","numeric":949,"native":"Turkish Lira","localized":"turecká lira"},"ky":{"code":"KGS","numeric":417,"native":"Kyrgystani Som","localized":"kyrgyzský som"},"lb":{"code":"EUR","numeric":978,"native":"Euro","localized":"euro"},"lg":{"code":"UGX","numeric":800,"native":"Ugandan Shilling","localized":"ugandský šilink"},"ln":{"code":"CDF","numeric":976,"native":"Congolese Franc","localized":"konžský frank"},"lo":{"code":"LAK","numeric":418,"native":"Laotian Kip","localized":"laoský kip"},"lt":{"code":"EUR","numeric":978,"native":"Euro","localized":"euro"},"lv":{"code":"EUR","numeric":978,"native":"Euro","localized":"euro"},"mai":{"code":"INR","numeric":356,"native":"Indian Rupee","localized":"indická rupie"},"mg":{"code":"MGA","numeric":969,"native":"Malagasy Ariary","localized":"madagaskarský ariary"},"mi":{"code":"NZD","numeric":554,"native":"New Zealand Dollar","localized":"novozélandský dolar"},"mk":{"code":"MKD","numeric":807,"native":"Macedonian Denar","localized":"makedonský denár"},"ml":{"code":"INR","numeric":356,"native":"Indian Rupee","localized":"indická rupie"},"mn":{"code":"MNT","numeric":496,"native":"Mongolian Tugrik","localized":"mongolský tugrik"},"mni_Mtei":{"code":"INR","numeric":356,"native":"Indian Rupee","localized":"indická rupie"},"mr":{"code":"INR","numeric":356,"native":"Indian Rupee","localized":"indická rupie"},"ms":{"code":"MYR","numeric":458,"native":"Malaysian Ringgit","localized":"malajsijský ringgit"},"mt":{"code":"EUR","numeric":978,"native":"Euro","localized":"euro"},"my":{"code":"MMK","numeric":104,"native":"Myanmar Kyat","localized":"myanmarský kyat"},"nb":{"code":"NOK","numeric":578,"native":"norske kroner","localized":"norská koruna"},"ne":{"code":"NPR","numeric":524,"native":"Nepalese Rupee","localized":"nepálská rupie"},"nl":{"code":"EUR","numeric":978,"native":"Euro","localized":"euro"},"nn":{"code":"NOK","numeric":578,"native":"norske kroner","localized":"norská koruna"},"oc":{"code":"EUR","numeric":978,"native":"Euro","localized":"euro"},"om":{"code":"ETB","numeric":230,"native":"Ethiopian Birr","localized":"etiopský birr"},"or":{"code":"INR","numeric":356,"native":"Indian Rupee","localized":"indická rupie"},"pa":{"code":"INR","numeric":356,"native":"Indian Rupee","localized":"indická rupie"},"pl":{"code":"PLN","numeric":985,"native":"złoty polski","localized":"polský zlotý"},"ps":{"code":"AFN","numeric":971,"native":"Afghan Afghani","localized":"afghánský afghán"},"pt":{"code":"BRL","numeric":986,"native":"Real brasileiro","localized":"brazilský real"},"pt_BR":{"code":"BRL","numeric":986,"native":"Real brasileiro","localized":"brazilský real"},"qu":{"code":"PEN","numeric":604,"native":"Peruvian Sol","localized":"peruánský sol"},"ro":{"code":"RON","numeric":946,"native":"leu românesc","localized":"rumunský leu"},"ru":{"code":"RUB","numeric":643,"native":"российский рубль","localized":"ruský rubl"},"rw":{"code":"RWF","numeric":646,"native":"Rwandan Franc","localized":"rwandský frank"},"sa":{"code":"INR","numeric":356,"native":"Indian Rupee","localized":"indická rupie"},"sc":{"code":"EUR","numeric":978,"native":"Euro","localized":"euro"},"sd":{"code":"PKR","numeric":586,"native":"Pakistani Rupee","localized":"pákistánská rupie"},"si":{"code":"LKR","numeric":144,"native":"Sri Lankan Rupee","localized":"srílanská rupie"},"sk":{"code":"EUR","numeric":978,"native":"euro","localized":"euro"},"sl":{"code":"EUR","numeric":978,"native":"evro","localized":"euro"},"sn":{"code":"USD","numeric":840,"native":"US Dollar","localized":"americký dolar"},"so":{"code":"SOS","numeric":706,"native":"Somali Shilling","localized":"somálský šilink"},"sq":{"code":"ALL","numeric":8,"native":"Albanian Lek","localized":"albánský lek"},"sr_Cyrl":{"code":"RSD","numeric":941,"native":"српски динар","localized":"srbský dinár"},"sr_Latn":{"code":"RSD","numeric":941,"native":"Serbian Dinar","localized":"srbský dinár"},"sr_Latn_ME":{"code":"EUR","numeric":978,"native":"Euro","localized":"euro"},"su":{"code":"IDR","numeric":360,"native":"Indonesian Rupiah","localized":"indonéská rupie"},"sv":{"code":"SEK","numeric":752,"native":"svensk krona","localized":"švédská koruna"},"sw":{"code":"TZS","numeric":834,"native":"Tanzanian Shilling","localized":"tanzanský šilink"},"ta":{"code":"INR","numeric":356,"native":"Indian Rupee","localized":"indická rupie"},"te":{"code":"INR","numeric":356,"native":"Indian Rupee","localized":"indická rupie"},"tg":{"code":"TJS","numeric":972,"native":"Tajikistani Somoni","localized":"tádžické somoni"},"th":{"code":"THB","numeric":764,"native":"บาท","localized":"thajský baht"},"ti":{"code":"ETB","numeric":230,"native":"Ethiopian Birr","localized":"etiopský birr"},"tk":{"code":"TMT","numeric":934,"native":"Turkmenistani Manat","localized":"turkmenský manat"},"tl":{"code":"PHP","numeric":608,"native":"Philippine Peso","localized":"filipínské peso"},"tr":{"code":"TRY","numeric":949,"native":"Türk Lirası","localized":"turecká lira"},"tt":{"code":"RUB","numeric":643,"native":"Russian Ruble","localized":"ruský rubl"},"ug":{"code":"CNY","numeric":156,"native":"Chinese Yuan","localized":"čínský jüan"},"uk":{"code":"UAH","numeric":980,"native":"українська гривня","localized":"ukrajinská hřivna"},"ur":{"code":"PKR","numeric":586,"native":"Pakistani Rupee","localized":"pákistánská rupie"},"uz_Cyrl":{"code":"UZS","numeric":860,"native":"Uzbekistani Som","localized":"uzbecký sum"},"uz_Latn":{"code":"UZS","numeric":860,"native":"Uzbekistani Som","localized":"uzbecký sum"},"vi":{"code":"VND","numeric":704,"native":"Đồng Việt Nam","localized":"vietnamský dong"},"xh":{"code":"ZAR","numeric":710,"native":"South African Rand","localized":"jihoafrický rand"},"yi":{"code":"USD","numeric":840,"native":"","localized":""},"yo":{"code":"NGN","numeric":566,"native":"Nigerian Naira","localized":"nigerijská naira"},"zh_CN":{"code":"CNY","numeric":156,"native":"人民币","localized":"čínský jüan"},"zh_HK":{"code":"HKD","numeric":344,"native":"港元","localized":"hongkongský dolar"},"zh_TW":{"code":"TWD","numeric":901,"native":"新台币","localized":"tchajwanský dolar"},"zu":{"code":"ZAR","numeric":710,"native":"South African Rand","localized":"jihoafrický rand"}}
