{"af":{"code":"ZAR","numeric":710,"native":"South African Rand","localized":"sydafrikansk rand"},"ak":{"code":"GHS","numeric":936,"native":"Ghanaian Cedi","localized":"ghanesisk cedi"},"am":{"code":"ETB","numeric":230,"native":"Ethiopian Birr","localized":"etiopisk birr"},"ar":{"code":"EGP","numeric":818,"native":"جنيه مصري","localized":"egyptisk pund"},"as":{"code":"INR","numeric":356,"native":"Indian Rupee","localized":"indisk rupee"},"az":{"code":"AZN","numeric":944,"native":"Azerbaijani Manat","localized":"aserbajdsjansk manat"},"be":{"code":"BYN","numeric":840,"native":"Belarusian Ruble","localized":"hviderussisk rubel"},"bg":{"code":"BGN","numeric":975,"native":"Bulgarian Lev","localized":"bulgarsk lev"},"bho":{"code":"INR","numeric":356,"native":"Indian Rupee","localized":"indisk rupee"},"bm":{"code":"XOF","numeric":952,"native":"West African CFA Franc","localized":"CFA-franc BCEAO"},"bn":{"code":"BDT","numeric":50,"native":"Bangladeshi Taka","localized":"bangladeshisk taka"},"bs":{"code":"BAM","numeric":977,"native":"Bosnia-Herzegovina Convertible Mark","localized":"bosnien-hercegovinsk konvertibel mark"},"ca":{"code":"EUR","numeric":978,"native":"euro","localized":"euro"},"ceb":{"code":"PHP","numeric":608,"native":"Philippine Peso","localized":"filippinsk peso"},"ckb":{"code":"IQD","numeric":368,"native":"Iraqi Dinar","localized":"irakisk dinar"},"cs":{"code":"CZK","numeric":203,"native":"česká koruna","localized":"tjekkisk koruna"},"cy":{"code":"GBP","numeric":826,"native":"British Pound","localized":"britisk pund"},"da":{"code":"DKK","numeric":208,"native":"dansk krone","localized":"dansk krone"},"de":{"code":"EUR","numeric":978,"native":"Euro","localized":"euro"},"de_AT":{"code":"EUR","numeric":978,"native":"Euro","localized":"euro"},"de_CH":{"code":"CHF","numeric":756,"native":"Schweizer Franken","localized":"schweizerfranc"},"doi":{"code":"INR","numeric":356,"native":"Indian Rupee","localized":"indisk rupee"},"ee":{"code":"GHS","numeric":936,"native":"Ghanaian Cedi","localized":"ghanesisk cedi"},"el":{"code":"EUR","numeric":978,"native":"Ευρώ","localized":"euro"},"en":{"code":"USD","numeric":840,"native":"US Dollar","localized":"amerikansk dollar"},"en_CA":{"code":"CAD","numeric":124,"native":"Canadian Dollar","localized":"canadisk dollar"},"eo":{"code":"USD","numeric":840,"native":"","localized":""},"es":{"code":"EUR","numeric":978,"native":"euro","localized":"euro"},"et":{"code":"EUR","numeric":978,"native":"Euro","localized":"euro"},"eu":{"code":"EUR","numeric":978,"native":"Euro","localized":"euro"},"fa":{"code":"IRR","numeric":364,"native":"Iranian Rial","localized":"iransk rial"},"fi":{"code":"EUR","numeric":978,"native":"euro","localized":"euro"},"fil":{"code":"PHP","numeric":608,"native":"Philippine Peso","localized":"filippinsk peso"},"fr":{"code":"EUR","numeric":978,"native":"euro","localized":"euro"},"fy":{"code":"EUR","numeric":978,"native":"Euro","localized":"euro"},"ga":{"code":"EUR","numeric":978,"native":"Euro","localized":"euro"},"gd":{"code":"GBP","numeric":826,"native":"British Pound","localized":"britisk pund"},"gl":{"code":"EUR","numeric":978,"native":"Euro","localized":"euro"},"gu":{"code":"INR","numeric":356,"native":"Indian Rupee","localized":"indisk rupee"},"ha":{"code":"NGN","numeric":566,"native":"Nigerian Naira","localized":"nigeriansk naira"},"haw":{"code":"USD","numeric":840,"native":"US Dollar","localized":"amerikansk dollar"},"he":{"code":"ILS","numeric":376,"native":"שקל חדש","localized":"ny israelsk shekel"},"hi":{"code":"INR","numeric":356,"native":"भारतीय रुपया","localized":"indisk rupee"},"hr":{"code":"EUR","numeric":978,"native":"euro","localized":"euro"},"ht":{"code":"HTG","numeric":332,"native":"gourde haïtienne","localized":"haitisk gourde"},"hu":{"code":"HUF","numeric":348,"native":"magyar forint","localized":"ungarsk forint"},"hy":{"code":"AMD","numeric":51,"native":"Armenian Dram","localized":"armensk dram"},"id":{"code":"IDR","numeric":360,"native":"Indonesian Rupiah","localized":"indonesisk rupiah"},"ig":{"code":"NGN","numeric":566,"native":"Nigerian Naira","localized":"nigeriansk naira"},"is":{"code":"ISK","numeric":352,"native":"Icelandic Króna","localized":"islandsk krone"},"it":{"code":"EUR","numeric":978,"native":"euro","localized":"euro"},"ja":{"code":"JPY","numeric":392,"native":"日本円","localized":"japansk yen"},"ka":{"code":"GEL","numeric":981,"native":"Georgian Lari","localized":"georgisk lari"},"kk":{"code":"KZT","numeric":398,"native":"Kazakhstani Tenge","localized":"kasakhisk tenge"},"km":{"code":"KHR","numeric":116,"native":"Cambodian Riel","localized":"cambodjansk riel"},"kn":{"code":"INR","numeric":356,"native":"Indian Rupee","localized":"indisk rupee"},"ko":{"code":"KRW","numeric":410,"native":"대한민국 원","localized":"sydkoreansk won"},"ku":{"code":"TRY","numeric":949,"native":"Turkish Lira","localized":"tyrkisk lira"},"ky":{"code":"KGS","numeric":417,"native":"Kyrgystani Som","localized":"kirgisisk som"},"lb":{"code":"EUR","numeric":978,"native":"Euro","localized":"euro"},"lg":{"code":"UGX","numeric":800,"native":"Ugandan Shilling","localized":"ugandisk shilling"},"ln":{"code":"CDF","numeric":976,"native":"Congolese Franc","localized":"congolesisk franc"},"lo":{"code":"LAK","numeric":418,"native":"Laotian Kip","localized":"laotisk kip"},"lt":{"code":"EUR","numeric":978,"native":"Euro","localized":"euro"},"lv":{"code":"EUR","numeric":978,"native":"Euro","localized":"euro"},"mai":{"code":"INR","numeric":356,"native":"Indian Rupee","localized":"indisk rupee"},"mg":{"code":"MGA","numeric":969,"native":"Malagasy Ariary","localized":"madagaskisk ariary"},"mi":{"code":"NZD","numeric":554,"native":"New Zealand Dollar","localized":"newzealandsk dollar"},"mk":{"code":"MKD","numeric":807,"native":"Macedonian Denar","localized":"makedonsk denar"},"ml":{"code":"INR","numeric":356,"native":"Indian Rupee","localized":"indisk rupee"},"mn":{"code":"MNT","numeric":496,"native":"Mongolian Tugrik","localized":"mongolsk tugrik"},"mni_Mtei":{"code":"INR","numeric":356,"native":"Indian Rupee","localized":"indisk rupee"},"mr":{"code":"INR","numeric":356,"native":"Indian Rupee","localized":"indisk rupee"},"ms":{"code":"MYR","numeric":458,"native":"Malaysian Ringgit","localized":"malaysisk ringgit"},"mt":{"code":"EUR","numeric":978,"native":"Euro","localized":"euro"},"my":{"code":"MMK","numeric":104,"native":"Myanmar Kyat","localized":"myanmarsk kyat"},"nb":{"code":"NOK","numeric":578,"native":"norske kroner","localized":"norsk krone"},"ne":{"code":"NPR","numeric":524,"native":"Nepalese Rupee","localized":"nepalesisk rupee"},"nl":{"code":"EUR","numeric":978,"native":"Euro","localized":"euro"},"nn":{"code":"NOK","numeric":578,"native":"norske kroner","localized":"norsk krone"},"oc":{"code":"EUR","numeric":978,"native":"Euro","localized":"euro"},"om":{"code":"ETB","numeric":230,"native":"Ethiopian Birr","localized":"etiopisk birr"},"or":{"code":"INR","numeric":356,"native":"Indian Rupee","localized":"indisk rupee"},"pa":{"code":"INR","numeric":356,"native":"Indian Rupee","localized":"indisk rupee"},"pl":{"code":"PLN","numeric":985,"native":"złoty polski","localized":"polsk zloty"},"ps":{"code":"AFN","numeric":971,"native":"Afghan Afghani","localized":"afghansk afghani"},"pt":{"code":"BRL","numeric":986,"native":"Real brasileiro","localized":"brasiliansk real"},"pt_BR":{"code":"BRL","numeric":986,"native":"Real brasileiro","localized":"brasiliansk real"},"qu":{"code":"PEN","numeric":604,"native":"Peruvian Sol","localized":"peruansk sol"},"ro":{"code":"RON","numeric":946,"native":"leu românesc","localized":"rumænsk leu"},"ru":{"code":"RUB","numeric":643,"native":"российский рубль","localized":"russisk rubel"},"rw":{"code":"RWF","numeric":646,"native":"Rwandan Franc","localized":"rwandisk franc"},"sa":{"code":"INR","numeric":356,"native":"Indian Rupee","localized":"indisk rupee"},"sc":{"code":"EUR","numeric":978,"native":"Euro","localized":"euro"},"sd":{"code":"PKR","numeric":586,"native":"Pakistani Rupee","localized":"pakistansk rupee"},"si":{"code":"LKR","numeric":144,"native":"Sri Lankan Rupee","localized":"srilankansk rupee"},"sk":{"code":"EUR","numeric":978,"native":"euro","localized":"euro"},"sl":{"code":"EUR","numeric":978,"native":"evro","localized":"euro"},"sn":{"code":"USD","numeric":840,"native":"US Dollar","localized":"amerikansk dollar"},"so":{"code":"SOS","numeric":706,"native":"Somali Shilling","localized":"somalisk shilling"},"sq":{"code":"ALL","numeric":8,"native":"Albanian Lek","localized":"albansk lek"},"sr_Cyrl":{"code":"RSD","numeric":941,"native":"српски динар","localized":"serbisk dinar"},"sr_Latn":{"code":"RSD","numeric":941,"native":"Serbian Dinar","localized":"serbisk dinar"},"sr_Latn_ME":{"code":"EUR","numeric":978,"native":"Euro","localized":"euro"},"su":{"code":"IDR","numeric":360,"native":"Indonesian Rupiah","localized":"indonesisk rupiah"},"sv":{"code":"SEK","numeric":752,"native":"svensk krona","localized":"svensk krone"},"sw":{"code":"TZS","numeric":834,"native":"Tanzanian Shilling","localized":"tanzanisk shilling"},"ta":{"code":"INR","numeric":356,"native":"Indian Rupee","localized":"indisk rupee"},"te":{"code":"INR","numeric":356,"native":"Indian Rupee","localized":"indisk rupee"},"tg":{"code":"TJS","numeric":972,"native":"Tajikistani Somoni","localized":"tadsjikisk somoni"},"th":{"code":"THB","numeric":764,"native":"บาท","localized":"thailandsk baht"},"ti":{"code":"ETB","numeric":230,"native":"Ethiopian Birr","localized":"etiopisk birr"},"tk":{"code":"TMT","numeric":934,"native":"Turkmenistani Manat","localized":"turkmensk manat"},"tl":{"code":"PHP","numeric":608,"native":"Philippine Peso","localized":"filippinsk peso"},"tr":{"code":"TRY","numeric":949,"native":"Türk Lirası","localized":"tyrkisk lira"},"tt":{"code":"RUB","numeric":643,"native":"Russian Ruble","localized":"russisk rubel"},"ug":{"code":"CNY","numeric":156,"native":"Chinese Yuan","localized":"kinesisk yuan"},"uk":{"code":"UAH","numeric":980,"native":"українська гривня","localized":"ukrainsk grynia"},"ur":{"code":"PKR","numeric":586,"native":"Pakistani Rupee","localized":"pakistansk rupee"},"uz_Cyrl":{"code":"UZS","numeric":860,"native":"Uzbekistani Som","localized":"usbekisk sum"},"uz_Latn":{"code":"UZS","numeric":860,"native":"Uzbekistani Som","localized":"usbekisk sum"},"vi":{"code":"VND","numeric":704,"native":"Đồng Việt Nam","localized":"vietnamesisk dong"},"xh":{"code":"ZAR","numeric":710,"native":"South African Rand","localized":"sydafrikansk rand"},"yi":{"code":"USD","numeric":840,"native":"","localized":""},"yo":{"code":"NGN","numeric":566,"native":"Nigerian Naira","localized":"nigeriansk naira"},"zh_CN":{"code":"CNY","numeric":156,"native":"人民币","localized":"kinesisk yuan"},"zh_HK":{"code":"HKD","numeric":344,"native":"港元","localized":"hongkongsk dollar"},"zh_TW":{"code":"TWD","numeric":901,"native":"新台币","localized":"ny taiwansk dollar"},"zu":{"code":"ZAR","numeric":710,"native":"South African Rand","localized":"sydafrikansk rand"}}
