{"af":{"code":"ZAR","numeric":710,"native":"South African Rand","localized":"Südafrikanischer Rand"},"ak":{"code":"GHS","numeric":936,"native":"Ghanaian Cedi","localized":"Ghanaischer Cedi"},"am":{"code":"ETB","numeric":230,"native":"Ethiopian Birr","localized":"Äthiopischer Birr"},"ar":{"code":"EGP","numeric":818,"native":"جنيه مصري","localized":"Ägyptisches Pfund"},"as":{"code":"INR","numeric":356,"native":"Indian Rupee","localized":"Indische Rupie"},"az":{"code":"AZN","numeric":944,"native":"Azerbaijani Manat","localized":"Aserbaidschan-Manat"},"be":{"code":"BYN","numeric":840,"native":"Belarusian Ruble","localized":"Weißrussischer Rubel"},"bg":{"code":"BGN","numeric":975,"native":"Bulgarian Lev","localized":"Bulgarischer Lew"},"bho":{"code":"INR","numeric":356,"native":"Indian Rupee","localized":"Indische Rupie"},"bm":{"code":"XOF","numeric":952,"native":"West African CFA Franc","localized":"CFA-Franc (BCEAO)"},"bn":{"code":"BDT","numeric":50,"native":"Bangladeshi Taka","localized":"Bangladesch-Taka"},"bs":{"code":"BAM","numeric":977,"native":"Bosnia-Herzegovina Convertible Mark","localized":"Konvertible Mark Bosnien und Herzegowina"},"ca":{"code":"EUR","numeric":978,"native":"euro","localized":"Euro"},"ceb":{"code":"PHP","numeric":608,"native":"Philippine Peso","localized":"Philippinischer Peso"},"ckb":{"code":"IQD","numeric":368,"native":"Iraqi Dinar","localized":"Irakischer Dinar"},"cs":{"code":"CZK","numeric":203,"native":"česká koruna","localized":"Tschechische Krone"},"cy":{"code":"GBP","numeric":826,"native":"British Pound","localized":"Britisches Pfund"},"da":{"code":"DKK","numeric":208,"native":"dansk krone","localized":"Dänische Krone"},"de":{"code":"EUR","numeric":978,"native":"Euro","localized":"Euro"},"de_AT":{"code":"EUR","numeric":978,"native":"Euro","localized":"Euro"},"de_CH":{"code":"CHF","numeric":756,"native":"Schweizer Franken","localized":"Schweizer Franken"},"doi":{"code":"INR","numeric":356,"native":"Indian Rupee","localized":"Indische Rupie"},"ee":{"code":"GHS","numeric":936,"native":"Ghanaian Cedi","localized":"Ghanaischer Cedi"},"el":{"code":"EUR","numeric":978,"native":"Ευρώ","localized":"Euro"},"en":{"code":"USD","numeric":840,"native":"US Dollar","localized":"US-Dollar"},"en_CA":{"code":"CAD","numeric":124,"native":"Canadian Dollar","localized":"Kanadischer Dollar"},"eo":{"code":"USD","numeric":840,"native":"","localized":""},"es":{"code":"EUR","numeric":978,"native":"euro","localized":"Euro"},"et":{"code":"EUR","numeric":978,"native":"Euro","localized":"Euro"},"eu":{"code":"EUR","numeric":978,"native":"Euro","localized":"Euro"},"fa":{"code":"IRR","numeric":364,"native":"Iranian Rial","localized":"Iranischer Rial"},"fi":{"code":"EUR","numeric":978,"native":"euro","localized":"Euro"},"fil":{"code":"PHP","numeric":608,"native":"Philippine Peso","localized":"Philippinischer Peso"},"fr":{"code":"EUR","numeric":978,"native":"euro","localized":"Euro"},"fy":{"code":"EUR","numeric":978,"native":"Euro","localized":"Euro"},"ga":{"code":"EUR","numeric":978,"native":"Euro","localized":"Euro"},"gd":{"code":"GBP","numeric":826,"native":"British Pound","localized":"Britisches Pfund"},"gl":{"code":"EUR","numeric":978,"native":"Euro","localized":"Euro"},"gu":{"code":"INR","numeric":356,"native":"Indian Rupee","localized":"Indische Rupie"},"ha":{"code":"NGN","numeric":566,"native":"Nigerian Naira","localized":"Nigerianischer Naira"},"haw":{"code":"USD","numeric":840,"native":"US Dollar","localized":"US-Dollar"},"he":{"code":"ILS","numeric":376,"native":"שקל חדש","localized":"Israelischer Neuer Schekel"},"hi":{"code":"INR","numeric":356,"native":"भारतीय रुपया","localized":"Indische Rupie"},"hr":{"code":"EUR","numeric":978,"native":"euro","localized":"Euro"},"ht":{"code":"HTG","numeric":332,"native":"gourde haïtienne","localized":"Haitianische Gourde"},"hu":{"code":"HUF","numeric":348,"native":"magyar forint","localized":"Ungarischer Forint"},"hy":{"code":"AMD","numeric":51,"native":"Armenian Dram","localized":"Armenischer Dram"},"id":{"code":"IDR","numeric":360,"native":"Indonesian Rupiah","localized":"Indonesische Rupiah"},"ig":{"code":"NGN","numeric":566,"native":"Nigerian Naira","localized":"Nigerianischer Naira"},"is":{"code":"ISK","numeric":352,"native":"Icelandic Króna","localized":"Isländische Krone"},"it":{"code":"EUR","numeric":978,"native":"euro","localized":"Euro"},"ja":{"code":"JPY","numeric":392,"native":"日本円","localized":"Japanischer Yen"},"ka":{"code":"GEL","numeric":981,"native":"Georgian Lari","localized":"Georgischer Lari"},"kk":{"code":"KZT","numeric":398,"native":"Kazakhstani Tenge","localized":"Kasachischer Tenge"},"km":{"code":"KHR","numeric":116,"native":"Cambodian Riel","localized":"Kambodschanischer Riel"},"kn":{"code":"INR","numeric":356,"native":"Indian Rupee","localized":"Indische Rupie"},"ko":{"code":"KRW","numeric":410,"native":"대한민국 원","localized":"Südkoreanischer Won"},"ku":{"code":"TRY","numeric":949,"native":"Turkish Lira","localized":"Türkische Lira"},"ky":{"code":"KGS","numeric":417,"native":"Kyrgystani Som","localized":"Kirgisischer Som"},"lb":{"code":"EUR","numeric":978,"native":"Euro","localized":"Euro"},"lg":{"code":"UGX","numeric":800,"native":"Ugandan Shilling","localized":"Uganda-Schilling"},"ln":{"code":"CDF","numeric":976,"native":"Congolese Franc","localized":"Kongo-Franc"},"lo":{"code":"LAK","numeric":418,"native":"Laotian Kip","localized":"Laotischer Kip"},"lt":{"code":"EUR","numeric":978,"native":"Euro","localized":"Euro"},"lv":{"code":"EUR","numeric":978,"native":"Euro","localized":"Euro"},"mai":{"code":"INR","numeric":356,"native":"Indian Rupee","localized":"Indische Rupie"},"mg":{"code":"MGA","numeric":969,"native":"Malagasy Ariary","localized":"Madagaskar-Ariary"},"mi":{"code":"NZD","numeric":554,"native":"New Zealand Dollar","localized":"Neuseeland-Dollar"},"mk":{"code":"MKD","numeric":807,"native":"Macedonian Denar","localized":"Mazedonischer Denar"},"ml":{"code":"INR","numeric":356,"native":"Indian Rupee","localized":"Indische Rupie"},"mn":{"code":"MNT","numeric":496,"native":"Mongolian Tugrik","localized":"Mongolischer Tögrög"},"mni_Mtei":{"code":"INR","numeric":356,"native":"Indian Rupee","localized":"Indische Rupie"},"mr":{"code":"INR","numeric":356,"native":"Indian Rupee","localized":"Indische Rupie"},"ms":{"code":"MYR","numeric":458,"native":"Malaysian Ringgit","localized":"Malaysischer Ringgit"},"mt":{"code":"EUR","numeric":978,"native":"Euro","localized":"Euro"},"my":{"code":"MMK","numeric":104,"native":"Myanmar Kyat","localized":"Myanmarischer Kyat"},"nb":{"code":"NOK","numeric":578,"native":"norske kroner","localized":"Norwegische Krone"},"ne":{"code":"NPR","numeric":524,"native":"Nepalese Rupee","localized":"Nepalesische Rupie"},"nl":{"code":"EUR","numeric":978,"native":"Euro","localized":"Euro"},"nn":{"code":"NOK","numeric":578,"native":"norske kroner","localized":"Norwegische Krone"},"oc":{"code":"EUR","numeric":978,"native":"Euro","localized":"Euro"},"om":{"code":"ETB","numeric":230,"native":"Ethiopian Birr","localized":"Äthiopischer Birr"},"or":{"code":"INR","numeric":356,"native":"Indian Rupee","localized":"Indische Rupie"},"pa":{"code":"INR","numeric":356,"native":"Indian Rupee","localized":"Indische Rupie"},"pl":{"code":"PLN","numeric":985,"native":"złoty polski","localized":"Polnischer Złoty"},"ps":{"code":"AFN","numeric":971,"native":"Afghan Afghani","localized":"Afghanischer Afghani"},"pt":{"code":"BRL","numeric":986,"native":"Real brasileiro","localized":"Brasilianischer Real"},"pt_BR":{"code":"BRL","numeric":986,"native":"Real brasileiro","localized":"Brasilianischer Real"},"qu":{"code":"PEN","numeric":604,"native":"Peruvian Sol","localized":"Peruanischer Sol"},"ro":{"code":"RON","numeric":946,"native":"leu românesc","localized":"Rumänischer Leu"},"ru":{"code":"RUB","numeric":643,"native":"российский рубль","localized":"Russischer Rubel"},"rw":{"code":"RWF","numeric":646,"native":"Rwandan Franc","localized":"Ruanda-Franc"},"sa":{"code":"INR","numeric":356,"native":"Indian Rupee","localized":"Indische Rupie"},"sc":{"code":"EUR","numeric":978,"native":"Euro","localized":"Euro"},"sd":{"code":"PKR","numeric":586,"native":"Pakistani Rupee","localized":"Pakistanische Rupie"},"si":{"code":"LKR","numeric":144,"native":"Sri Lankan Rupee","localized":"Sri-Lanka-Rupie"},"sk":{"code":"EUR","numeric":978,"native":"euro","localized":"Euro"},"sl":{"code":"EUR","numeric":978,"native":"evro","localized":"Euro"},"sn":{"code":"USD","numeric":840,"native":"US Dollar","localized":"US-Dollar"},"so":{"code":"SOS","numeric":706,"native":"Somali Shilling","localized":"Somalia-Schilling"},"sq":{"code":"ALL","numeric":8,"native":"Albanian Lek","localized":"Albanischer Lek"},"sr_Cyrl":{"code":"RSD","numeric":941,"native":"српски динар","localized":"Serbischer Dinar"},"sr_Latn":{"code":"RSD","numeric":941,"native":"Serbian Dinar","localized":"Serbischer Dinar"},"sr_Latn_ME":{"code":"EUR","numeric":978,"native":"Euro","localized":"Euro"},"su":{"code":"IDR","numeric":360,"native":"Indonesian Rupiah","localized":"Indonesische Rupiah"},"sv":{"code":"SEK","numeric":752,"native":"svensk krona","localized":"Schwedische Krone"},"sw":{"code":"TZS","numeric":834,"native":"Tanzanian Shilling","localized":"Tansania-Schilling"},"ta":{"code":"INR","numeric":356,"native":"Indian Rupee","localized":"Indische Rupie"},"te":{"code":"INR","numeric":356,"native":"Indian Rupee","localized":"Indische Rupie"},"tg":{"code":"TJS","numeric":972,"native":"Tajikistani Somoni","localized":"Tadschikistan-Somoni"},"th":{"code":"THB","numeric":764,"native":"บาท","localized":"Thailändischer Baht"},"ti":{"code":"ETB","numeric":230,"native":"Ethiopian Birr","localized":"Äthiopischer Birr"},"tk":{"code":"TMT","numeric":934,"native":"Turkmenistani Manat","localized":"Turkmenistan-Manat"},"tl":{"code":"PHP","numeric":608,"native":"Philippine Peso","localized":"Philippinischer Peso"},"tr":{"code":"TRY","numeric":949,"native":"Türk Lirası","localized":"Türkische Lira"},"tt":{"code":"RUB","numeric":643,"native":"Russian Ruble","localized":"Russischer Rubel"},"ug":{"code":"CNY","numeric":156,"native":"Chinese Yuan","localized":"Renminbi Yuan"},"uk":{"code":"UAH","numeric":980,"native":"українська гривня","localized":"Ukrainische Hrywnja"},"ur":{"code":"PKR","numeric":586,"native":"Pakistani Rupee","localized":"Pakistanische Rupie"},"uz_Cyrl":{"code":"UZS","numeric":860,"native":"Uzbekistani Som","localized":"Usbekistan-Sum"},"uz_Latn":{"code":"UZS","numeric":860,"native":"Uzbekistani Som","localized":"Usbekistan-Sum"},"vi":{"code":"VND","numeric":704,"native":"Đồng Việt Nam","localized":"Vietnamesischer Dong"},"xh":{"code":"ZAR","numeric":710,"native":"South African Rand","localized":"Südafrikanischer Rand"},"yi":{"code":"USD","numeric":840,"native":"","localized":""},"yo":{"code":"NGN","numeric":566,"native":"Nigerian Naira","localized":"Nigerianischer Naira"},"zh_CN":{"code":"CNY","numeric":156,"native":"人民币","localized":"Renminbi Yuan"},"zh_HK":{"code":"HKD","numeric":344,"native":"港元","localized":"Hongkong-Dollar"},"zh_TW":{"code":"TWD","numeric":901,"native":"新台币","localized":"Neuer Taiwan-Dollar"},"zu":{"code":"ZAR","numeric":710,"native":"South African Rand","localized":"Südafrikanischer Rand"}}
