{"af":{"code":"ZAR","numeric":710,"native":"South African Rand","localized":"Etelä-Afrikan randi"},"ak":{"code":"GHS","numeric":936,"native":"Ghanaian Cedi","localized":"Ghanan cedi"},"am":{"code":"ETB","numeric":230,"native":"Ethiopian Birr","localized":"Etiopian birr"},"ar":{"code":"EGP","numeric":818,"native":"جنيه مصري","localized":"Egyptin punta"},"as":{"code":"INR","numeric":356,"native":"Indian Rupee","localized":"Intian rupia"},"az":{"code":"AZN","numeric":944,"native":"Azerbaijani Manat","localized":"Azerbaidžanin manat"},"be":{"code":"BYN","numeric":840,"native":"Belarusian Ruble","localized":"Valko-Venäjän rupla"},"bg":{"code":"BGN","numeric":975,"native":"Bulgarian Lev","localized":"Bulgarian lev"},"bho":{"code":"INR","numeric":356,"native":"Indian Rupee","localized":"Intian rupia"},"bm":{"code":"XOF","numeric":952,"native":"West African CFA Franc","localized":"CFA-frangi BCEAO"},"bn":{"code":"BDT","numeric":50,"native":"Bangladeshi Taka","localized":"Bangladeshin taka"},"bs":{"code":"BAM","numeric":977,"native":"Bosnia-Herzegovina Convertible Mark","localized":"Bosnia-Hertsegovinan vaihdettava markka"},"ca":{"code":"EUR","numeric":978,"native":"euro","localized":"euro"},"ceb":{"code":"PHP","numeric":608,"native":"Philippine Peso","localized":"Filippiinien peso"},"ckb":{"code":"IQD","numeric":368,"native":"Iraqi Dinar","localized":"Irakin dinaari"},"cs":{"code":"CZK","numeric":203,"native":"česká koruna","localized":"Tšekin koruna"},"cy":{"code":"GBP","numeric":826,"native":"British Pound","localized":"Englannin punta"},"da":{"code":"DKK","numeric":208,"native":"dansk krone","localized":"Tanskan kruunu"},"de":{"code":"EUR","numeric":978,"native":"Euro","localized":"euro"},"de_AT":{"code":"EUR","numeric":978,"native":"Euro","localized":"euro"},"de_CH":{"code":"CHF","numeric":756,"native":"Schweizer Franken","localized":"Sveitsin frangi"},"doi":{"code":"INR","numeric":356,"native":"Indian Rupee","localized":"Intian rupia"},"ee":{"code":"GHS","numeric":936,"native":"Ghanaian Cedi","localized":"Ghanan cedi"},"el":{"code":"EUR","numeric":978,"native":"Ευρώ","localized":"euro"},"en":{"code":"USD","numeric":840,"native":"US Dollar","localized":"Yhdysvaltain dollari"},"en_CA":{"code":"CAD","numeric":124,"native":"Canadian Dollar","localized":"Kanadan dollari"},"eo":{"code":"USD","numeric":840,"native":"","localized":""},"es":{"code":"EUR","numeric":978,"native":"euro","localized":"euro"},"et":{"code":"EUR","numeric":978,"native":"Euro","localized":"euro"},"eu":{"code":"EUR","numeric":978,"native":"Euro","localized":"euro"},"fa":{"code":"IRR","numeric":364,"native":"Iranian Rial","localized":"Iranin rial"},"fi":{"code":"EUR","numeric":978,"native":"euro","localized":"euro"},"fil":{"code":"PHP","numeric":608,"native":"Philippine Peso","localized":"Filippiinien peso"},"fr":{"code":"EUR","numeric":978,"native":"euro","localized":"euro"},"fy":{"code":"EUR","numeric":978,"native":"Euro","localized":"euro"},"ga":{"code":"EUR","numeric":978,"native":"Euro","localized":"euro"},"gd":{"code":"GBP","numeric":826,"native":"British Pound","localized":"Englannin punta"},"gl":{"code":"EUR","numeric":978,"native":"Euro","localized":"euro"},"gu":{"code":"INR","numeric":356,"native":"Indian Rupee","localized":"Intian rupia"},"ha":{"code":"NGN","numeric":566,"native":"Nigerian Naira","localized":"Nigerian naira"},"haw":{"code":"USD","numeric":840,"native":"US Dollar","localized":"Yhdysvaltain dollari"},"he":{"code":"ILS","numeric":376,"native":"שקל חדש","localized":"Israelin uusi sekeli"},"hi":{"code":"INR","numeric":356,"native":"भारतीय रुपया","localized":"Intian rupia"},"hr":{"code":"EUR","numeric":978,"native":"euro","localized":"euro"},"ht":{"code":"HTG","numeric":332,"native":"gourde haïtienne","localized":"Haitin gourde"},"hu":{"code":"HUF","numeric":348,"native":"magyar forint","localized":"Unkarin forintti"},"hy":{"code":"AMD","numeric":51,"native":"Armenian Dram","localized":"Armenian dram"},"id":{"code":"IDR","numeric":360,"native":"Indonesian Rupiah","localized":"Indonesian rupia"},"ig":{"code":"NGN","numeric":566,"native":"Nigerian Naira","localized":"Nigerian naira"},"is":{"code":"ISK","numeric":352,"native":"Icelandic Króna","localized":"Islannin kruunu"},"it":{"code":"EUR","numeric":978,"native":"euro","localized":"euro"},"ja":{"code":"JPY","numeric":392,"native":"日本円","localized":"Japanin jeni"},"ka":{"code":"GEL","numeric":981,"native":"Georgian Lari","localized":"Georgian lari"},"kk":{"code":"KZT","numeric":398,"native":"Kazakhstani Tenge","localized":"Kazakstanin tenge"},"km":{"code":"KHR","numeric":116,"native":"Cambodian Riel","localized":"Kambodžan riel"},"kn":{"code":"INR","numeric":356,"native":"Indian Rupee","localized":"Intian rupia"},"ko":{"code":"KRW","numeric":410,"native":"대한민국 원","localized":"Etelä-Korean won"},"ku":{"code":"TRY","numeric":949,"native":"Turkish Lira","localized":"Turkin liira"},"ky":{"code":"KGS","numeric":417,"native":"Kyrgystani Som","localized":"Kirgisian som"},"lb":{"code":"EUR","numeric":978,"native":"Euro","localized":"euro"},"lg":{"code":"UGX","numeric":800,"native":"Ugandan Shilling","localized":"Ugandan šillinki"},"ln":{"code":"CDF","numeric":976,"native":"Congolese Franc","localized":"Kongon frangi"},"lo":{"code":"LAK","numeric":418,"native":"Laotian Kip","localized":"Laosin kip"},"lt":{"code":"EUR","numeric":978,"native":"Euro","localized":"euro"},"lv":{"code":"EUR","numeric":978,"native":"Euro","localized":"euro"},"mai":{"code":"INR","numeric":356,"native":"Indian Rupee","localized":"Intian rupia"},"mg":{"code":"MGA","numeric":969,"native":"Malagasy Ariary","localized":"Madagaskarin ariary"},"mi":{"code":"NZD","numeric":554,"native":"New Zealand Dollar","localized":"Uuden-Seelannin dollari"},"mk":{"code":"MKD","numeric":807,"native":"Macedonian Denar","localized":"Makedonian denaari"},"ml":{"code":"INR","numeric":356,"native":"Indian Rupee","localized":"Intian rupia"},"mn":{"code":"MNT","numeric":496,"native":"Mongolian Tugrik","localized":"Mongolian tugrik"},"mni_Mtei":{"code":"INR","numeric":356,"native":"Indian Rupee","localized":"Intian rupia"},"mr":{"code":"INR","numeric":356,"native":"Indian Rupee","localized":"Intian rupia"},"ms":{"code":"MYR","numeric":458,"native":"Malaysian Ringgit","localized":"Malesian ringgit"},"mt":{"code":"EUR","numeric":978,"native":"Euro","localized":"euro"},"my":{"code":"MMK","numeric":104,"native":"Myanmar Kyat","localized":"Myanmarin kyat"},"nb":{"code":"NOK","numeric":578,"native":"norske kroner","localized":"Norjan kruunu"},"ne":{"code":"NPR","numeric":524,"native":"Nepalese Rupee","localized":"Nepalin rupia"},"nl":{"code":"EUR","numeric":978,"native":"Euro","localized":"euro"},"nn":{"code":"NOK","numeric":578,"native":"norske kroner","localized":"Norjan kruunu"},"oc":{"code":"EUR","numeric":978,"native":"Euro","localized":"euro"},"om":{"code":"ETB","numeric":230,"native":"Ethiopian Birr","localized":"Etiopian birr"},"or":{"code":"INR","numeric":356,"native":"Indian Rupee","localized":"Intian rupia"},"pa":{"code":"INR","numeric":356,"native":"Indian Rupee","localized":"Intian rupia"},"pl":{"code":"PLN","numeric":985,"native":"złoty polski","localized":"Puolan złoty"},"ps":{"code":"AFN","numeric":971,"native":"Afghan Afghani","localized":"Afganistanin afgaani"},"pt":{"code":"BRL","numeric":986,"native":"Real brasileiro","localized":"Brasilian real"},"pt_BR":{"code":"BRL","numeric":986,"native":"Real brasileiro","localized":"Brasilian real"},"qu":{"code":"PEN","numeric":604,"native":"Peruvian Sol","localized":"Perun sol"},"ro":{"code":"RON","numeric":946,"native":"leu românesc","localized":"Romanian leu"},"ru":{"code":"RUB","numeric":643,"native":"российский рубль","localized":"Venäjän rupla"},"rw":{"code":"RWF","numeric":646,"native":"Rwandan Franc","localized":"Ruandan frangi"},"sa":{"code":"INR","numeric":356,"native":"Indian Rupee","localized":"Intian rupia"},"sc":{"code":"EUR","numeric":978,"native":"Euro","localized":"euro"},"sd":{"code":"PKR","numeric":586,"native":"Pakistani Rupee","localized":"Pakistanin rupia"},"si":{"code":"LKR","numeric":144,"native":"Sri Lankan Rupee","localized":"Sri Lankan rupia"},"sk":{"code":"EUR","numeric":978,"native":"euro","localized":"euro"},"sl":{"code":"EUR","numeric":978,"native":"evro","localized":"euro"},"sn":{"code":"USD","numeric":840,"native":"US Dollar","localized":"Yhdysvaltain dollari"},"so":{"code":"SOS","numeric":706,"native":"Somali Shilling","localized":"Somalian šillinki"},"sq":{"code":"ALL","numeric":8,"native":"Albanian Lek","localized":"Albanian lek"},"sr_Cyrl":{"code":"RSD","numeric":941,"native":"српски динар","localized":"Serbian dinaari"},"sr_Latn":{"code":"RSD","numeric":941,"native":"Serbian Dinar","localized":"Serbian dinaari"},"sr_Latn_ME":{"code":"EUR","numeric":978,"native":"Euro","localized":"euro"},"su":{"code":"IDR","numeric":360,"native":"Indonesian Rupiah","localized":"Indonesian rupia"},"sv":{"code":"SEK","numeric":752,"native":"svensk krona","localized":"Ruotsin kruunu"},"sw":{"code":"TZS","numeric":834,"native":"Tanzanian Shilling","localized":"Tansanian šillinki"},"ta":{"code":"INR","numeric":356,"native":"Indian Rupee","localized":"Intian rupia"},"te":{"code":"INR","numeric":356,"native":"Indian Rupee","localized":"Intian rupia"},"tg":{"code":"TJS","numeric":972,"native":"Tajikistani Somoni","localized":"Tadžikistanin somoni"},"th":{"code":"THB","numeric":764,"native":"บาท","localized":"Thaimaan baht"},"ti":{"code":"ETB","numeric":230,"native":"Ethiopian Birr","localized":"Etiopian birr"},"tk":{"code":"TMT","numeric":934,"native":"Turkmenistani Manat","localized":"Turkmenistanin manat"},"tl":{"code":"PHP","numeric":608,"native":"Philippine Peso","localized":"Filippiinien peso"},"tr":{"code":"TRY","numeric":949,"native":"Türk Lirası","localized":"Turkin liira"},"tt":{"code":"RUB","numeric":643,"native":"Russian Ruble","localized":"Venäjän rupla"},"ug":{"code":"CNY","numeric":156,"native":"Chinese Yuan","localized":"Kiinan juan"},"uk":{"code":"UAH","numeric":980,"native":"українська гривня","localized":"Ukrainan hryvnia"},"ur":{"code":"PKR","numeric":586,"native":"Pakistani Rupee","localized":"Pakistanin rupia"},"uz_Cyrl":{"code":"UZS","numeric":860,"native":"Uzbekistani Som","localized":"Uzbekistanin som"},"uz_Latn":{"code":"UZS","numeric":860,"native":"Uzbekistani Som","localized":"Uzbekistanin som"},"vi":{"code":"VND","numeric":704,"native":"Đồng Việt Nam","localized":"Vietnamin dong"},"xh":{"code":"ZAR","numeric":710,"native":"South African Rand","localized":"Etelä-Afrikan randi"},"yi":{"code":"USD","numeric":840,"native":"","localized":""},"yo":{"code":"NGN","numeric":566,"native":"Nigerian Naira","localized":"Nigerian naira"},"zh_CN":{"code":"CNY","numeric":156,"native":"人民币","localized":"Kiinan juan"},"zh_HK":{"code":"HKD","numeric":344,"native":"港元","localized":"Hongkongin dollari"},"zh_TW":{"code":"TWD","numeric":901,"native":"新台币","localized":"Taiwanin uusi dollari"},"zu":{"code":"ZAR","numeric":710,"native":"South African Rand","localized":"Etelä-Afrikan randi"}}
