{"af":{"code":"ZAR","numeric":710,"native":"South African Rand","localized":"rand sud-africain"},"ak":{"code":"GHS","numeric":936,"native":"Ghanaian Cedi","localized":"cédi ghanéen"},"am":{"code":"ETB","numeric":230,"native":"Ethiopian Birr","localized":"birr éthiopien"},"ar":{"code":"EGP","numeric":818,"native":"جنيه مصري","localized":"livre égyptienne"},"as":{"code":"INR","numeric":356,"native":"Indian Rupee","localized":"roupie indienne"},"az":{"code":"AZN","numeric":944,"native":"Azerbaijani Manat","localized":"manat azéri"},"be":{"code":"BYN","numeric":840,"native":"Belarusian Ruble","localized":"rouble biélorusse"},"bg":{"code":"BGN","numeric":975,"native":"Bulgarian Lev","localized":"lev bulgare"},"bho":{"code":"INR","numeric":356,"native":"Indian Rupee","localized":"roupie indienne"},"bm":{"code":"XOF","numeric":952,"native":"West African CFA Franc","localized":"franc CFA (BCEAO)"},"bn":{"code":"BDT","numeric":50,"native":"Bangladeshi Taka","localized":"taka bangladeshi"},"bs":{"code":"BAM","numeric":977,"native":"Bosnia-Herzegovina Convertible Mark","localized":"mark convertible bosniaque"},"ca":{"code":"EUR","numeric":978,"native":"euro","localized":"euro"},"ceb":{"code":"PHP","numeric":608,"native":"Philippine Peso","localized":"peso philippin"},"ckb":{"code":"IQD","numeric":368,"native":"Iraqi Dinar","localized":"dinar irakien"},"cs":{"code":"CZK","numeric":203,"native":"česká koruna","localized":"couronne tchèque"},"cy":{"code":"GBP","numeric":826,"native":"British Pound","localized":"livre sterling"},"da":{"code":"DKK","numeric":208,"native":"dansk krone","localized":"couronne danoise"},"de":{"code":"EUR","numeric":978,"native":"Euro","localized":"euro"},"de_AT":{"code":"EUR","numeric":978,"native":"Euro","localized":"euro"},"de_CH":{"code":"CHF","numeric":756,"native":"Schweizer Franken","localized":"franc suisse"},"doi":{"code":"INR","numeric":356,"native":"Indian Rupee","localized":"roupie indienne"},"ee":{"code":"GHS","numeric":936,"native":"Ghanaian Cedi","localized":"cédi ghanéen"},"el":{"code":"EUR","numeric":978,"native":"Ευρώ","localized":"euro"},"en":{"code":"USD","numeric":840,"native":"US Dollar","localized":"dollar des États-Unis"},"en_CA":{"code":"CAD","numeric":124,"native":"Canadian Dollar","localized":"dollar canadien"},"eo":{"code":"USD","numeric":840,"native":"","localized":""},"es":{"code":"EUR","numeric":978,"native":"euro","localized":"euro"},"et":{"code":"EUR","numeric":978,"native":"Euro","localized":"euro"},"eu":{"code":"EUR","numeric":978,"native":"Euro","localized":"euro"},"fa":{"code":"IRR","numeric":364,"native":"Iranian Rial","localized":"riyal iranien"},"fi":{"code":"EUR","numeric":978,"native":"euro","localized":"euro"},"fil":{"code":"PHP","numeric":608,"native":"Philippine Peso","localized":"peso philippin"},"fr":{"code":"EUR","numeric":978,"native":"euro","localized":"euro"},"fy":{"code":"EUR","numeric":978,"native":"Euro","localized":"euro"},"ga":{"code":"EUR","numeric":978,"native":"Euro","localized":"euro"},"gd":{"code":"GBP","numeric":826,"native":"British Pound","localized":"livre sterling"},"gl":{"code":"EUR","numeric":978,"native":"Euro","localized":"euro"},"gu":{"code":"INR","numeric":356,"native":"Indian Rupee","localized":"roupie indienne"},"ha":{"code":"NGN","numeric":566,"native":"Nigerian Naira","localized":"naira nigérian"},"haw":{"code":"USD","numeric":840,"native":"US Dollar","localized":"dollar des États-Unis"},"he":{"code":"ILS","numeric":376,"native":"שקל חדש","localized":"nouveau shekel israélien"},"hi":{"code":"INR","numeric":356,"native":"भारतीय रुपया","localized":"roupie indienne"},"hr":{"code":"EUR","numeric":978,"native":"euro","localized":"euro"},"ht":{"code":"HTG","numeric":332,"native":"gourde haïtienne","localized":"gourde haïtienne"},"hu":{"code":"HUF","numeric":348,"native":"magyar forint","localized":"forint hongrois"},"hy":{"code":"AMD","numeric":51,"native":"Armenian Dram","localized":"dram arménien"},"id":{"code":"IDR","numeric":360,"native":"Indonesian Rupiah","localized":"roupie indonésienne"},"ig":{"code":"NGN","numeric":566,"native":"Nigerian Naira","localized":"naira nigérian"},"is":{"code":"ISK","numeric":352,"native":"Icelandic Króna","localized":"couronne islandaise"},"it":{"code":"EUR","numeric":978,"native":"euro","localized":"euro"},"ja":{"code":"JPY","numeric":392,"native":"日本円","localized":"yen japonais"},"ka":{"code":"GEL","numeric":981,"native":"Georgian Lari","localized":"lari géorgien"},"kk":{"code":"KZT","numeric":398,"native":"Kazakhstani Tenge","localized":"tenge kazakh"},"km":{"code":"KHR","numeric":116,"native":"Cambodian Riel","localized":"riel cambodgien"},"kn":{"code":"INR","numeric":356,"native":"Indian Rupee","localized":"roupie indienne"},"ko":{"code":"KRW","numeric":410,"native":"대한민국 원","localized":"won sud-coréen"},"ku":{"code":"TRY","numeric":949,"native":"Turkish Lira","localized":"livre turque"},"ky":{"code":"KGS","numeric":417,"native":"Kyrgystani Som","localized":"som kirghize"},"lb":{"code":"EUR","numeric":978,"native":"Euro","localized":"euro"},"lg":{"code":"UGX","numeric":800,"native":"Ugandan Shilling","localized":"shilling ougandais"},"ln":{"code":"CDF","numeric":976,"native":"Congolese Franc","localized":"franc congolais"},"lo":{"code":"LAK","numeric":418,"native":"Laotian Kip","localized":"kip loatien"},"lt":{"code":"EUR","numeric":978,"native":"Euro","localized":"euro"},"lv":{"code":"EUR","numeric":978,"native":"Euro","localized":"euro"},"mai":{"code":"INR","numeric":356,"native":"Indian Rupee","localized":"roupie indienne"},"mg":{"code":"MGA","numeric":969,"native":"Malagasy Ariary","localized":"ariary malgache"},"mi":{"code":"NZD","numeric":554,"native":"New Zealand Dollar","localized":"dollar néo-zélandais"},"mk":{"code":"MKD","numeric":807,"native":"Macedonian Denar","localized":"denar macédonien"},"ml":{"code":"INR","numeric":356,"native":"Indian Rupee","localized":"roupie indienne"},"mn":{"code":"MNT","numeric":496,"native":"Mongolian Tugrik","localized":"tugrik mongol"},"mni_Mtei":{"code":"INR","numeric":356,"native":"Indian Rupee","localized":"roupie indienne"},"mr":{"code":"INR","numeric":356,"native":"Indian Rupee","localized":"roupie indienne"},"ms":{"code":"MYR","numeric":458,"native":"Malaysian Ringgit","localized":"ringgit malais"},"mt":{"code":"EUR","numeric":978,"native":"Euro","localized":"euro"},"my":{"code":"MMK","numeric":104,"native":"Myanmar Kyat","localized":"kyat myanmarais"},"nb":{"code":"NOK","numeric":578,"native":"norske kroner","localized":"couronne norvégienne"},"ne":{"code":"NPR","numeric":524,"native":"Nepalese Rupee","localized":"roupie népalaise"},"nl":{"code":"EUR","numeric":978,"native":"Euro","localized":"euro"},"nn":{"code":"NOK","numeric":578,"native":"norske kroner","localized":"couronne norvégienne"},"oc":{"code":"EUR","numeric":978,"native":"Euro","localized":"euro"},"om":{"code":"ETB","numeric":230,"native":"Ethiopian Birr","localized":"birr éthiopien"},"or":{"code":"INR","numeric":356,"native":"Indian Rupee","localized":"roupie indienne"},"pa":{"code":"INR","numeric":356,"native":"Indian Rupee","localized":"roupie indienne"},"pl":{"code":"PLN","numeric":985,"native":"złoty polski","localized":"zloty polonais"},"ps":{"code":"AFN","numeric":971,"native":"Afghan Afghani","localized":"afghani afghan"},"pt":{"code":"BRL","numeric":986,"native":"Real brasileiro","localized":"réal brésilien"},"pt_BR":{"code":"BRL","numeric":986,"native":"Real brasileiro","localized":"réal brésilien"},"qu":{"code":"PEN","numeric":604,"native":"Peruvian Sol","localized":"sol péruvien"},"ro":{"code":"RON","numeric":946,"native":"leu românesc","localized":"leu roumain"},"ru":{"code":"RUB","numeric":643,"native":"российский рубль","localized":"rouble russe"},"rw":{"code":"RWF","numeric":646,"native":"Rwandan Franc","localized":"franc rwandais"},"sa":{"code":"INR","numeric":356,"native":"Indian Rupee","localized":"roupie indienne"},"sc":{"code":"EUR","numeric":978,"native":"Euro","localized":"euro"},"sd":{"code":"PKR","numeric":586,"native":"Pakistani Rupee","localized":"roupie pakistanaise"},"si":{"code":"LKR","numeric":144,"native":"Sri Lankan Rupee","localized":"roupie srilankaise"},"sk":{"code":"EUR","numeric":978,"native":"euro","localized":"euro"},"sl":{"code":"EUR","numeric":978,"native":"evro","localized":"euro"},"sn":{"code":"USD","numeric":840,"native":"US Dollar","localized":"dollar des États-Unis"},"so":{"code":"SOS","numeric":706,"native":"Somali Shilling","localized":"shilling somalien"},"sq":{"code":"ALL","numeric":8,"native":"Albanian Lek","localized":"lek albanais"},"sr_Cyrl":{"code":"RSD","numeric":941,"native":"српски динар","localized":"dinar serbe"},"sr_Latn":{"code":"RSD","numeric":941,"native":"Serbian Dinar","localized":"dinar serbe"},"sr_Latn_ME":{"code":"EUR","numeric":978,"native":"Euro","localized":"euro"},"su":{"code":"IDR","numeric":360,"native":"Indonesian Rupiah","localized":"roupie indonésienne"},"sv":{"code":"SEK","numeric":752,"native":"svensk krona","localized":"couronne suédoise"},"sw":{"code":"TZS","numeric":834,"native":"Tanzanian Shilling","localized":"shilling tanzanien"},"ta":{"code":"INR","numeric":356,"native":"Indian Rupee","localized":"roupie indienne"},"te":{"code":"INR","numeric":356,"native":"Indian Rupee","localized":"roupie indienne"},"tg":{"code":"TJS","numeric":972,"native":"Tajikistani Somoni","localized":"somoni tadjik"},"th":{"code":"THB","numeric":764,"native":"บาท","localized":"baht thaïlandais"},"ti":{"code":"ETB","numeric":230,"native":"Ethiopian Birr","localized":"birr éthiopien"},"tk":{"code":"TMT","numeric":934,"native":"Turkmenistani Manat","localized":"nouveau manat turkmène"},"tl":{"code":"PHP","numeric":608,"native":"Philippine Peso","localized":"peso philippin"},"tr":{"code":"TRY","numeric":949,"native":"Türk Lirası","localized":"livre turque"},"tt":{"code":"RUB","numeric":643,"native":"Russian Ruble","localized":"rouble russe"},"ug":{"code":"CNY","numeric":156,"native":"Chinese Yuan","localized":"yuan renminbi chinois"},"uk":{"code":"UAH","numeric":980,"native":"українська гривня","localized":"hryvnia ukrainienne"},"ur":{"code":"PKR","numeric":586,"native":"Pakistani Rupee","localized":"roupie pakistanaise"},"uz_Cyrl":{"code":"UZS","numeric":860,"native":"Uzbekistani Som","localized":"sum ouzbek"},"uz_Latn":{"code":"UZS","numeric":860,"native":"Uzbekistani Som","localized":"sum ouzbek"},"vi":{"code":"VND","numeric":704,"native":"Đồng Việt Nam","localized":"dông vietnamien"},"xh":{"code":"ZAR","numeric":710,"native":"South African Rand","localized":"rand sud-africain"},"yi":{"code":"USD","numeric":840,"native":"","localized":""},"yo":{"code":"NGN","numeric":566,"native":"Nigerian Naira","localized":"naira nigérian"},"zh_CN":{"code":"CNY","numeric":156,"native":"人民币","localized":"yuan renminbi chinois"},"zh_HK":{"code":"HKD","numeric":344,"native":"港元","localized":"dollar de Hong Kong"},"zh_TW":{"code":"TWD","numeric":901,"native":"新台币","localized":"nouveau dollar taïwanais"},"zu":{"code":"ZAR","numeric":710,"native":"South African Rand","localized":"rand sud-africain"}}
