{"af":{"code":"ZAR","numeric":710,"native":"South African Rand","localized":"ראנד דרום אפריקאי"},"ak":{"code":"GHS","numeric":936,"native":"Ghanaian Cedi","localized":"סדי גאני"},"am":{"code":"ETB","numeric":230,"native":"Ethiopian Birr","localized":"ביר אתיופי"},"ar":{"code":"EGP","numeric":818,"native":"جنيه مصري","localized":"לירה מצרית"},"as":{"code":"INR","numeric":356,"native":"Indian Rupee","localized":"רופי הודי"},"az":{"code":"AZN","numeric":944,"native":"Azerbaijani Manat","localized":"מאנאט אזרבייג׳ני"},"be":{"code":"BYN","numeric":840,"native":"Belarusian Ruble","localized":"רובל בלרוסי"},"bg":{"code":"BGN","numeric":975,"native":"Bulgarian Lev","localized":"לב בולגרי"},"bho":{"code":"INR","numeric":356,"native":"Indian Rupee","localized":"רופי הודי"},"bm":{"code":"XOF","numeric":952,"native":"West African CFA Franc","localized":"פרנק CFA מערב אפריקני"},"bn":{"code":"BDT","numeric":50,"native":"Bangladeshi Taka","localized":"טאקה בנגלדשי"},"bs":{"code":"BAM","numeric":977,"native":"Bosnia-Herzegovina Convertible Mark","localized":"מארק סחיר של בוסניה והרצגובינה"},"ca":{"code":"EUR","numeric":978,"native":"euro","localized":"אירו"},"ceb":{"code":"PHP","numeric":608,"native":"Philippine Peso","localized":"פסו פיליפיני"},"ckb":{"code":"IQD","numeric":368,"native":"Iraqi Dinar","localized":"דינר עיראקי"},"cs":{"code":"CZK","numeric":203,"native":"česká koruna","localized":"קורונה צ׳כית"},"cy":{"code":"GBP","numeric":826,"native":"British Pound","localized":"לירה שטרלינג"},"da":{"code":"DKK","numeric":208,"native":"dansk krone","localized":"כתר דני"},"de":{"code":"EUR","numeric":978,"native":"Euro","localized":"אירו"},"de_AT":{"code":"EUR","numeric":978,"native":"Euro","localized":"אירו"},"de_CH":{"code":"CHF","numeric":756,"native":"Schweizer Franken","localized":"פרנק שוויצרי"},"doi":{"code":"INR","numeric":356,"native":"Indian Rupee","localized":"רופי הודי"},"ee":{"code":"GHS","numeric":936,"native":"Ghanaian Cedi","localized":"סדי גאני"},"el":{"code":"EUR","numeric":978,"native":"Ευρώ","localized":"אירו"},"en":{"code":"USD","numeric":840,"native":"US Dollar","localized":"דולר אמריקאי"},"en_CA":{"code":"CAD","numeric":124,"native":"Canadian Dollar","localized":"דולר קנדי"},"eo":{"code":"USD","numeric":840,"native":"","localized":""},"es":{"code":"EUR","numeric":978,"native":"euro","localized":"אירו"},"et":{"code":"EUR","numeric":978,"native":"Euro","localized":"אירו"},"eu":{"code":"EUR","numeric":978,"native":"Euro","localized":"אירו"},"fa":{"code":"IRR","numeric":364,"native":"Iranian Rial","localized":"ריאל איראני"},"fi":{"code":"EUR","numeric":978,"native":"euro","localized":"אירו"},"fil":{"code":"PHP","numeric":608,"native":"Philippine Peso","localized":"פסו פיליפיני"},"fr":{"code":"EUR","numeric":978,"native":"euro","localized":"אירו"},"fy":{"code":"EUR","numeric":978,"native":"Euro","localized":"אירו"},"ga":{"code":"EUR","numeric":978,"native":"Euro","localized":"אירו"},"gd":{"code":"GBP","numeric":826,"native":"British Pound","localized":"לירה שטרלינג"},"gl":{"code":"EUR","numeric":978,"native":"Euro","localized":"אירו"},"gu":{"code":"INR","numeric":356,"native":"Indian Rupee","localized":"רופי הודי"},"ha":{"code":"NGN","numeric":566,"native":"Nigerian Naira","localized":"נאירה ניגרי"},"haw":{"code":"USD","numeric":840,"native":"US Dollar","localized":"דולר אמריקאי"},"he":{"code":"ILS","numeric":376,"native":"שקל חדש","localized":"שקל חדש"},"hi":{"code":"INR","numeric":356,"native":"भारतीय रुपया","localized":"רופי הודי"},"hr":{"code":"EUR","numeric":978,"native":"euro","localized":"אירו"},"ht":{"code":"HTG","numeric":332,"native":"gourde haïtienne","localized":"גורד האיטי"},"hu":{"code":"HUF","numeric":348,"native":"magyar forint","localized":"פורינט הונגרי"},"hy":{"code":"AMD","numeric":51,"native":"Armenian Dram","localized":"דראם ארמני"},"id":{"code":"IDR","numeric":360,"native":"Indonesian Rupiah","localized":"רופיה אינדונזית"},"ig":{"code":"NGN","numeric":566,"native":"Nigerian Naira","localized":"נאירה ניגרי"},"is":{"code":"ISK","numeric":352,"native":"Icelandic Króna","localized":"כתר איסלנדי"},"it":{"code":"EUR","numeric":978,"native":"euro","localized":"אירו"},"ja":{"code":"JPY","numeric":392,"native":"日本円","localized":"ין יפני"},"ka":{"code":"GEL","numeric":981,"native":"Georgian Lari","localized":"לארי גאורגי"},"kk":{"code":"KZT","numeric":398,"native":"Kazakhstani Tenge","localized":"טנגה קזחסטני"},"km":{"code":"KHR","numeric":116,"native":"Cambodian Riel","localized":"ריל קמבודי"},"kn":{"code":"INR","numeric":356,"native":"Indian Rupee","localized":"רופי הודי"},"ko":{"code":"KRW","numeric":410,"native":"대한민국 원","localized":"וון דרום קוריאני"},"ku":{"code":"TRY","numeric":949,"native":"Turkish Lira","localized":"לירה טורקית חדשה"},"ky":{"code":"KGS","numeric":417,"native":"Kyrgystani Som","localized":"סום קירגיזי"},"lb":{"code":"EUR","numeric":978,"native":"Euro","localized":"אירו"},"lg":{"code":"UGX","numeric":800,"native":"Ugandan Shilling","localized":"שילינג אוגנדי"},"ln":{"code":"CDF","numeric":976,"native":"Congolese Franc","localized":"פרנק קונגולזי"},"lo":{"code":"LAK","numeric":418,"native":"Laotian Kip","localized":"קיפ לאי"},"lt":{"code":"EUR","numeric":978,"native":"Euro","localized":"אירו"},"lv":{"code":"EUR","numeric":978,"native":"Euro","localized":"אירו"},"mai":{"code":"INR","numeric":356,"native":"Indian Rupee","localized":"רופי הודי"},"mg":{"code":"MGA","numeric":969,"native":"Malagasy Ariary","localized":"אריארי מלגשי"},"mi":{"code":"NZD","numeric":554,"native":"New Zealand Dollar","localized":"דולר ניו זילנדי"},"mk":{"code":"MKD","numeric":807,"native":"Macedonian Denar","localized":"דינר מקדוני"},"ml":{"code":"INR","numeric":356,"native":"Indian Rupee","localized":"רופי הודי"},"mn":{"code":"MNT","numeric":496,"native":"Mongolian Tugrik","localized":"טוגרוג מונגולי"},"mni_Mtei":{"code":"INR","numeric":356,"native":"Indian Rupee","localized":"רופי הודי"},"mr":{"code":"INR","numeric":356,"native":"Indian Rupee","localized":"רופי הודי"},"ms":{"code":"MYR","numeric":458,"native":"Malaysian Ringgit","localized":"רינגיט מלזי"},"mt":{"code":"EUR","numeric":978,"native":"Euro","localized":"אירו"},"my":{"code":"MMK","numeric":104,"native":"Myanmar Kyat","localized":"קיאט מיאנמרי"},"nb":{"code":"NOK","numeric":578,"native":"norske kroner","localized":"כתר נורווגי"},"ne":{"code":"NPR","numeric":524,"native":"Nepalese Rupee","localized":"רופי נפאלי"},"nl":{"code":"EUR","numeric":978,"native":"Euro","localized":"אירו"},"nn":{"code":"NOK","numeric":578,"native":"norske kroner","localized":"כתר נורווגי"},"oc":{"code":"EUR","numeric":978,"native":"Euro","localized":"אירו"},"om":{"code":"ETB","numeric":230,"native":"Ethiopian Birr","localized":"ביר אתיופי"},"or":{"code":"INR","numeric":356,"native":"Indian Rupee","localized":"רופי הודי"},"pa":{"code":"INR","numeric":356,"native":"Indian Rupee","localized":"רופי הודי"},"pl":{"code":"PLN","numeric":985,"native":"złoty polski","localized":"זלוטי פולני"},"ps":{"code":"AFN","numeric":971,"native":"Afghan Afghani","localized":"אפגני אפגני"},"pt":{"code":"BRL","numeric":986,"native":"Real brasileiro","localized":"ריאל ברזילאי"},"pt_BR":{"code":"BRL","numeric":986,"native":"Real brasileiro","localized":"ריאל ברזילאי"},"qu":{"code":"PEN","numeric":604,"native":"Peruvian Sol","localized":"סול פרואני"},"ro":{"code":"RON","numeric":946,"native":"leu românesc","localized":"לאו רומני"},"ru":{"code":"RUB","numeric":643,"native":"российский рубль","localized":"רובל רוסי"},"rw":{"code":"RWF","numeric":646,"native":"Rwandan Franc","localized":"פרנק רואנדי"},"sa":{"code":"INR","numeric":356,"native":"Indian Rupee","localized":"רופי הודי"},"sc":{"code":"EUR","numeric":978,"native":"Euro","localized":"אירו"},"sd":{"code":"PKR","numeric":586,"native":"Pakistani Rupee","localized":"רופי פקיסטני"},"si":{"code":"LKR","numeric":144,"native":"Sri Lankan Rupee","localized":"רופי סרי לנקי"},"sk":{"code":"EUR","numeric":978,"native":"euro","localized":"אירו"},"sl":{"code":"EUR","numeric":978,"native":"evro","localized":"אירו"},"sn":{"code":"USD","numeric":840,"native":"US Dollar","localized":"דולר אמריקאי"},"so":{"code":"SOS","numeric":706,"native":"Somali Shilling","localized":"שילינג סומלי"},"sq":{"code":"ALL","numeric":8,"native":"Albanian Lek","localized":"לק אלבני"},"sr_Cyrl":{"code":"RSD","numeric":941,"native":"српски динар","localized":"דינר סרבי"},"sr_Latn":{"code":"RSD","numeric":941,"native":"Serbian Dinar","localized":"דינר סרבי"},"sr_Latn_ME":{"code":"EUR","numeric":978,"native":"Euro","localized":"אירו"},"su":{"code":"IDR","numeric":360,"native":"Indonesian Rupiah","localized":"רופיה אינדונזית"},"sv":{"code":"SEK","numeric":752,"native":"svensk krona","localized":"כתר שוודי"},"sw":{"code":"TZS","numeric":834,"native":"Tanzanian Shilling","localized":"שילינג טנזני"},"ta":{"code":"INR","numeric":356,"native":"Indian Rupee","localized":"רופי הודי"},"te":{"code":"INR","numeric":356,"native":"Indian Rupee","localized":"רופי הודי"},"tg":{"code":"TJS","numeric":972,"native":"Tajikistani Somoni","localized":"סומוני טג׳קיסטני"},"th":{"code":"THB","numeric":764,"native":"บาท","localized":"בהט תאילנדי"},"ti":{"code":"ETB","numeric":230,"native":"Ethiopian Birr","localized":"ביר אתיופי"},"tk":{"code":"TMT","numeric":934,"native":"Turkmenistani Manat","localized":"מאנאט טורקמני"},"tl":{"code":"PHP","numeric":608,"native":"Philippine Peso","localized":"פסו פיליפיני"},"tr":{"code":"TRY","numeric":949,"native":"Türk Lirası","localized":"לירה טורקית חדשה"},"tt":{"code":"RUB","numeric":643,"native":"Russian Ruble","localized":"רובל רוסי"},"ug":{"code":"CNY","numeric":156,"native":"Chinese Yuan","localized":"יואן סיני"},"uk":{"code":"UAH","numeric":980,"native":"українська гривня","localized":"הריבנה אוקראיני"},"ur":{"code":"PKR","numeric":586,"native":"Pakistani Rupee","localized":"רופי פקיסטני"},"uz_Cyrl":{"code":"UZS","numeric":860,"native":"Uzbekistani Som","localized":"סום אוזבקי"},"uz_Latn":{"code":"UZS","numeric":860,"native":"Uzbekistani Som","localized":"סום אוזבקי"},"vi":{"code":"VND","numeric":704,"native":"Đồng Việt Nam","localized":"דונג וייטנאמי"},"xh":{"code":"ZAR","numeric":710,"native":"South African Rand","localized":"ראנד דרום אפריקאי"},"yi":{"code":"USD","numeric":840,"native":"","localized":""},"yo":{"code":"NGN","numeric":566,"native":"Nigerian Naira","localized":"נאירה ניגרי"},"zh_CN":{"code":"CNY","numeric":156,"native":"人民币","localized":"יואן סיני"},"zh_HK":{"code":"HKD","numeric":344,"native":"港元","localized":"דולר הונג קונגי"},"zh_TW":{"code":"TWD","numeric":901,"native":"新台币","localized":"דולר טייוואני חדש"},"zu":{"code":"ZAR","numeric":710,"native":"South African Rand","localized":"ראנד דרום אפריקאי"}}
