{"af":{"code":"ZAR","numeric":710,"native":"South African Rand","localized":"južnoafrički rand"},"ak":{"code":"GHS","numeric":936,"native":"Ghanaian Cedi","localized":"ganski cedi"},"am":{"code":"ETB","numeric":230,"native":"Ethiopian Birr","localized":"etiopski bir"},"ar":{"code":"EGP","numeric":818,"native":"جنيه مصري","localized":"egipatska funta"},"as":{"code":"INR","numeric":356,"native":"Indian Rupee","localized":"indijska rupija"},"az":{"code":"AZN","numeric":944,"native":"Azerbaijani Manat","localized":"azerbajdžanski manat"},"be":{"code":"BYN","numeric":840,"native":"Belarusian Ruble","localized":"bjeloruski rubalj"},"bg":{"code":"BGN","numeric":975,"native":"Bulgarian Lev","localized":"bugarski lev"},"bho":{"code":"INR","numeric":356,"native":"Indian Rupee","localized":"indijska rupija"},"bm":{"code":"XOF","numeric":952,"native":"West African CFA Franc","localized":"CFA franak BCEAO"},"bn":{"code":"BDT","numeric":50,"native":"Bangladeshi Taka","localized":"bangladeška taka"},"bs":{"code":"BAM","numeric":977,"native":"Bosnia-Herzegovina Convertible Mark","localized":"konvertibilna marka"},"ca":{"code":"EUR","numeric":978,"native":"euro","localized":"euro"},"ceb":{"code":"PHP","numeric":608,"native":"Philippine Peso","localized":"filipinski pezo"},"ckb":{"code":"IQD","numeric":368,"native":"Iraqi Dinar","localized":"irački dinar"},"cs":{"code":"CZK","numeric":203,"native":"česká koruna","localized":"češka kruna"},"cy":{"code":"GBP","numeric":826,"native":"British Pound","localized":"britanska funta"},"da":{"code":"DKK","numeric":208,"native":"dansk krone","localized":"danska kruna"},"de":{"code":"EUR","numeric":978,"native":"Euro","localized":"euro"},"de_AT":{"code":"EUR","numeric":978,"native":"Euro","localized":"euro"},"de_CH":{"code":"CHF","numeric":756,"native":"Schweizer Franken","localized":"švicarski franak"},"doi":{"code":"INR","numeric":356,"native":"Indian Rupee","localized":"indijska rupija"},"ee":{"code":"GHS","numeric":936,"native":"Ghanaian Cedi","localized":"ganski cedi"},"el":{"code":"EUR","numeric":978,"native":"Ευρώ","localized":"euro"},"en":{"code":"USD","numeric":840,"native":"US Dollar","localized":"američki dolar"},"en_CA":{"code":"CAD","numeric":124,"native":"Canadian Dollar","localized":"kanadski dolar"},"eo":{"code":"USD","numeric":840,"native":"","localized":""},"es":{"code":"EUR","numeric":978,"native":"euro","localized":"euro"},"et":{"code":"EUR","numeric":978,"native":"Euro","localized":"euro"},"eu":{"code":"EUR","numeric":978,"native":"Euro","localized":"euro"},"fa":{"code":"IRR","numeric":364,"native":"Iranian Rial","localized":"iranski rijal"},"fi":{"code":"EUR","numeric":978,"native":"euro","localized":"euro"},"fil":{"code":"PHP","numeric":608,"native":"Philippine Peso","localized":"filipinski pezo"},"fr":{"code":"EUR","numeric":978,"native":"euro","localized":"euro"},"fy":{"code":"EUR","numeric":978,"native":"Euro","localized":"euro"},"ga":{"code":"EUR","numeric":978,"native":"Euro","localized":"euro"},"gd":{"code":"GBP","numeric":826,"native":"British Pound","localized":"britanska funta"},"gl":{"code":"EUR","numeric":978,"native":"Euro","localized":"euro"},"gu":{"code":"INR","numeric":356,"native":"Indian Rupee","localized":"indijska rupija"},"ha":{"code":"NGN","numeric":566,"native":"Nigerian Naira","localized":"nigerijska naira"},"haw":{"code":"USD","numeric":840,"native":"US Dollar","localized":"američki dolar"},"he":{"code":"ILS","numeric":376,"native":"שקל חדש","localized":"novi izraelski šekel"},"hi":{"code":"INR","numeric":356,"native":"भारतीय रुपया","localized":"indijska rupija"},"hr":{"code":"EUR","numeric":978,"native":"euro","localized":"euro"},"ht":{"code":"HTG","numeric":332,"native":"gourde haïtienne","localized":"haićanski gourd"},"hu":{"code":"HUF","numeric":348,"native":"magyar forint","localized":"mađarska forinta"},"hy":{"code":"AMD","numeric":51,"native":"Armenian Dram","localized":"armenski dram"},"id":{"code":"IDR","numeric":360,"native":"Indonesian Rupiah","localized":"indonezijska rupija"},"ig":{"code":"NGN","numeric":566,"native":"Nigerian Naira","localized":"nigerijska naira"},"is":{"code":"ISK","numeric":352,"native":"Icelandic Króna","localized":"islandska kruna"},"it":{"code":"EUR","numeric":978,"native":"euro","localized":"euro"},"ja":{"code":"JPY","numeric":392,"native":"日本円","localized":"japanski jen"},"ka":{"code":"GEL","numeric":981,"native":"Georgian Lari","localized":"gruzijski lari"},"kk":{"code":"KZT","numeric":398,"native":"Kazakhstani Tenge","localized":"kazahstanski tenge"},"km":{"code":"KHR","numeric":116,"native":"Cambodian Riel","localized":"kambodžanski rijal"},"kn":{"code":"INR","numeric":356,"native":"Indian Rupee","localized":"indijska rupija"},"ko":{"code":"KRW","numeric":410,"native":"대한민국 원","localized":"južnokorejski won"},"ku":{"code":"TRY","numeric":949,"native":"Turkish Lira","localized":"turska lira"},"ky":{"code":"KGS","numeric":417,"native":"Kyrgystani Som","localized":"kirgiski som"},"lb":{"code":"EUR","numeric":978,"native":"Euro","localized":"euro"},"lg":{"code":"UGX","numeric":800,"native":"Ugandan Shilling","localized":"ugandski šiling"},"ln":{"code":"CDF","numeric":976,"native":"Congolese Franc","localized":"kongoanski franak"},"lo":{"code":"LAK","numeric":418,"native":"Laotian Kip","localized":"laoski kip"},"lt":{"code":"EUR","numeric":978,"native":"Euro","localized":"euro"},"lv":{"code":"EUR","numeric":978,"native":"Euro","localized":"euro"},"mai":{"code":"INR","numeric":356,"native":"Indian Rupee","localized":"indijska rupija"},"mg":{"code":"MGA","numeric":969,"native":"Malagasy Ariary","localized":"malgaški arijari"},"mi":{"code":"NZD","numeric":554,"native":"New Zealand Dollar","localized":"novozelandski dolar"},"mk":{"code":"MKD","numeric":807,"native":"Macedonian Denar","localized":"makedonski denar"},"ml":{"code":"INR","numeric":356,"native":"Indian Rupee","localized":"indijska rupija"},"mn":{"code":"MNT","numeric":496,"native":"Mongolian Tugrik","localized":"mongolski tugrik"},"mni_Mtei":{"code":"INR","numeric":356,"native":"Indian Rupee","localized":"indijska rupija"},"mr":{"code":"INR","numeric":356,"native":"Indian Rupee","localized":"indijska rupija"},"ms":{"code":"MYR","numeric":458,"native":"Malaysian Ringgit","localized":"malezijski ringit"},"mt":{"code":"EUR","numeric":978,"native":"Euro","localized":"euro"},"my":{"code":"MMK","numeric":104,"native":"Myanmar Kyat","localized":"mjanmarski kjat"},"nb":{"code":"NOK","numeric":578,"native":"norske kroner","localized":"norveška kruna"},"ne":{"code":"NPR","numeric":524,"native":"Nepalese Rupee","localized":"nepalska rupija"},"nl":{"code":"EUR","numeric":978,"native":"Euro","localized":"euro"},"nn":{"code":"NOK","numeric":578,"native":"norske kroner","localized":"norveška kruna"},"oc":{"code":"EUR","numeric":978,"native":"Euro","localized":"euro"},"om":{"code":"ETB","numeric":230,"native":"Ethiopian Birr","localized":"etiopski bir"},"or":{"code":"INR","numeric":356,"native":"Indian Rupee","localized":"indijska rupija"},"pa":{"code":"INR","numeric":356,"native":"Indian Rupee","localized":"indijska rupija"},"pl":{"code":"PLN","numeric":985,"native":"złoty polski","localized":"poljska zlota"},"ps":{"code":"AFN","numeric":971,"native":"Afghan Afghani","localized":"afganistanski afgani"},"pt":{"code":"BRL","numeric":986,"native":"Real brasileiro","localized":"brazilski real"},"pt_BR":{"code":"BRL","numeric":986,"native":"Real brasileiro","localized":"brazilski real"},"qu":{"code":"PEN","numeric":604,"native":"Peruvian Sol","localized":"peruanski sol"},"ro":{"code":"RON","numeric":946,"native":"leu românesc","localized":"rumunjski lej"},"ru":{"code":"RUB","numeric":643,"native":"российский рубль","localized":"ruski rubalj"},"rw":{"code":"RWF","numeric":646,"native":"Rwandan Franc","localized":"ruandski franak"},"sa":{"code":"INR","numeric":356,"native":"Indian Rupee","localized":"indijska rupija"},"sc":{"code":"EUR","numeric":978,"native":"Euro","localized":"euro"},"sd":{"code":"PKR","numeric":586,"native":"Pakistani Rupee","localized":"pakistanska rupija"},"si":{"code":"LKR","numeric":144,"native":"Sri Lankan Rupee","localized":"šrilankanska rupija"},"sk":{"code":"EUR","numeric":978,"native":"euro","localized":"euro"},"sl":{"code":"EUR","numeric":978,"native":"evro","localized":"euro"},"sn":{"code":"USD","numeric":840,"native":"US Dollar","localized":"američki dolar"},"so":{"code":"SOS","numeric":706,"native":"Somali Shilling","localized":"somalijski šiling"},"sq":{"code":"ALL","numeric":8,"native":"Albanian Lek","localized":"albanski lek"},"sr_Cyrl":{"code":"RSD","numeric":941,"native":"српски динар","localized":"srpski dinar"},"sr_Latn":{"code":"RSD","numeric":941,"native":"Serbian Dinar","localized":"srpski dinar"},"sr_Latn_ME":{"code":"EUR","numeric":978,"native":"Euro","localized":"euro"},"su":{"code":"IDR","numeric":360,"native":"Indonesian Rupiah","localized":"indonezijska rupija"},"sv":{"code":"SEK","numeric":752,"native":"svensk krona","localized":"švedska kruna"},"sw":{"code":"TZS","numeric":834,"native":"Tanzanian Shilling","localized":"tanzanijski šiling"},"ta":{"code":"INR","numeric":356,"native":"Indian Rupee","localized":"indijska rupija"},"te":{"code":"INR","numeric":356,"native":"Indian Rupee","localized":"indijska rupija"},"tg":{"code":"TJS","numeric":972,"native":"Tajikistani Somoni","localized":"tadžikistanski somoni"},"th":{"code":"THB","numeric":764,"native":"บาท","localized":"tajlandski baht"},"ti":{"code":"ETB","numeric":230,"native":"Ethiopian Birr","localized":"etiopski bir"},"tk":{"code":"TMT","numeric":934,"native":"Turkmenistani Manat","localized":"turkmenistanski manat"},"tl":{"code":"PHP","numeric":608,"native":"Philippine Peso","localized":"filipinski pezo"},"tr":{"code":"TRY","numeric":949,"native":"Türk Lirası","localized":"turska lira"},"tt":{"code":"RUB","numeric":643,"native":"Russian Ruble","localized":"ruski rubalj"},"ug":{"code":"CNY","numeric":156,"native":"Chinese Yuan","localized":"kineski yuan"},"uk":{"code":"UAH","numeric":980,"native":"українська гривня","localized":"ukrajinska hrivnja"},"ur":{"code":"PKR","numeric":586,"native":"Pakistani Rupee","localized":"pakistanska rupija"},"uz_Cyrl":{"code":"UZS","numeric":860,"native":"Uzbekistani Som","localized":"uzbekistanski som"},"uz_Latn":{"code":"UZS","numeric":860,"native":"Uzbekistani Som","localized":"uzbekistanski som"},"vi":{"code":"VND","numeric":704,"native":"Đồng Việt Nam","localized":"vijetnamski dong"},"xh":{"code":"ZAR","numeric":710,"native":"South African Rand","localized":"južnoafrički rand"},"yi":{"code":"USD","numeric":840,"native":"","localized":""},"yo":{"code":"NGN","numeric":566,"native":"Nigerian Naira","localized":"nigerijska naira"},"zh_CN":{"code":"CNY","numeric":156,"native":"人民币","localized":"kineski yuan"},"zh_HK":{"code":"HKD","numeric":344,"native":"港元","localized":"hongkonški dolar"},"zh_TW":{"code":"TWD","numeric":901,"native":"新台币","localized":"novotajvanski dolar"},"zu":{"code":"ZAR","numeric":710,"native":"South African Rand","localized":"južnoafrički rand"}}
