{"af":{"code":"ZAR","numeric":710,"native":"South African Rand","localized":"dél-afrikai rand"},"ak":{"code":"GHS","numeric":936,"native":"Ghanaian Cedi","localized":"ghánai cedi"},"am":{"code":"ETB","numeric":230,"native":"Ethiopian Birr","localized":"etiópiai birr"},"ar":{"code":"EGP","numeric":818,"native":"جنيه مصري","localized":"egyiptomi font"},"as":{"code":"INR","numeric":356,"native":"Indian Rupee","localized":"indiai rúpia"},"az":{"code":"AZN","numeric":944,"native":"Azerbaijani Manat","localized":"azerbajdzsáni manat"},"be":{"code":"BYN","numeric":840,"native":"Belarusian Ruble","localized":"belarusz rubel"},"bg":{"code":"BGN","numeric":975,"native":"Bulgarian Lev","localized":"bolgár új leva"},"bho":{"code":"INR","numeric":356,"native":"Indian Rupee","localized":"indiai rúpia"},"bm":{"code":"XOF","numeric":952,"native":"West African CFA Franc","localized":"CFA frank BCEAO"},"bn":{"code":"BDT","numeric":50,"native":"Bangladeshi Taka","localized":"bangladesi taka"},"bs":{"code":"BAM","numeric":977,"native":"Bosnia-Herzegovina Convertible Mark","localized":"bosznia-hercegovinai konvertibilis márka"},"ca":{"code":"EUR","numeric":978,"native":"euro","localized":"euró"},"ceb":{"code":"PHP","numeric":608,"native":"Philippine Peso","localized":"fülöp-szigeteki peso"},"ckb":{"code":"IQD","numeric":368,"native":"Iraqi Dinar","localized":"iraki dínár"},"cs":{"code":"CZK","numeric":203,"native":"česká koruna","localized":"cseh korona"},"cy":{"code":"GBP","numeric":826,"native":"British Pound","localized":"angol font"},"da":{"code":"DKK","numeric":208,"native":"dansk krone","localized":"dán korona"},"de":{"code":"EUR","numeric":978,"native":"Euro","localized":"euró"},"de_AT":{"code":"EUR","numeric":978,"native":"Euro","localized":"euró"},"de_CH":{"code":"CHF","numeric":756,"native":"Schweizer Franken","localized":"svájci frank"},"doi":{"code":"INR","numeric":356,"native":"Indian Rupee","localized":"indiai rúpia"},"ee":{"code":"GHS","numeric":936,"native":"Ghanaian Cedi","localized":"ghánai cedi"},"el":{"code":"EUR","numeric":978,"native":"Ευρώ","localized":"euró"},"en":{"code":"USD","numeric":840,"native":"US Dollar","localized":"USA-dollár"},"en_CA":{"code":"CAD","numeric":124,"native":"Canadian Dollar","localized":"kanadai dollár"},"eo":{"code":"USD","numeric":840,"native":"","localized":""},"es":{"code":"EUR","numeric":978,"native":"euro","localized":"euró"},"et":{"code":"EUR","numeric":978,"native":"Euro","localized":"euró"},"eu":{"code":"EUR","numeric":978,"native":"Euro","localized":"euró"},"fa":{"code":"IRR","numeric":364,"native":"Iranian Rial","localized":"iráni rial"},"fi":{"code":"EUR","numeric":978,"native":"euro","localized":"euró"},"fil":{"code":"PHP","numeric":608,"native":"Philippine Peso","localized":"fülöp-szigeteki peso"},"fr":{"code":"EUR","numeric":978,"native":"euro","localized":"euró"},"fy":{"code":"EUR","numeric":978,"native":"Euro","localized":"euró"},"ga":{"code":"EUR","numeric":978,"native":"Euro","localized":"euró"},"gd":{"code":"GBP","numeric":826,"native":"British Pound","localized":"angol font"},"gl":{"code":"EUR","numeric":978,"native":"Euro","localized":"euró"},"gu":{"code":"INR","numeric":356,"native":"Indian Rupee","localized":"indiai rúpia"},"ha":{"code":"NGN","numeric":566,"native":"Nigerian Naira","localized":"nigériai naira"},"haw":{"code":"USD","numeric":840,"native":"US Dollar","localized":"USA-dollár"},"he":{"code":"ILS","numeric":376,"native":"שקל חדש","localized":"izraeli új sékel"},"hi":{"code":"INR","numeric":356,"native":"भारतीय रुपया","localized":"indiai rúpia"},"hr":{"code":"EUR","numeric":978,"native":"euro","localized":"euró"},"ht":{"code":"HTG","numeric":332,"native":"gourde haïtienne","localized":"haiti gourde"},"hu":{"code":"HUF","numeric":348,"native":"magyar forint","localized":"magyar forint"},"hy":{"code":"AMD","numeric":51,"native":"Armenian Dram","localized":"örmény dram"},"id":{"code":"IDR","numeric":360,"native":"Indonesian Rupiah","localized":"indonéz rúpia"},"ig":{"code":"NGN","numeric":566,"native":"Nigerian Naira","localized":"nigériai naira"},"is":{"code":"ISK","numeric":352,"native":"Icelandic Króna","localized":"izlandi korona"},"it":{"code":"EUR","numeric":978,"native":"euro","localized":"euró"},"ja":{"code":"JPY","numeric":392,"native":"日本円","localized":"japán jen"},"ka":{"code":"GEL","numeric":981,"native":"Georgian Lari","localized":"grúz lari"},"kk":{"code":"KZT","numeric":398,"native":"Kazakhstani Tenge","localized":"kazahsztáni tenge"},"km":{"code":"KHR","numeric":116,"native":"Cambodian Riel","localized":"kambodzsai riel"},"kn":{"code":"INR","numeric":356,"native":"Indian Rupee","localized":"indiai rúpia"},"ko":{"code":"KRW","numeric":410,"native":"대한민국 원","localized":"dél-koreai won"},"ku":{"code":"TRY","numeric":949,"native":"Turkish Lira","localized":"török líra"},"ky":{"code":"KGS","numeric":417,"native":"Kyrgystani Som","localized":"kirgizisztáni szom"},"lb":{"code":"EUR","numeric":978,"native":"Euro","localized":"euró"},"lg":{"code":"UGX","numeric":800,"native":"Ugandan Shilling","localized":"ugandai shilling"},"ln":{"code":"CDF","numeric":976,"native":"Congolese Franc","localized":"kongói frank"},"lo":{"code":"LAK","numeric":418,"native":"Laotian Kip","localized":"laoszi kip"},"lt":{"code":"EUR","numeric":978,"native":"Euro","localized":"euró"},"lv":{"code":"EUR","numeric":978,"native":"Euro","localized":"euró"},"mai":{"code":"INR","numeric":356,"native":"Indian Rupee","localized":"indiai rúpia"},"mg":{"code":"MGA","numeric":969,"native":"Malagasy Ariary","localized":"madagaszkári ariary"},"mi":{"code":"NZD","numeric":554,"native":"New Zealand Dollar","localized":"új-zélandi dollár"},"mk":{"code":"MKD","numeric":807,"native":"Macedonian Denar","localized":"macedon dínár"},"ml":{"code":"INR","numeric":356,"native":"Indian Rupee","localized":"indiai rúpia"},"mn":{"code":"MNT","numeric":496,"native":"Mongolian Tugrik","localized":"mongóliai tugrik"},"mni_Mtei":{"code":"INR","numeric":356,"native":"Indian Rupee","localized":"indiai rúpia"},"mr":{"code":"INR","numeric":356,"native":"Indian Rupee","localized":"indiai rúpia"},"ms":{"code":"MYR","numeric":458,"native":"Malaysian Ringgit","localized":"malajziai ringgit"},"mt":{"code":"EUR","numeric":978,"native":"Euro","localized":"euró"},"my":{"code":"MMK","numeric":104,"native":"Myanmar Kyat","localized":"mianmari kyat"},"nb":{"code":"NOK","numeric":578,"native":"norske kroner","localized":"norvég korona"},"ne":{"code":"NPR","numeric":524,"native":"Nepalese Rupee","localized":"nepáli rúpia"},"nl":{"code":"EUR","numeric":978,"native":"Euro","localized":"euró"},"nn":{"code":"NOK","numeric":578,"native":"norske kroner","localized":"norvég korona"},"oc":{"code":"EUR","numeric":978,"native":"Euro","localized":"euró"},"om":{"code":"ETB","numeric":230,"native":"Ethiopian Birr","localized":"etiópiai birr"},"or":{"code":"INR","numeric":356,"native":"Indian Rupee","localized":"indiai rúpia"},"pa":{"code":"INR","numeric":356,"native":"Indian Rupee","localized":"indiai rúpia"},"pl":{"code":"PLN","numeric":985,"native":"złoty polski","localized":"lengyel zloty"},"ps":{"code":"AFN","numeric":971,"native":"Afghan Afghani","localized":"afgán afghani"},"pt":{"code":"BRL","numeric":986,"native":"Real brasileiro","localized":"brazil real"},"pt_BR":{"code":"BRL","numeric":986,"native":"Real brasileiro","localized":"brazil real"},"qu":{"code":"PEN","numeric":604,"native":"Peruvian Sol","localized":"perui sol"},"ro":{"code":"RON","numeric":946,"native":"leu românesc","localized":"román lej"},"ru":{"code":"RUB","numeric":643,"native":"российский рубль","localized":"orosz rubel"},"rw":{"code":"RWF","numeric":646,"native":"Rwandan Franc","localized":"ruandai frank"},"sa":{"code":"INR","numeric":356,"native":"Indian Rupee","localized":"indiai rúpia"},"sc":{"code":"EUR","numeric":978,"native":"Euro","localized":"euró"},"sd":{"code":"PKR","numeric":586,"native":"Pakistani Rupee","localized":"pakisztáni rúpia"},"si":{"code":"LKR","numeric":144,"native":"Sri Lankan Rupee","localized":"Srí Lanka-i rúpia"},"sk":{"code":"EUR","numeric":978,"native":"euro","localized":"euró"},"sl":{"code":"EUR","numeric":978,"native":"evro","localized":"euró"},"sn":{"code":"USD","numeric":840,"native":"US Dollar","localized":"USA-dollár"},"so":{"code":"SOS","numeric":706,"native":"Somali Shilling","localized":"szomáli shilling"},"sq":{"code":"ALL","numeric":8,"native":"Albanian Lek","localized":"albán lek"},"sr_Cyrl":{"code":"RSD","numeric":941,"native":"српски динар","localized":"szerb dínár"},"sr_Latn":{"code":"RSD","numeric":941,"native":"Serbian Dinar","localized":"szerb dínár"},"sr_Latn_ME":{"code":"EUR","numeric":978,"native":"Euro","localized":"euró"},"su":{"code":"IDR","numeric":360,"native":"Indonesian Rupiah","localized":"indonéz rúpia"},"sv":{"code":"SEK","numeric":752,"native":"svensk krona","localized":"svéd korona"},"sw":{"code":"TZS","numeric":834,"native":"Tanzanian Shilling","localized":"tanzániai shilling"},"ta":{"code":"INR","numeric":356,"native":"Indian Rupee","localized":"indiai rúpia"},"te":{"code":"INR","numeric":356,"native":"Indian Rupee","localized":"indiai rúpia"},"tg":{"code":"TJS","numeric":972,"native":"Tajikistani Somoni","localized":"tádzsikisztáni somoni"},"th":{"code":"THB","numeric":764,"native":"บาท","localized":"thai baht"},"ti":{"code":"ETB","numeric":230,"native":"Ethiopian Birr","localized":"etiópiai birr"},"tk":{"code":"TMT","numeric":934,"native":"Turkmenistani Manat","localized":"türkmenisztáni manat"},"tl":{"code":"PHP","numeric":608,"native":"Philippine Peso","localized":"fülöp-szigeteki peso"},"tr":{"code":"TRY","numeric":949,"native":"Türk Lirası","localized":"török líra"},"tt":{"code":"RUB","numeric":643,"native":"Russian Ruble","localized":"orosz rubel"},"ug":{"code":"CNY","numeric":156,"native":"Chinese Yuan","localized":"kínai jüan"},"uk":{"code":"UAH","numeric":980,"native":"українська гривня","localized":"ukrán hrivnya"},"ur":{"code":"PKR","numeric":586,"native":"Pakistani Rupee","localized":"pakisztáni rúpia"},"uz_Cyrl":{"code":"UZS","numeric":860,"native":"Uzbekistani Som","localized":"üzbegisztáni szum"},"uz_Latn":{"code":"UZS","numeric":860,"native":"Uzbekistani Som","localized":"üzbegisztáni szum"},"vi":{"code":"VND","numeric":704,"native":"Đồng Việt Nam","localized":"vietnámi dong"},"xh":{"code":"ZAR","numeric":710,"native":"South African Rand","localized":"dél-afrikai rand"},"yi":{"code":"USD","numeric":840,"native":"","localized":""},"yo":{"code":"NGN","numeric":566,"native":"Nigerian Naira","localized":"nigériai naira"},"zh_CN":{"code":"CNY","numeric":156,"native":"人民币","localized":"kínai jüan"},"zh_HK":{"code":"HKD","numeric":344,"native":"港元","localized":"hongkongi dollár"},"zh_TW":{"code":"TWD","numeric":901,"native":"新台币","localized":"tajvani új dollár"},"zu":{"code":"ZAR","numeric":710,"native":"South African Rand","localized":"dél-afrikai rand"}}
