{"af":{"code":"ZAR","numeric":710,"native":"South African Rand","localized":"rand sudafricano"},"ak":{"code":"GHS","numeric":936,"native":"Ghanaian Cedi","localized":"cedi ghanese"},"am":{"code":"ETB","numeric":230,"native":"Ethiopian Birr","localized":"birr etiope"},"ar":{"code":"EGP","numeric":818,"native":"جنيه مصري","localized":"sterlina egiziana"},"as":{"code":"INR","numeric":356,"native":"Indian Rupee","localized":"rupia indiana"},"az":{"code":"AZN","numeric":944,"native":"Azerbaijani Manat","localized":"manat azero"},"be":{"code":"BYN","numeric":840,"native":"Belarusian Ruble","localized":"rublo bielorusso"},"bg":{"code":"BGN","numeric":975,"native":"Bulgarian Lev","localized":"lev bulgaro"},"bho":{"code":"INR","numeric":356,"native":"Indian Rupee","localized":"rupia indiana"},"bm":{"code":"XOF","numeric":952,"native":"West African CFA Franc","localized":"franco CFA BCEAO"},"bn":{"code":"BDT","numeric":50,"native":"Bangladeshi Taka","localized":"taka bangladese"},"bs":{"code":"BAM","numeric":977,"native":"Bosnia-Herzegovina Convertible Mark","localized":"marco convertibile della Bosnia-Herzegovina"},"ca":{"code":"EUR","numeric":978,"native":"euro","localized":"euro"},"ceb":{"code":"PHP","numeric":608,"native":"Philippine Peso","localized":"peso filippino"},"ckb":{"code":"IQD","numeric":368,"native":"Iraqi Dinar","localized":"dinaro iracheno"},"cs":{"code":"CZK","numeric":203,"native":"česká koruna","localized":"corona ceca"},"cy":{"code":"GBP","numeric":826,"native":"British Pound","localized":"sterlina britannica"},"da":{"code":"DKK","numeric":208,"native":"dansk krone","localized":"corona danese"},"de":{"code":"EUR","numeric":978,"native":"Euro","localized":"euro"},"de_AT":{"code":"EUR","numeric":978,"native":"Euro","localized":"euro"},"de_CH":{"code":"CHF","numeric":756,"native":"Schweizer Franken","localized":"franco svizzero"},"doi":{"code":"INR","numeric":356,"native":"Indian Rupee","localized":"rupia indiana"},"ee":{"code":"GHS","numeric":936,"native":"Ghanaian Cedi","localized":"cedi ghanese"},"el":{"code":"EUR","numeric":978,"native":"Ευρώ","localized":"euro"},"en":{"code":"USD","numeric":840,"native":"US Dollar","localized":"dollaro statunitense"},"en_CA":{"code":"CAD","numeric":124,"native":"Canadian Dollar","localized":"dollaro canadese"},"eo":{"code":"USD","numeric":840,"native":"","localized":""},"es":{"code":"EUR","numeric":978,"native":"euro","localized":"euro"},"et":{"code":"EUR","numeric":978,"native":"Euro","localized":"euro"},"eu":{"code":"EUR","numeric":978,"native":"Euro","localized":"euro"},"fa":{"code":"IRR","numeric":364,"native":"Iranian Rial","localized":"rial iraniano"},"fi":{"code":"EUR","numeric":978,"native":"euro","localized":"euro"},"fil":{"code":"PHP","numeric":608,"native":"Philippine Peso","localized":"peso filippino"},"fr":{"code":"EUR","numeric":978,"native":"euro","localized":"euro"},"fy":{"code":"EUR","numeric":978,"native":"Euro","localized":"euro"},"ga":{"code":"EUR","numeric":978,"native":"Euro","localized":"euro"},"gd":{"code":"GBP","numeric":826,"native":"British Pound","localized":"sterlina britannica"},"gl":{"code":"EUR","numeric":978,"native":"Euro","localized":"euro"},"gu":{"code":"INR","numeric":356,"native":"Indian Rupee","localized":"rupia indiana"},"ha":{"code":"NGN","numeric":566,"native":"Nigerian Naira","localized":"naira nigeriana"},"haw":{"code":"USD","numeric":840,"native":"US Dollar","localized":"dollaro statunitense"},"he":{"code":"ILS","numeric":376,"native":"שקל חדש","localized":"nuovo siclo israeliano"},"hi":{"code":"INR","numeric":356,"native":"भारतीय रुपया","localized":"rupia indiana"},"hr":{"code":"EUR","numeric":978,"native":"euro","localized":"euro"},"ht":{"code":"HTG","numeric":332,"native":"gourde haïtienne","localized":"gourde haitiano"},"hu":{"code":"HUF","numeric":348,"native":"magyar forint","localized":"fiorino ungherese"},"hy":{"code":"AMD","numeric":51,"native":"Armenian Dram","localized":"dram armeno"},"id":{"code":"IDR","numeric":360,"native":"Indonesian Rupiah","localized":"rupia indonesiana"},"ig":{"code":"NGN","numeric":566,"native":"Nigerian Naira","localized":"naira nigeriana"},"is":{"code":"ISK","numeric":352,"native":"Icelandic Króna","localized":"corona islandese"},"it":{"code":"EUR","numeric":978,"native":"euro","localized":"euro"},"ja":{"code":"JPY","numeric":392,"native":"日本円","localized":"yen giapponese"},"ka":{"code":"GEL","numeric":981,"native":"Georgian Lari","localized":"lari georgiano"},"kk":{"code":"KZT","numeric":398,"native":"Kazakhstani Tenge","localized":"tenge kazako"},"km":{"code":"KHR","numeric":116,"native":"Cambodian Riel","localized":"riel cambogiano"},"kn":{"code":"INR","numeric":356,"native":"Indian Rupee","localized":"rupia indiana"},"ko":{"code":"KRW","numeric":410,"native":"대한민국 원","localized":"won sudcoreano"},"ku":{"code":"TRY","numeric":949,"native":"Turkish Lira","localized":"lira turca"},"ky":{"code":"KGS","numeric":417,"native":"Kyrgystani Som","localized":"som kirghiso"},"lb":{"code":"EUR","numeric":978,"native":"Euro","localized":"euro"},"lg":{"code":"UGX","numeric":800,"native":"Ugandan Shilling","localized":"scellino ugandese"},"ln":{"code":"CDF","numeric":976,"native":"Congolese Franc","localized":"franco congolese"},"lo":{"code":"LAK","numeric":418,"native":"Laotian Kip","localized":"kip laotiano"},"lt":{"code":"EUR","numeric":978,"native":"Euro","localized":"euro"},"lv":{"code":"EUR","numeric":978,"native":"Euro","localized":"euro"},"mai":{"code":"INR","numeric":356,"native":"Indian Rupee","localized":"rupia indiana"},"mg":{"code":"MGA","numeric":969,"native":"Malagasy Ariary","localized":"ariary malgascio"},"mi":{"code":"NZD","numeric":554,"native":"New Zealand Dollar","localized":"dollaro neozelandese"},"mk":{"code":"MKD","numeric":807,"native":"Macedonian Denar","localized":"dinaro macedone"},"ml":{"code":"INR","numeric":356,"native":"Indian Rupee","localized":"rupia indiana"},"mn":{"code":"MNT","numeric":496,"native":"Mongolian Tugrik","localized":"tugrik mongolo"},"mni_Mtei":{"code":"INR","numeric":356,"native":"Indian Rupee","localized":"rupia indiana"},"mr":{"code":"INR","numeric":356,"native":"Indian Rupee","localized":"rupia indiana"},"ms":{"code":"MYR","numeric":458,"native":"Malaysian Ringgit","localized":"ringgit malese"},"mt":{"code":"EUR","numeric":978,"native":"Euro","localized":"euro"},"my":{"code":"MMK","numeric":104,"native":"Myanmar Kyat","localized":"kyat di Myanmar"},"nb":{"code":"NOK","numeric":578,"native":"norske kroner","localized":"corona norvegese"},"ne":{"code":"NPR","numeric":524,"native":"Nepalese Rupee","localized":"rupia nepalese"},"nl":{"code":"EUR","numeric":978,"native":"Euro","localized":"euro"},"nn":{"code":"NOK","numeric":578,"native":"norske kroner","localized":"corona norvegese"},"oc":{"code":"EUR","numeric":978,"native":"Euro","localized":"euro"},"om":{"code":"ETB","numeric":230,"native":"Ethiopian Birr","localized":"birr etiope"},"or":{"code":"INR","numeric":356,"native":"Indian Rupee","localized":"rupia indiana"},"pa":{"code":"INR","numeric":356,"native":"Indian Rupee","localized":"rupia indiana"},"pl":{"code":"PLN","numeric":985,"native":"złoty polski","localized":"zloty polacco"},"ps":{"code":"AFN","numeric":971,"native":"Afghan Afghani","localized":"afghani"},"pt":{"code":"BRL","numeric":986,"native":"Real brasileiro","localized":"real brasiliano"},"pt_BR":{"code":"BRL","numeric":986,"native":"Real brasileiro","localized":"real brasiliano"},"qu":{"code":"PEN","numeric":604,"native":"Peruvian Sol","localized":"sol peruviano"},"ro":{"code":"RON","numeric":946,"native":"leu românesc","localized":"leu rumeno"},"ru":{"code":"RUB","numeric":643,"native":"российский рубль","localized":"rublo russo"},"rw":{"code":"RWF","numeric":646,"native":"Rwandan Franc","localized":"franco ruandese"},"sa":{"code":"INR","numeric":356,"native":"Indian Rupee","localized":"rupia indiana"},"sc":{"code":"EUR","numeric":978,"native":"Euro","localized":"euro"},"sd":{"code":"PKR","numeric":586,"native":"Pakistani Rupee","localized":"rupia pakistana"},"si":{"code":"LKR","numeric":144,"native":"Sri Lankan Rupee","localized":"rupia di Sri Lanka"},"sk":{"code":"EUR","numeric":978,"native":"euro","localized":"euro"},"sl":{"code":"EUR","numeric":978,"native":"evro","localized":"euro"},"sn":{"code":"USD","numeric":840,"native":"US Dollar","localized":"dollaro statunitense"},"so":{"code":"SOS","numeric":706,"native":"Somali Shilling","localized":"scellino somalo"},"sq":{"code":"ALL","numeric":8,"native":"Albanian Lek","localized":"lek albanese"},"sr_Cyrl":{"code":"RSD","numeric":941,"native":"српски динар","localized":"dinaro serbo"},"sr_Latn":{"code":"RSD","numeric":941,"native":"Serbian Dinar","localized":"dinaro serbo"},"sr_Latn_ME":{"code":"EUR","numeric":978,"native":"Euro","localized":"euro"},"su":{"code":"IDR","numeric":360,"native":"Indonesian Rupiah","localized":"rupia indonesiana"},"sv":{"code":"SEK","numeric":752,"native":"svensk krona","localized":"corona svedese"},"sw":{"code":"TZS","numeric":834,"native":"Tanzanian Shilling","localized":"scellino della Tanzania"},"ta":{"code":"INR","numeric":356,"native":"Indian Rupee","localized":"rupia indiana"},"te":{"code":"INR","numeric":356,"native":"Indian Rupee","localized":"rupia indiana"},"tg":{"code":"TJS","numeric":972,"native":"Tajikistani Somoni","localized":"somoni tagiko"},"th":{"code":"THB","numeric":764,"native":"บาท","localized":"baht thailandese"},"ti":{"code":"ETB","numeric":230,"native":"Ethiopian Birr","localized":"birr etiope"},"tk":{"code":"TMT","numeric":934,"native":"Turkmenistani Manat","localized":"manat turkmeno"},"tl":{"code":"PHP","numeric":608,"native":"Philippine Peso","localized":"peso filippino"},"tr":{"code":"TRY","numeric":949,"native":"Türk Lirası","localized":"lira turca"},"tt":{"code":"RUB","numeric":643,"native":"Russian Ruble","localized":"rublo russo"},"ug":{"code":"CNY","numeric":156,"native":"Chinese Yuan","localized":"renminbi cinese"},"uk":{"code":"UAH","numeric":980,"native":"українська гривня","localized":"grivnia ucraina"},"ur":{"code":"PKR","numeric":586,"native":"Pakistani Rupee","localized":"rupia pakistana"},"uz_Cyrl":{"code":"UZS","numeric":860,"native":"Uzbekistani Som","localized":"sum uzbeco"},"uz_Latn":{"code":"UZS","numeric":860,"native":"Uzbekistani Som","localized":"sum uzbeco"},"vi":{"code":"VND","numeric":704,"native":"Đồng Việt Nam","localized":"dong vietnamita"},"xh":{"code":"ZAR","numeric":710,"native":"South African Rand","localized":"rand sudafricano"},"yi":{"code":"USD","numeric":840,"native":"","localized":""},"yo":{"code":"NGN","numeric":566,"native":"Nigerian Naira","localized":"naira nigeriana"},"zh_CN":{"code":"CNY","numeric":156,"native":"人民币","localized":"renminbi cinese"},"zh_HK":{"code":"HKD","numeric":344,"native":"港元","localized":"dollaro di Hong Kong"},"zh_TW":{"code":"TWD","numeric":901,"native":"新台币","localized":"nuovo dollaro taiwanese"},"zu":{"code":"ZAR","numeric":710,"native":"South African Rand","localized":"rand sudafricano"}}
