{"af":{"code":"ZAR","numeric":710,"native":"South African Rand","localized":"南アフリカ ランド"},"ak":{"code":"GHS","numeric":936,"native":"Ghanaian Cedi","localized":"ガーナ セディ"},"am":{"code":"ETB","numeric":230,"native":"Ethiopian Birr","localized":"エチオピア ブル"},"ar":{"code":"EGP","numeric":818,"native":"جنيه مصري","localized":"エジプト ポンド"},"as":{"code":"INR","numeric":356,"native":"Indian Rupee","localized":"インド ルピー"},"az":{"code":"AZN","numeric":944,"native":"Azerbaijani Manat","localized":"アゼルバイジャン マナト"},"be":{"code":"BYN","numeric":840,"native":"Belarusian Ruble","localized":"ベラルーシ ルーブル"},"bg":{"code":"BGN","numeric":975,"native":"Bulgarian Lev","localized":"ブルガリア 新レフ"},"bho":{"code":"INR","numeric":356,"native":"Indian Rupee","localized":"インド ルピー"},"bm":{"code":"XOF","numeric":952,"native":"West African CFA Franc","localized":"西アフリカ CFA フラン"},"bn":{"code":"BDT","numeric":50,"native":"Bangladeshi Taka","localized":"バングラデシュ タカ"},"bs":{"code":"BAM","numeric":977,"native":"Bosnia-Herzegovina Convertible Mark","localized":"ボスニア・ヘルツェゴビナ 兌換マルク (BAM)"},"ca":{"code":"EUR","numeric":978,"native":"euro","localized":"ユーロ"},"ceb":{"code":"PHP","numeric":608,"native":"Philippine Peso","localized":"フィリピン ペソ"},"ckb":{"code":"IQD","numeric":368,"native":"Iraqi Dinar","localized":"イラク ディナール"},"cs":{"code":"CZK","numeric":203,"native":"česká koruna","localized":"チェコ コルナ"},"cy":{"code":"GBP","numeric":826,"native":"British Pound","localized":"英国ポンド"},"da":{"code":"DKK","numeric":208,"native":"dansk krone","localized":"デンマーク クローネ"},"de":{"code":"EUR","numeric":978,"native":"Euro","localized":"ユーロ"},"de_AT":{"code":"EUR","numeric":978,"native":"Euro","localized":"ユーロ"},"de_CH":{"code":"CHF","numeric":756,"native":"Schweizer Franken","localized":"スイス フラン"},"doi":{"code":"INR","numeric":356,"native":"Indian Rupee","localized":"インド ルピー"},"ee":{"code":"GHS","numeric":936,"native":"Ghanaian Cedi","localized":"ガーナ セディ"},"el":{"code":"EUR","numeric":978,"native":"Ευρώ","localized":"ユーロ"},"en":{"code":"USD","numeric":840,"native":"US Dollar","localized":"米ドル"},"en_CA":{"code":"CAD","numeric":124,"native":"Canadian Dollar","localized":"カナダ ドル"},"eo":{"code":"USD","numeric":840,"native":"","localized":""},"es":{"code":"EUR","numeric":978,"native":"euro","localized":"ユーロ"},"et":{"code":"EUR","numeric":978,"native":"Euro","localized":"ユーロ"},"eu":{"code":"EUR","numeric":978,"native":"Euro","localized":"ユーロ"},"fa":{"code":"IRR","numeric":364,"native":"Iranian Rial","localized":"イラン リアル"},"fi":{"code":"EUR","numeric":978,"native":"euro","localized":"ユーロ"},"fil":{"code":"PHP","numeric":608,"native":"Philippine Peso","localized":"フィリピン ペソ"},"fr":{"code":"EUR","numeric":978,"native":"euro","localized":"ユーロ"},"fy":{"code":"EUR","numeric":978,"native":"Euro","localized":"ユーロ"},"ga":{"code":"EUR","numeric":978,"native":"Euro","localized":"ユーロ"},"gd":{"code":"GBP","numeric":826,"native":"British Pound","localized":"英国ポンド"},"gl":{"code":"EUR","numeric":978,"native":"Euro","localized":"ユーロ"},"gu":{"code":"INR","numeric":356,"native":"Indian Rupee","localized":"インド ルピー"},"ha":{"code":"NGN","numeric":566,"native":"Nigerian Naira","localized":"ナイジェリア ナイラ"},"haw":{"code":"USD","numeric":840,"native":"US Dollar","localized":"米ドル"},"he":{"code":"ILS","numeric":376,"native":"שקל חדש","localized":"イスラエル新シェケル"},"hi":{"code":"INR","numeric":356,"native":"भारतीय रुपया","localized":"インド ルピー"},"hr":{"code":"EUR","numeric":978,"native":"euro","localized":"ユーロ"},"ht":{"code":"HTG","numeric":332,"native":"gourde haïtienne","localized":"ハイチ グールド"},"hu":{"code":"HUF","numeric":348,"native":"magyar forint","localized":"ハンガリー フォリント"},"hy":{"code":"AMD","numeric":51,"native":"Armenian Dram","localized":"アルメニア ドラム"},"id":{"code":"IDR","numeric":360,"native":"Indonesian Rupiah","localized":"インドネシア ルピア"},"ig":{"code":"NGN","numeric":566,"native":"Nigerian Naira","localized":"ナイジェリア ナイラ"},"is":{"code":"ISK","numeric":352,"native":"Icelandic Króna","localized":"アイスランド クローナ"},"it":{"code":"EUR","numeric":978,"native":"euro","localized":"ユーロ"},"ja":{"code":"JPY","numeric":392,"native":"日本円","localized":"日本円"},"ka":{"code":"GEL","numeric":981,"native":"Georgian Lari","localized":"ジョージア ラリ"},"kk":{"code":"KZT","numeric":398,"native":"Kazakhstani Tenge","localized":"カザフスタン テンゲ"},"km":{"code":"KHR","numeric":116,"native":"Cambodian Riel","localized":"カンボジア リエル"},"kn":{"code":"INR","numeric":356,"native":"Indian Rupee","localized":"インド ルピー"},"ko":{"code":"KRW","numeric":410,"native":"대한민국 원","localized":"韓国ウォン"},"ku":{"code":"TRY","numeric":949,"native":"Turkish Lira","localized":"新トルコリラ"},"ky":{"code":"KGS","numeric":417,"native":"Kyrgystani Som","localized":"キルギス ソム"},"lb":{"code":"EUR","numeric":978,"native":"Euro","localized":"ユーロ"},"lg":{"code":"UGX","numeric":800,"native":"Ugandan Shilling","localized":"ウガンダ シリング"},"ln":{"code":"CDF","numeric":976,"native":"Congolese Franc","localized":"コンゴ フラン"},"lo":{"code":"LAK","numeric":418,"native":"Laotian Kip","localized":"ラオス キープ"},"lt":{"code":"EUR","numeric":978,"native":"Euro","localized":"ユーロ"},"lv":{"code":"EUR","numeric":978,"native":"Euro","localized":"ユーロ"},"mai":{"code":"INR","numeric":356,"native":"Indian Rupee","localized":"インド ルピー"},"mg":{"code":"MGA","numeric":969,"native":"Malagasy Ariary","localized":"マダガスカル アリアリ"},"mi":{"code":"NZD","numeric":554,"native":"New Zealand Dollar","localized":"ニュージーランド ドル"},"mk":{"code":"MKD","numeric":807,"native":"Macedonian Denar","localized":"マケドニア デナル"},"ml":{"code":"INR","numeric":356,"native":"Indian Rupee","localized":"インド ルピー"},"mn":{"code":"MNT","numeric":496,"native":"Mongolian Tugrik","localized":"モンゴル トグログ"},"mni_Mtei":{"code":"INR","numeric":356,"native":"Indian Rupee","localized":"インド ルピー"},"mr":{"code":"INR","numeric":356,"native":"Indian Rupee","localized":"インド ルピー"},"ms":{"code":"MYR","numeric":458,"native":"Malaysian Ringgit","localized":"マレーシア リンギット"},"mt":{"code":"EUR","numeric":978,"native":"Euro","localized":"ユーロ"},"my":{"code":"MMK","numeric":104,"native":"Myanmar Kyat","localized":"ミャンマー チャット"},"nb":{"code":"NOK","numeric":578,"native":"norske kroner","localized":"ノルウェー クローネ"},"ne":{"code":"NPR","numeric":524,"native":"Nepalese Rupee","localized":"ネパール ルピー"},"nl":{"code":"EUR","numeric":978,"native":"Euro","localized":"ユーロ"},"nn":{"code":"NOK","numeric":578,"native":"norske kroner","localized":"ノルウェー クローネ"},"oc":{"code":"EUR","numeric":978,"native":"Euro","localized":"ユーロ"},"om":{"code":"ETB","numeric":230,"native":"Ethiopian Birr","localized":"エチオピア ブル"},"or":{"code":"INR","numeric":356,"native":"Indian Rupee","localized":"インド ルピー"},"pa":{"code":"INR","numeric":356,"native":"Indian Rupee","localized":"インド ルピー"},"pl":{"code":"PLN","numeric":985,"native":"złoty polski","localized":"ポーランド ズウォティ"},"ps":{"code":"AFN","numeric":971,"native":"Afghan Afghani","localized":"アフガニスタン アフガニー"},"pt":{"code":"BRL","numeric":986,"native":"Real brasileiro","localized":"ブラジル レアル"},"pt_BR":{"code":"BRL","numeric":986,"native":"Real brasileiro","localized":"ブラジル レアル"},"qu":{"code":"PEN","numeric":604,"native":"Peruvian Sol","localized":"ペルー ソル"},"ro":{"code":"RON","numeric":946,"native":"leu românesc","localized":"ルーマニア レイ"},"ru":{"code":"RUB","numeric":643,"native":"российский рубль","localized":"ロシア ルーブル"},"rw":{"code":"RWF","numeric":646,"native":"Rwandan Franc","localized":"ルワンダ フラン"},"sa":{"code":"INR","numeric":356,"native":"Indian Rupee","localized":"インド ルピー"},"sc":{"code":"EUR","numeric":978,"native":"Euro","localized":"ユーロ"},"sd":{"code":"PKR","numeric":586,"native":"Pakistani Rupee","localized":"パキスタン ルピー"},"si":{"code":"LKR","numeric":144,"native":"Sri Lankan Rupee","localized":"スリランカ ルピー"},"sk":{"code":"EUR","numeric":978,"native":"euro","localized":"ユーロ"},"sl":{"code":"EUR","numeric":978,"native":"evro","localized":"ユーロ"},"sn":{"code":"USD","numeric":840,"native":"US Dollar","localized":"米ドル"},"so":{"code":"SOS","numeric":706,"native":"Somali Shilling","localized":"ソマリア シリング"},"sq":{"code":"ALL","numeric":8,"native":"Albanian Lek","localized":"アルバニア レク"},"sr_Cyrl":{"code":"RSD","numeric":941,"native":"српски динар","localized":"ディナール (セルビア)"},"sr_Latn":{"code":"RSD","numeric":941,"native":"Serbian Dinar","localized":"ディナール (セルビア)"},"sr_Latn_ME":{"code":"EUR","numeric":978,"native":"Euro","localized":"ユーロ"},"su":{"code":"IDR","numeric":360,"native":"Indonesian Rupiah","localized":"インドネシア ルピア"},"sv":{"code":"SEK","numeric":752,"native":"svensk krona","localized":"スウェーデン クローナ"},"sw":{"code":"TZS","numeric":834,"native":"Tanzanian Shilling","localized":"タンザニア シリング"},"ta":{"code":"INR","numeric":356,"native":"Indian Rupee","localized":"インド ルピー"},"te":{"code":"INR","numeric":356,"native":"Indian Rupee","localized":"インド ルピー"},"tg":{"code":"TJS","numeric":972,"native":"Tajikistani Somoni","localized":"タジキスタン ソモニ"},"th":{"code":"THB","numeric":764,"native":"บาท","localized":"タイ バーツ"},"ti":{"code":"ETB","numeric":230,"native":"Ethiopian Birr","localized":"エチオピア ブル"},"tk":{"code":"TMT","numeric":934,"native":"Turkmenistani Manat","localized":"トルクメニスタン マナト"},"tl":{"code":"PHP","numeric":608,"native":"Philippine Peso","localized":"フィリピン ペソ"},"tr":{"code":"TRY","numeric":949,"native":"Türk Lirası","localized":"新トルコリラ"},"tt":{"code":"RUB","numeric":643,"native":"Russian Ruble","localized":"ロシア ルーブル"},"ug":{"code":"CNY","numeric":156,"native":"Chinese Yuan","localized":"中国人民元"},"uk":{"code":"UAH","numeric":980,"native":"українська гривня","localized":"ウクライナ グリブナ"},"ur":{"code":"PKR","numeric":586,"native":"Pakistani Rupee","localized":"パキスタン ルピー"},"uz_Cyrl":{"code":"UZS","numeric":860,"native":"Uzbekistani Som","localized":"ウズベキスタン スム"},"uz_Latn":{"code":"UZS","numeric":860,"native":"Uzbekistani Som","localized":"ウズベキスタン スム"},"vi":{"code":"VND","numeric":704,"native":"Đồng Việt Nam","localized":"ベトナム ドン"},"xh":{"code":"ZAR","numeric":710,"native":"South African Rand","localized":"南アフリカ ランド"},"yi":{"code":"USD","numeric":840,"native":"","localized":""},"yo":{"code":"NGN","numeric":566,"native":"Nigerian Naira","localized":"ナイジェリア ナイラ"},"zh_CN":{"code":"CNY","numeric":156,"native":"人民币","localized":"中国人民元"},"zh_HK":{"code":"HKD","numeric":344,"native":"港元","localized":"香港ドル"},"zh_TW":{"code":"TWD","numeric":901,"native":"新台币","localized":"新台湾ドル"},"zu":{"code":"ZAR","numeric":710,"native":"South African Rand","localized":"南アフリカ ランド"}}
