{"af":{"code":"ZAR","numeric":710,"native":"South African Rand","localized":"남아프리카 랜드"},"ak":{"code":"GHS","numeric":936,"native":"Ghanaian Cedi","localized":"가나 세디"},"am":{"code":"ETB","numeric":230,"native":"Ethiopian Birr","localized":"에티오피아 비르"},"ar":{"code":"EGP","numeric":818,"native":"جنيه مصري","localized":"이집트 파운드"},"as":{"code":"INR","numeric":356,"native":"Indian Rupee","localized":"인도 루피"},"az":{"code":"AZN","numeric":944,"native":"Azerbaijani Manat","localized":"아제르바이잔 마나트"},"be":{"code":"BYN","numeric":840,"native":"Belarusian Ruble","localized":"벨라루스 루블"},"bg":{"code":"BGN","numeric":975,"native":"Bulgarian Lev","localized":"불가리아 레프"},"bho":{"code":"INR","numeric":356,"native":"Indian Rupee","localized":"인도 루피"},"bm":{"code":"XOF","numeric":952,"native":"West African CFA Franc","localized":"서아프리카 CFA 프랑"},"bn":{"code":"BDT","numeric":50,"native":"Bangladeshi Taka","localized":"방글라데시 타카"},"bs":{"code":"BAM","numeric":977,"native":"Bosnia-Herzegovina Convertible Mark","localized":"보스니아-헤르체고비나 태환 마르크"},"ca":{"code":"EUR","numeric":978,"native":"euro","localized":"유로"},"ceb":{"code":"PHP","numeric":608,"native":"Philippine Peso","localized":"필리핀 페소"},"ckb":{"code":"IQD","numeric":368,"native":"Iraqi Dinar","localized":"이라크 디나르"},"cs":{"code":"CZK","numeric":203,"native":"česká koruna","localized":"체코 코루나"},"cy":{"code":"GBP","numeric":826,"native":"British Pound","localized":"영국 파운드"},"da":{"code":"DKK","numeric":208,"native":"dansk krone","localized":"덴마크 크로네"},"de":{"code":"EUR","numeric":978,"native":"Euro","localized":"유로"},"de_AT":{"code":"EUR","numeric":978,"native":"Euro","localized":"유로"},"de_CH":{"code":"CHF","numeric":756,"native":"Schweizer Franken","localized":"스위스 프랑"},"doi":{"code":"INR","numeric":356,"native":"Indian Rupee","localized":"인도 루피"},"ee":{"code":"GHS","numeric":936,"native":"Ghanaian Cedi","localized":"가나 세디"},"el":{"code":"EUR","numeric":978,"native":"Ευρώ","localized":"유로"},"en":{"code":"USD","numeric":840,"native":"US Dollar","localized":"미국 달러"},"en_CA":{"code":"CAD","numeric":124,"native":"Canadian Dollar","localized":"캐나다 달러"},"eo":{"code":"USD","numeric":840,"native":"","localized":""},"es":{"code":"EUR","numeric":978,"native":"euro","localized":"유로"},"et":{"code":"EUR","numeric":978,"native":"Euro","localized":"유로"},"eu":{"code":"EUR","numeric":978,"native":"Euro","localized":"유로"},"fa":{"code":"IRR","numeric":364,"native":"Iranian Rial","localized":"이란 리얄"},"fi":{"code":"EUR","numeric":978,"native":"euro","localized":"유로"},"fil":{"code":"PHP","numeric":608,"native":"Philippine Peso","localized":"필리핀 페소"},"fr":{"code":"EUR","numeric":978,"native":"euro","localized":"유로"},"fy":{"code":"EUR","numeric":978,"native":"Euro","localized":"유로"},"ga":{"code":"EUR","numeric":978,"native":"Euro","localized":"유로"},"gd":{"code":"GBP","numeric":826,"native":"British Pound","localized":"영국 파운드"},"gl":{"code":"EUR","numeric":978,"native":"Euro","localized":"유로"},"gu":{"code":"INR","numeric":356,"native":"Indian Rupee","localized":"인도 루피"},"ha":{"code":"NGN","numeric":566,"native":"Nigerian Naira","localized":"나이지리아 나이라"},"haw":{"code":"USD","numeric":840,"native":"US Dollar","localized":"미국 달러"},"he":{"code":"ILS","numeric":376,"native":"שקל חדש","localized":"이스라엘 신권 세켈"},"hi":{"code":"INR","numeric":356,"native":"भारतीय रुपया","localized":"인도 루피"},"hr":{"code":"EUR","numeric":978,"native":"euro","localized":"유로"},"ht":{"code":"HTG","numeric":332,"native":"gourde haïtienne","localized":"아이티 구르드"},"hu":{"code":"HUF","numeric":348,"native":"magyar forint","localized":"헝가리 포린트"},"hy":{"code":"AMD","numeric":51,"native":"Armenian Dram","localized":"아르메니아 드람"},"id":{"code":"IDR","numeric":360,"native":"Indonesian Rupiah","localized":"인도네시아 루피아"},"ig":{"code":"NGN","numeric":566,"native":"Nigerian Naira","localized":"나이지리아 나이라"},"is":{"code":"ISK","numeric":352,"native":"Icelandic Króna","localized":"아이슬란드 크로나"},"it":{"code":"EUR","numeric":978,"native":"euro","localized":"유로"},"ja":{"code":"JPY","numeric":392,"native":"日本円","localized":"일본 엔화"},"ka":{"code":"GEL","numeric":981,"native":"Georgian Lari","localized":"조지아 라리"},"kk":{"code":"KZT","numeric":398,"native":"Kazakhstani Tenge","localized":"카자흐스탄 텡게"},"km":{"code":"KHR","numeric":116,"native":"Cambodian Riel","localized":"캄보디아 리엘"},"kn":{"code":"INR","numeric":356,"native":"Indian Rupee","localized":"인도 루피"},"ko":{"code":"KRW","numeric":410,"native":"대한민국 원","localized":"대한민국 원"},"ku":{"code":"TRY","numeric":949,"native":"Turkish Lira","localized":"터키 리라"},"ky":{"code":"KGS","numeric":417,"native":"Kyrgystani Som","localized":"키르기스스탄 솜"},"lb":{"code":"EUR","numeric":978,"native":"Euro","localized":"유로"},"lg":{"code":"UGX","numeric":800,"native":"Ugandan Shilling","localized":"우간다 실링"},"ln":{"code":"CDF","numeric":976,"native":"Congolese Franc","localized":"콩고 프랑"},"lo":{"code":"LAK","numeric":418,"native":"Laotian Kip","localized":"라오스 키프"},"lt":{"code":"EUR","numeric":978,"native":"Euro","localized":"유로"},"lv":{"code":"EUR","numeric":978,"native":"Euro","localized":"유로"},"mai":{"code":"INR","numeric":356,"native":"Indian Rupee","localized":"인도 루피"},"mg":{"code":"MGA","numeric":969,"native":"Malagasy Ariary","localized":"마다가스카르 아리아리"},"mi":{"code":"NZD","numeric":554,"native":"New Zealand Dollar","localized":"뉴질랜드 달러"},"mk":{"code":"MKD","numeric":807,"native":"Macedonian Denar","localized":"마케도니아 디나르"},"ml":{"code":"INR","numeric":356,"native":"Indian Rupee","localized":"인도 루피"},"mn":{"code":"MNT","numeric":496,"native":"Mongolian Tugrik","localized":"몽골 투그릭"},"mni_Mtei":{"code":"INR","numeric":356,"native":"Indian Rupee","localized":"인도 루피"},"mr":{"code":"INR","numeric":356,"native":"Indian Rupee","localized":"인도 루피"},"ms":{"code":"MYR","numeric":458,"native":"Malaysian Ringgit","localized":"말레이시아 링깃"},"mt":{"code":"EUR","numeric":978,"native":"Euro","localized":"유로"},"my":{"code":"MMK","numeric":104,"native":"Myanmar Kyat","localized":"미얀마 키얏"},"nb":{"code":"NOK","numeric":578,"native":"norske kroner","localized":"노르웨이 크로네"},"ne":{"code":"NPR","numeric":524,"native":"Nepalese Rupee","localized":"네팔 루피"},"nl":{"code":"EUR","numeric":978,"native":"Euro","localized":"유로"},"nn":{"code":"NOK","numeric":578,"native":"norske kroner","localized":"노르웨이 크로네"},"oc":{"code":"EUR","numeric":978,"native":"Euro","localized":"유로"},"om":{"code":"ETB","numeric":230,"native":"Ethiopian Birr","localized":"에티오피아 비르"},"or":{"code":"INR","numeric":356,"native":"Indian Rupee","localized":"인도 루피"},"pa":{"code":"INR","numeric":356,"native":"Indian Rupee","localized":"인도 루피"},"pl":{"code":"PLN","numeric":985,"native":"złoty polski","localized":"폴란드 즈워티"},"ps":{"code":"AFN","numeric":971,"native":"Afghan Afghani","localized":"아프가니스탄 아프가니"},"pt":{"code":"BRL","numeric":986,"native":"Real brasileiro","localized":"브라질 레알"},"pt_BR":{"code":"BRL","numeric":986,"native":"Real brasileiro","localized":"브라질 레알"},"qu":{"code":"PEN","numeric":604,"native":"Peruvian Sol","localized":"페루 솔"},"ro":{"code":"RON","numeric":946,"native":"leu românesc","localized":"루마니아 레우"},"ru":{"code":"RUB","numeric":643,"native":"российский рубль","localized":"러시아 루블"},"rw":{"code":"RWF","numeric":646,"native":"Rwandan Franc","localized":"르완다 프랑"},"sa":{"code":"INR","numeric":356,"native":"Indian Rupee","localized":"인도 루피"},"sc":{"code":"EUR","numeric":978,"native":"Euro","localized":"유로"},"sd":{"code":"PKR","numeric":586,"native":"Pakistani Rupee","localized":"파키스탄 루피"},"si":{"code":"LKR","numeric":144,"native":"Sri Lankan Rupee","localized":"스리랑카 루피"},"sk":{"code":"EUR","numeric":978,"native":"euro","localized":"유로"},"sl":{"code":"EUR","numeric":978,"native":"evro","localized":"유로"},"sn":{"code":"USD","numeric":840,"native":"US Dollar","localized":"미국 달러"},"so":{"code":"SOS","numeric":706,"native":"Somali Shilling","localized":"소말리아 실링"},"sq":{"code":"ALL","numeric":8,"native":"Albanian Lek","localized":"알바니아 레크"},"sr_Cyrl":{"code":"RSD","numeric":941,"native":"српски динар","localized":"세르비아 디나르"},"sr_Latn":{"code":"RSD","numeric":941,"native":"Serbian Dinar","localized":"세르비아 디나르"},"sr_Latn_ME":{"code":"EUR","numeric":978,"native":"Euro","localized":"유로"},"su":{"code":"IDR","numeric":360,"native":"Indonesian Rupiah","localized":"인도네시아 루피아"},"sv":{"code":"SEK","numeric":752,"native":"svensk krona","localized":"스웨덴 크로나"},"sw":{"code":"TZS","numeric":834,"native":"Tanzanian Shilling","localized":"탄자니아 실링"},"ta":{"code":"INR","numeric":356,"native":"Indian Rupee","localized":"인도 루피"},"te":{"code":"INR","numeric":356,"native":"Indian Rupee","localized":"인도 루피"},"tg":{"code":"TJS","numeric":972,"native":"Tajikistani Somoni","localized":"타지키스탄 소모니"},"th":{"code":"THB","numeric":764,"native":"บาท","localized":"태국 바트"},"ti":{"code":"ETB","numeric":230,"native":"Ethiopian Birr","localized":"에티오피아 비르"},"tk":{"code":"TMT","numeric":934,"native":"Turkmenistani Manat","localized":"투르크메니스탄 마나트"},"tl":{"code":"PHP","numeric":608,"native":"Philippine Peso","localized":"필리핀 페소"},"tr":{"code":"TRY","numeric":949,"native":"Türk Lirası","localized":"터키 리라"},"tt":{"code":"RUB","numeric":643,"native":"Russian Ruble","localized":"러시아 루블"},"ug":{"code":"CNY","numeric":156,"native":"Chinese Yuan","localized":"중국 위안화"},"uk":{"code":"UAH","numeric":980,"native":"українська гривня","localized":"우크라이나 그리브나"},"ur":{"code":"PKR","numeric":586,"native":"Pakistani Rupee","localized":"파키스탄 루피"},"uz_Cyrl":{"code":"UZS","numeric":860,"native":"Uzbekistani Som","localized":"우즈베키스탄 숨"},"uz_Latn":{"code":"UZS","numeric":860,"native":"Uzbekistani Som","localized":"우즈베키스탄 숨"},"vi":{"code":"VND","numeric":704,"native":"Đồng Việt Nam","localized":"베트남 동"},"xh":{"code":"ZAR","numeric":710,"native":"South African Rand","localized":"남아프리카 랜드"},"yi":{"code":"USD","numeric":840,"native":"","localized":""},"yo":{"code":"NGN","numeric":566,"native":"Nigerian Naira","localized":"나이지리아 나이라"},"zh_CN":{"code":"CNY","numeric":156,"native":"人民币","localized":"중국 위안화"},"zh_HK":{"code":"HKD","numeric":344,"native":"港元","localized":"홍콩 달러"},"zh_TW":{"code":"TWD","numeric":901,"native":"新台币","localized":"신 타이완 달러"},"zu":{"code":"ZAR","numeric":710,"native":"South African Rand","localized":"남아프리카 랜드"}}
