{"af":{"code":"ZAR","numeric":710,"native":"South African Rand","localized":"Zuid-Afrikaanse rand"},"ak":{"code":"GHS","numeric":936,"native":"Ghanaian Cedi","localized":"Ghanese cedi"},"am":{"code":"ETB","numeric":230,"native":"Ethiopian Birr","localized":"Ethiopische birr"},"ar":{"code":"EGP","numeric":818,"native":"جنيه مصري","localized":"Egyptisch pond"},"as":{"code":"INR","numeric":356,"native":"Indian Rupee","localized":"Indiase roepie"},"az":{"code":"AZN","numeric":944,"native":"Azerbaijani Manat","localized":"Azerbeidzjaanse manat"},"be":{"code":"BYN","numeric":840,"native":"Belarusian Ruble","localized":"Belarussische roebel"},"bg":{"code":"BGN","numeric":975,"native":"Bulgarian Lev","localized":"Bulgaarse lev"},"bho":{"code":"INR","numeric":356,"native":"Indian Rupee","localized":"Indiase roepie"},"bm":{"code":"XOF","numeric":952,"native":"West African CFA Franc","localized":"CFA-franc BCEAO"},"bn":{"code":"BDT","numeric":50,"native":"Bangladeshi Taka","localized":"Bengalese taka"},"bs":{"code":"BAM","numeric":977,"native":"Bosnia-Herzegovina Convertible Mark","localized":"Bosnische convertibele mark"},"ca":{"code":"EUR","numeric":978,"native":"euro","localized":"Euro"},"ceb":{"code":"PHP","numeric":608,"native":"Philippine Peso","localized":"Filipijnse peso"},"ckb":{"code":"IQD","numeric":368,"native":"Iraqi Dinar","localized":"Iraakse dinar"},"cs":{"code":"CZK","numeric":203,"native":"česká koruna","localized":"Tsjechische kroon"},"cy":{"code":"GBP","numeric":826,"native":"British Pound","localized":"Britse pond"},"da":{"code":"DKK","numeric":208,"native":"dansk krone","localized":"Deense kroon"},"de":{"code":"EUR","numeric":978,"native":"Euro","localized":"Euro"},"de_AT":{"code":"EUR","numeric":978,"native":"Euro","localized":"Euro"},"de_CH":{"code":"CHF","numeric":756,"native":"Schweizer Franken","localized":"Zwitserse frank"},"doi":{"code":"INR","numeric":356,"native":"Indian Rupee","localized":"Indiase roepie"},"ee":{"code":"GHS","numeric":936,"native":"Ghanaian Cedi","localized":"Ghanese cedi"},"el":{"code":"EUR","numeric":978,"native":"Ευρώ","localized":"Euro"},"en":{"code":"USD","numeric":840,"native":"US Dollar","localized":"Amerikaanse dollar"},"en_CA":{"code":"CAD","numeric":124,"native":"Canadian Dollar","localized":"Canadese dollar"},"eo":{"code":"USD","numeric":840,"native":"","localized":""},"es":{"code":"EUR","numeric":978,"native":"euro","localized":"Euro"},"et":{"code":"EUR","numeric":978,"native":"Euro","localized":"Euro"},"eu":{"code":"EUR","numeric":978,"native":"Euro","localized":"Euro"},"fa":{"code":"IRR","numeric":364,"native":"Iranian Rial","localized":"Iraanse rial"},"fi":{"code":"EUR","numeric":978,"native":"euro","localized":"Euro"},"fil":{"code":"PHP","numeric":608,"native":"Philippine Peso","localized":"Filipijnse peso"},"fr":{"code":"EUR","numeric":978,"native":"euro","localized":"Euro"},"fy":{"code":"EUR","numeric":978,"native":"Euro","localized":"Euro"},"ga":{"code":"EUR","numeric":978,"native":"Euro","localized":"Euro"},"gd":{"code":"GBP","numeric":826,"native":"British Pound","localized":"Britse pond"},"gl":{"code":"EUR","numeric":978,"native":"Euro","localized":"Euro"},"gu":{"code":"INR","numeric":356,"native":"Indian Rupee","localized":"Indiase roepie"},"ha":{"code":"NGN","numeric":566,"native":"Nigerian Naira","localized":"Nigeriaanse naira"},"haw":{"code":"USD","numeric":840,"native":"US Dollar","localized":"Amerikaanse dollar"},"he":{"code":"ILS","numeric":376,"native":"שקל חדש","localized":"Israëlische nieuwe shekel"},"hi":{"code":"INR","numeric":356,"native":"भारतीय रुपया","localized":"Indiase roepie"},"hr":{"code":"EUR","numeric":978,"native":"euro","localized":"Euro"},"ht":{"code":"HTG","numeric":332,"native":"gourde haïtienne","localized":"Haïtiaanse gourde"},"hu":{"code":"HUF","numeric":348,"native":"magyar forint","localized":"Hongaarse forint"},"hy":{"code":"AMD","numeric":51,"native":"Armenian Dram","localized":"Armeense dram"},"id":{"code":"IDR","numeric":360,"native":"Indonesian Rupiah","localized":"Indonesische roepia"},"ig":{"code":"NGN","numeric":566,"native":"Nigerian Naira","localized":"Nigeriaanse naira"},"is":{"code":"ISK","numeric":352,"native":"Icelandic Króna","localized":"IJslandse kroon"},"it":{"code":"EUR","numeric":978,"native":"euro","localized":"Euro"},"ja":{"code":"JPY","numeric":392,"native":"日本円","localized":"Japanse yen"},"ka":{"code":"GEL","numeric":981,"native":"Georgian Lari","localized":"Georgische lari"},"kk":{"code":"KZT","numeric":398,"native":"Kazakhstani Tenge","localized":"Kazachse tenge"},"km":{"code":"KHR","numeric":116,"native":"Cambodian Riel","localized":"Cambodjaanse riel"},"kn":{"code":"INR","numeric":356,"native":"Indian Rupee","localized":"Indiase roepie"},"ko":{"code":"KRW","numeric":410,"native":"대한민국 원","localized":"Zuid-Koreaanse won"},"ku":{"code":"TRY","numeric":949,"native":"Turkish Lira","localized":"Turkse lira"},"ky":{"code":"KGS","numeric":417,"native":"Kyrgystani Som","localized":"Kirgizische som"},"lb":{"code":"EUR","numeric":978,"native":"Euro","localized":"Euro"},"lg":{"code":"UGX","numeric":800,"native":"Ugandan Shilling","localized":"Oegandese shilling"},"ln":{"code":"CDF","numeric":976,"native":"Congolese Franc","localized":"Congolese frank"},"lo":{"code":"LAK","numeric":418,"native":"Laotian Kip","localized":"Laotiaanse kip"},"lt":{"code":"EUR","numeric":978,"native":"Euro","localized":"Euro"},"lv":{"code":"EUR","numeric":978,"native":"Euro","localized":"Euro"},"mai":{"code":"INR","numeric":356,"native":"Indian Rupee","localized":"Indiase roepie"},"mg":{"code":"MGA","numeric":969,"native":"Malagasy Ariary","localized":"Malagassische ariary"},"mi":{"code":"NZD","numeric":554,"native":"New Zealand Dollar","localized":"Nieuw-Zeelandse dollar"},"mk":{"code":"MKD","numeric":807,"native":"Macedonian Denar","localized":"Macedonische denar"},"ml":{"code":"INR","numeric":356,"native":"Indian Rupee","localized":"Indiase roepie"},"mn":{"code":"MNT","numeric":496,"native":"Mongolian Tugrik","localized":"Mongoolse tugrik"},"mni_Mtei":{"code":"INR","numeric":356,"native":"Indian Rupee","localized":"Indiase roepie"},"mr":{"code":"INR","numeric":356,"native":"Indian Rupee","localized":"Indiase roepie"},"ms":{"code":"MYR","numeric":458,"native":"Malaysian Ringgit","localized":"Maleisische ringgit"},"mt":{"code":"EUR","numeric":978,"native":"Euro","localized":"Euro"},"my":{"code":"MMK","numeric":104,"native":"Myanmar Kyat","localized":"Myanmarese kyat"},"nb":{"code":"NOK","numeric":578,"native":"norske kroner","localized":"Noorse kroon"},"ne":{"code":"NPR","numeric":524,"native":"Nepalese Rupee","localized":"Nepalese roepie"},"nl":{"code":"EUR","numeric":978,"native":"Euro","localized":"Euro"},"nn":{"code":"NOK","numeric":578,"native":"norske kroner","localized":"Noorse kroon"},"oc":{"code":"EUR","numeric":978,"native":"Euro","localized":"Euro"},"om":{"code":"ETB","numeric":230,"native":"Ethiopian Birr","localized":"Ethiopische birr"},"or":{"code":"INR","numeric":356,"native":"Indian Rupee","localized":"Indiase roepie"},"pa":{"code":"INR","numeric":356,"native":"Indian Rupee","localized":"Indiase roepie"},"pl":{"code":"PLN","numeric":985,"native":"złoty polski","localized":"Poolse zloty"},"ps":{"code":"AFN","numeric":971,"native":"Afghan Afghani","localized":"Afghaanse afghani"},"pt":{"code":"BRL","numeric":986,"native":"Real brasileiro","localized":"Braziliaanse real"},"pt_BR":{"code":"BRL","numeric":986,"native":"Real brasileiro","localized":"Braziliaanse real"},"qu":{"code":"PEN","numeric":604,"native":"Peruvian Sol","localized":"Peruaanse sol"},"ro":{"code":"RON","numeric":946,"native":"leu românesc","localized":"Roemeense leu"},"ru":{"code":"RUB","numeric":643,"native":"российский рубль","localized":"Russische roebel"},"rw":{"code":"RWF","numeric":646,"native":"Rwandan Franc","localized":"Rwandese frank"},"sa":{"code":"INR","numeric":356,"native":"Indian Rupee","localized":"Indiase roepie"},"sc":{"code":"EUR","numeric":978,"native":"Euro","localized":"Euro"},"sd":{"code":"PKR","numeric":586,"native":"Pakistani Rupee","localized":"Pakistaanse roepie"},"si":{"code":"LKR","numeric":144,"native":"Sri Lankan Rupee","localized":"Sri Lankaanse roepie"},"sk":{"code":"EUR","numeric":978,"native":"euro","localized":"Euro"},"sl":{"code":"EUR","numeric":978,"native":"evro","localized":"Euro"},"sn":{"code":"USD","numeric":840,"native":"US Dollar","localized":"Amerikaanse dollar"},"so":{"code":"SOS","numeric":706,"native":"Somali Shilling","localized":"Somalische shilling"},"sq":{"code":"ALL","numeric":8,"native":"Albanian Lek","localized":"Albanese lek"},"sr_Cyrl":{"code":"RSD","numeric":941,"native":"српски динар","localized":"Servische dinar"},"sr_Latn":{"code":"RSD","numeric":941,"native":"Serbian Dinar","localized":"Servische dinar"},"sr_Latn_ME":{"code":"EUR","numeric":978,"native":"Euro","localized":"Euro"},"su":{"code":"IDR","numeric":360,"native":"Indonesian Rupiah","localized":"Indonesische roepia"},"sv":{"code":"SEK","numeric":752,"native":"svensk krona","localized":"Zweedse kroon"},"sw":{"code":"TZS","numeric":834,"native":"Tanzanian Shilling","localized":"Tanzaniaanse shilling"},"ta":{"code":"INR","numeric":356,"native":"Indian Rupee","localized":"Indiase roepie"},"te":{"code":"INR","numeric":356,"native":"Indian Rupee","localized":"Indiase roepie"},"tg":{"code":"TJS","numeric":972,"native":"Tajikistani Somoni","localized":"Tadzjiekse somoni"},"th":{"code":"THB","numeric":764,"native":"บาท","localized":"Thaise baht"},"ti":{"code":"ETB","numeric":230,"native":"Ethiopian Birr","localized":"Ethiopische birr"},"tk":{"code":"TMT","numeric":934,"native":"Turkmenistani Manat","localized":"Turkmeense manat"},"tl":{"code":"PHP","numeric":608,"native":"Philippine Peso","localized":"Filipijnse peso"},"tr":{"code":"TRY","numeric":949,"native":"Türk Lirası","localized":"Turkse lira"},"tt":{"code":"RUB","numeric":643,"native":"Russian Ruble","localized":"Russische roebel"},"ug":{"code":"CNY","numeric":156,"native":"Chinese Yuan","localized":"Chinese yuan"},"uk":{"code":"UAH","numeric":980,"native":"українська гривня","localized":"Oekraïense hryvnia"},"ur":{"code":"PKR","numeric":586,"native":"Pakistani Rupee","localized":"Pakistaanse roepie"},"uz_Cyrl":{"code":"UZS","numeric":860,"native":"Uzbekistani Som","localized":"Oezbeekse sum"},"uz_Latn":{"code":"UZS","numeric":860,"native":"Uzbekistani Som","localized":"Oezbeekse sum"},"vi":{"code":"VND","numeric":704,"native":"Đồng Việt Nam","localized":"Vietnamese dong"},"xh":{"code":"ZAR","numeric":710,"native":"South African Rand","localized":"Zuid-Afrikaanse rand"},"yi":{"code":"USD","numeric":840,"native":"","localized":""},"yo":{"code":"NGN","numeric":566,"native":"Nigerian Naira","localized":"Nigeriaanse naira"},"zh_CN":{"code":"CNY","numeric":156,"native":"人民币","localized":"Chinese yuan"},"zh_HK":{"code":"HKD","numeric":344,"native":"港元","localized":"Hongkongse dollar"},"zh_TW":{"code":"TWD","numeric":901,"native":"新台币","localized":"Nieuwe Taiwanese dollar"},"zu":{"code":"ZAR","numeric":710,"native":"South African Rand","localized":"Zuid-Afrikaanse rand"}}
