{"af":{"code":"ZAR","numeric":710,"native":"South African Rand","localized":"sørafrikanske rand"},"ak":{"code":"GHS","numeric":936,"native":"Ghanaian Cedi","localized":"ghanesiske cedi"},"am":{"code":"ETB","numeric":230,"native":"Ethiopian Birr","localized":"etiopiske birr"},"ar":{"code":"EGP","numeric":818,"native":"جنيه مصري","localized":"egyptiske pund"},"as":{"code":"INR","numeric":356,"native":"Indian Rupee","localized":"indiske rupiar"},"az":{"code":"AZN","numeric":944,"native":"Azerbaijani Manat","localized":"aserbajdsjanske manat"},"be":{"code":"BYN","numeric":840,"native":"Belarusian Ruble","localized":"nye kviterussiske rublar"},"bg":{"code":"BGN","numeric":975,"native":"Bulgarian Lev","localized":"bulgarske lev"},"bho":{"code":"INR","numeric":356,"native":"Indian Rupee","localized":"indiske rupiar"},"bm":{"code":"XOF","numeric":952,"native":"West African CFA Franc","localized":"vestafrikanske CFA-franc"},"bn":{"code":"BDT","numeric":50,"native":"Bangladeshi Taka","localized":"bangladeshiske taka"},"bs":{"code":"BAM","numeric":977,"native":"Bosnia-Herzegovina Convertible Mark","localized":"bosnisk-hercegovinske konvertible mark"},"ca":{"code":"EUR","numeric":978,"native":"euro","localized":"euro"},"ceb":{"code":"PHP","numeric":608,"native":"Philippine Peso","localized":"filippinske pesos"},"ckb":{"code":"IQD","numeric":368,"native":"Iraqi Dinar","localized":"irakiske dinarar"},"cs":{"code":"CZK","numeric":203,"native":"česká koruna","localized":"tsjekkiske koruna"},"cy":{"code":"GBP","numeric":826,"native":"British Pound","localized":"britiske pund"},"da":{"code":"DKK","numeric":208,"native":"dansk krone","localized":"danske kroner"},"de":{"code":"EUR","numeric":978,"native":"Euro","localized":"euro"},"de_AT":{"code":"EUR","numeric":978,"native":"Euro","localized":"euro"},"de_CH":{"code":"CHF","numeric":756,"native":"Schweizer Franken","localized":"sveitsiske franc"},"doi":{"code":"INR","numeric":356,"native":"Indian Rupee","localized":"indiske rupiar"},"ee":{"code":"GHS","numeric":936,"native":"Ghanaian Cedi","localized":"ghanesiske cedi"},"el":{"code":"EUR","numeric":978,"native":"Ευρώ","localized":"euro"},"en":{"code":"USD","numeric":840,"native":"US Dollar","localized":"amerikanske dollar"},"en_CA":{"code":"CAD","numeric":124,"native":"Canadian Dollar","localized":"kanadiske dollar"},"eo":{"code":"USD","numeric":840,"native":"","localized":""},"es":{"code":"EUR","numeric":978,"native":"euro","localized":"euro"},"et":{"code":"EUR","numeric":978,"native":"Euro","localized":"euro"},"eu":{"code":"EUR","numeric":978,"native":"Euro","localized":"euro"},"fa":{"code":"IRR","numeric":364,"native":"Iranian Rial","localized":"iranske rial"},"fi":{"code":"EUR","numeric":978,"native":"euro","localized":"euro"},"fil":{"code":"PHP","numeric":608,"native":"Philippine Peso","localized":"filippinske pesos"},"fr":{"code":"EUR","numeric":978,"native":"euro","localized":"euro"},"fy":{"code":"EUR","numeric":978,"native":"Euro","localized":"euro"},"ga":{"code":"EUR","numeric":978,"native":"Euro","localized":"euro"},"gd":{"code":"GBP","numeric":826,"native":"British Pound","localized":"britiske pund"},"gl":{"code":"EUR","numeric":978,"native":"Euro","localized":"euro"},"gu":{"code":"INR","numeric":356,"native":"Indian Rupee","localized":"indiske rupiar"},"ha":{"code":"NGN","numeric":566,"native":"Nigerian Naira","localized":"nigerianske naira"},"haw":{"code":"USD","numeric":840,"native":"US Dollar","localized":"amerikanske dollar"},"he":{"code":"ILS","numeric":376,"native":"שקל חדש","localized":"nye israelske sheklar"},"hi":{"code":"INR","numeric":356,"native":"भारतीय रुपया","localized":"indiske rupiar"},"hr":{"code":"EUR","numeric":978,"native":"euro","localized":"euro"},"ht":{"code":"HTG","numeric":332,"native":"gourde haïtienne","localized":"haitiske gourde"},"hu":{"code":"HUF","numeric":348,"native":"magyar forint","localized":"ungarske forintar"},"hy":{"code":"AMD","numeric":51,"native":"Armenian Dram","localized":"armenske dram"},"id":{"code":"IDR","numeric":360,"native":"Indonesian Rupiah","localized":"indonesiske rupiar"},"ig":{"code":"NGN","numeric":566,"native":"Nigerian Naira","localized":"nigerianske naira"},"is":{"code":"ISK","numeric":352,"native":"Icelandic Króna","localized":"islandske kroner"},"it":{"code":"EUR","numeric":978,"native":"euro","localized":"euro"},"ja":{"code":"JPY","numeric":392,"native":"日本円","localized":"japanske yen"},"ka":{"code":"GEL","numeric":981,"native":"Georgian Lari","localized":"georgiske lari"},"kk":{"code":"KZT","numeric":398,"native":"Kazakhstani Tenge","localized":"kasakhstanske tenge"},"km":{"code":"KHR","numeric":116,"native":"Cambodian Riel","localized":"kambodsjanske riel"},"kn":{"code":"INR","numeric":356,"native":"Indian Rupee","localized":"indiske rupiar"},"ko":{"code":"KRW","numeric":410,"native":"대한민국 원","localized":"sørkoreanske won"},"ku":{"code":"TRY","numeric":949,"native":"Turkish Lira","localized":"tyrkiske lire"},"ky":{"code":"KGS","numeric":417,"native":"Kyrgystani Som","localized":"kirgisiske som"},"lb":{"code":"EUR","numeric":978,"native":"Euro","localized":"euro"},"lg":{"code":"UGX","numeric":800,"native":"Ugandan Shilling","localized":"ugandiske shilling"},"ln":{"code":"CDF","numeric":976,"native":"Congolese Franc","localized":"kongolesiske franc"},"lo":{"code":"LAK","numeric":418,"native":"Laotian Kip","localized":"laotiske kip"},"lt":{"code":"EUR","numeric":978,"native":"Euro","localized":"euro"},"lv":{"code":"EUR","numeric":978,"native":"Euro","localized":"euro"},"mai":{"code":"INR","numeric":356,"native":"Indian Rupee","localized":"indiske rupiar"},"mg":{"code":"MGA","numeric":969,"native":"Malagasy Ariary","localized":"madagassiske ariary"},"mi":{"code":"NZD","numeric":554,"native":"New Zealand Dollar","localized":"nyzealandske dollar"},"mk":{"code":"MKD","numeric":807,"native":"Macedonian Denar","localized":"makedonske denarar"},"ml":{"code":"INR","numeric":356,"native":"Indian Rupee","localized":"indiske rupiar"},"mn":{"code":"MNT","numeric":496,"native":"Mongolian Tugrik","localized":"mongolske tugrik"},"mni_Mtei":{"code":"INR","numeric":356,"native":"Indian Rupee","localized":"indiske rupiar"},"mr":{"code":"INR","numeric":356,"native":"Indian Rupee","localized":"indiske rupiar"},"ms":{"code":"MYR","numeric":458,"native":"Malaysian Ringgit","localized":"malaysiske ringgit"},"mt":{"code":"EUR","numeric":978,"native":"Euro","localized":"euro"},"my":{"code":"MMK","numeric":104,"native":"Myanmar Kyat","localized":"myanmarske kyat"},"nb":{"code":"NOK","numeric":578,"native":"norske kroner","localized":"norske kroner"},"ne":{"code":"NPR","numeric":524,"native":"Nepalese Rupee","localized":"nepalske rupiar"},"nl":{"code":"EUR","numeric":978,"native":"Euro","localized":"euro"},"nn":{"code":"NOK","numeric":578,"native":"norske kroner","localized":"norske kroner"},"oc":{"code":"EUR","numeric":978,"native":"Euro","localized":"euro"},"om":{"code":"ETB","numeric":230,"native":"Ethiopian Birr","localized":"etiopiske birr"},"or":{"code":"INR","numeric":356,"native":"Indian Rupee","localized":"indiske rupiar"},"pa":{"code":"INR","numeric":356,"native":"Indian Rupee","localized":"indiske rupiar"},"pl":{"code":"PLN","numeric":985,"native":"złoty polski","localized":"polske zloty"},"ps":{"code":"AFN","numeric":971,"native":"Afghan Afghani","localized":"afghanske afghani"},"pt":{"code":"BRL","numeric":986,"native":"Real brasileiro","localized":"brasilianske real"},"pt_BR":{"code":"BRL","numeric":986,"native":"Real brasileiro","localized":"brasilianske real"},"qu":{"code":"PEN","numeric":604,"native":"Peruvian Sol","localized":"peruanske sol"},"ro":{"code":"RON","numeric":946,"native":"leu românesc","localized":"rumenske leuar"},"ru":{"code":"RUB","numeric":643,"native":"российский рубль","localized":"russiske rublar"},"rw":{"code":"RWF","numeric":646,"native":"Rwandan Franc","localized":"rwandiske franc"},"sa":{"code":"INR","numeric":356,"native":"Indian Rupee","localized":"indiske rupiar"},"sc":{"code":"EUR","numeric":978,"native":"Euro","localized":"euro"},"sd":{"code":"PKR","numeric":586,"native":"Pakistani Rupee","localized":"pakistanske rupiar"},"si":{"code":"LKR","numeric":144,"native":"Sri Lankan Rupee","localized":"srilankiske rupiar"},"sk":{"code":"EUR","numeric":978,"native":"euro","localized":"euro"},"sl":{"code":"EUR","numeric":978,"native":"evro","localized":"euro"},"sn":{"code":"USD","numeric":840,"native":"US Dollar","localized":"amerikanske dollar"},"so":{"code":"SOS","numeric":706,"native":"Somali Shilling","localized":"somaliske shilling"},"sq":{"code":"ALL","numeric":8,"native":"Albanian Lek","localized":"albanske lek"},"sr_Cyrl":{"code":"RSD","numeric":941,"native":"српски динар","localized":"serbiske dinarar"},"sr_Latn":{"code":"RSD","numeric":941,"native":"Serbian Dinar","localized":"serbiske dinarar"},"sr_Latn_ME":{"code":"EUR","numeric":978,"native":"Euro","localized":"euro"},"su":{"code":"IDR","numeric":360,"native":"Indonesian Rupiah","localized":"indonesiske rupiar"},"sv":{"code":"SEK","numeric":752,"native":"svensk krona","localized":"svenske kroner"},"sw":{"code":"TZS","numeric":834,"native":"Tanzanian Shilling","localized":"tanzanianske shilling"},"ta":{"code":"INR","numeric":356,"native":"Indian Rupee","localized":"indiske rupiar"},"te":{"code":"INR","numeric":356,"native":"Indian Rupee","localized":"indiske rupiar"},"tg":{"code":"TJS","numeric":972,"native":"Tajikistani Somoni","localized":"tadsjikiske somoni"},"th":{"code":"THB","numeric":764,"native":"บาท","localized":"thailandske baht"},"ti":{"code":"ETB","numeric":230,"native":"Ethiopian Birr","localized":"etiopiske birr"},"tk":{"code":"TMT","numeric":934,"native":"Turkmenistani Manat","localized":"turkmenske manat"},"tl":{"code":"PHP","numeric":608,"native":"Philippine Peso","localized":"filippinske pesos"},"tr":{"code":"TRY","numeric":949,"native":"Türk Lirası","localized":"tyrkiske lire"},"tt":{"code":"RUB","numeric":643,"native":"Russian Ruble","localized":"russiske rublar"},"ug":{"code":"CNY","numeric":156,"native":"Chinese Yuan","localized":"kinesiske yuan"},"uk":{"code":"UAH","numeric":980,"native":"українська гривня","localized":"ukrainske hryvnia"},"ur":{"code":"PKR","numeric":586,"native":"Pakistani Rupee","localized":"pakistanske rupiar"},"uz_Cyrl":{"code":"UZS","numeric":860,"native":"Uzbekistani Som","localized":"usbekiske sum"},"uz_Latn":{"code":"UZS","numeric":860,"native":"Uzbekistani Som","localized":"usbekiske sum"},"vi":{"code":"VND","numeric":704,"native":"Đồng Việt Nam","localized":"vietnamesiske dong"},"xh":{"code":"ZAR","numeric":710,"native":"South African Rand","localized":"sørafrikanske rand"},"yi":{"code":"USD","numeric":840,"native":"","localized":""},"yo":{"code":"NGN","numeric":566,"native":"Nigerian Naira","localized":"nigerianske naira"},"zh_CN":{"code":"CNY","numeric":156,"native":"人民币","localized":"kinesiske yuan"},"zh_HK":{"code":"HKD","numeric":344,"native":"港元","localized":"Hongkong-dollar"},"zh_TW":{"code":"TWD","numeric":901,"native":"新台币","localized":"nye taiwanske dollar"},"zu":{"code":"ZAR","numeric":710,"native":"South African Rand","localized":"sørafrikanske rand"}}
