{"af":{"code":"ZAR","numeric":710,"native":"South African Rand","localized":"rand sud-african"},"ak":{"code":"GHS","numeric":936,"native":"Ghanaian Cedi","localized":"cedi ghanez"},"am":{"code":"ETB","numeric":230,"native":"Ethiopian Birr","localized":"birr etiopian"},"ar":{"code":"EGP","numeric":818,"native":"جنيه مصري","localized":"liră egipteană"},"as":{"code":"INR","numeric":356,"native":"Indian Rupee","localized":"rupie indiană"},"az":{"code":"AZN","numeric":944,"native":"Azerbaijani Manat","localized":"manat azer"},"be":{"code":"BYN","numeric":840,"native":"Belarusian Ruble","localized":"rublă belarusă"},"bg":{"code":"BGN","numeric":975,"native":"Bulgarian Lev","localized":"leva"},"bho":{"code":"INR","numeric":356,"native":"Indian Rupee","localized":"rupie indiană"},"bm":{"code":"XOF","numeric":952,"native":"West African CFA Franc","localized":"franc CFA BCEAO"},"bn":{"code":"BDT","numeric":50,"native":"Bangladeshi Taka","localized":"taka din Bangladesh"},"bs":{"code":"BAM","numeric":977,"native":"Bosnia-Herzegovina Convertible Mark","localized":"marcă convertibilă"},"ca":{"code":"EUR","numeric":978,"native":"euro","localized":"euro"},"ceb":{"code":"PHP","numeric":608,"native":"Philippine Peso","localized":"peso filipinez"},"ckb":{"code":"IQD","numeric":368,"native":"Iraqi Dinar","localized":"dinar irakian"},"cs":{"code":"CZK","numeric":203,"native":"česká koruna","localized":"coroană cehă"},"cy":{"code":"GBP","numeric":826,"native":"British Pound","localized":"liră sterlină"},"da":{"code":"DKK","numeric":208,"native":"dansk krone","localized":"coroană daneză"},"de":{"code":"EUR","numeric":978,"native":"Euro","localized":"euro"},"de_AT":{"code":"EUR","numeric":978,"native":"Euro","localized":"euro"},"de_CH":{"code":"CHF","numeric":756,"native":"Schweizer Franken","localized":"franc elvețian"},"doi":{"code":"INR","numeric":356,"native":"Indian Rupee","localized":"rupie indiană"},"ee":{"code":"GHS","numeric":936,"native":"Ghanaian Cedi","localized":"cedi ghanez"},"el":{"code":"EUR","numeric":978,"native":"Ευρώ","localized":"euro"},"en":{"code":"USD","numeric":840,"native":"US Dollar","localized":"dolar american"},"en_CA":{"code":"CAD","numeric":124,"native":"Canadian Dollar","localized":"dolar canadian"},"eo":{"code":"USD","numeric":840,"native":"","localized":""},"es":{"code":"EUR","numeric":978,"native":"euro","localized":"euro"},"et":{"code":"EUR","numeric":978,"native":"Euro","localized":"euro"},"eu":{"code":"EUR","numeric":978,"native":"Euro","localized":"euro"},"fa":{"code":"IRR","numeric":364,"native":"Iranian Rial","localized":"rial iranian"},"fi":{"code":"EUR","numeric":978,"native":"euro","localized":"euro"},"fil":{"code":"PHP","numeric":608,"native":"Philippine Peso","localized":"peso filipinez"},"fr":{"code":"EUR","numeric":978,"native":"euro","localized":"euro"},"fy":{"code":"EUR","numeric":978,"native":"Euro","localized":"euro"},"ga":{"code":"EUR","numeric":978,"native":"Euro","localized":"euro"},"gd":{"code":"GBP","numeric":826,"native":"British Pound","localized":"liră sterlină"},"gl":{"code":"EUR","numeric":978,"native":"Euro","localized":"euro"},"gu":{"code":"INR","numeric":356,"native":"Indian Rupee","localized":"rupie indiană"},"ha":{"code":"NGN","numeric":566,"native":"Nigerian Naira","localized":"naira nigeriană"},"haw":{"code":"USD","numeric":840,"native":"US Dollar","localized":"dolar american"},"he":{"code":"ILS","numeric":376,"native":"שקל חדש","localized":"shekel israelian nou"},"hi":{"code":"INR","numeric":356,"native":"भारतीय रुपया","localized":"rupie indiană"},"hr":{"code":"EUR","numeric":978,"native":"euro","localized":"euro"},"ht":{"code":"HTG","numeric":332,"native":"gourde haïtienne","localized":"gourde din Haiti"},"hu":{"code":"HUF","numeric":348,"native":"magyar forint","localized":"forint"},"hy":{"code":"AMD","numeric":51,"native":"Armenian Dram","localized":"dram armenesc"},"id":{"code":"IDR","numeric":360,"native":"Indonesian Rupiah","localized":"rupie indoneziană"},"ig":{"code":"NGN","numeric":566,"native":"Nigerian Naira","localized":"naira nigeriană"},"is":{"code":"ISK","numeric":352,"native":"Icelandic Króna","localized":"coroană islandeză"},"it":{"code":"EUR","numeric":978,"native":"euro","localized":"euro"},"ja":{"code":"JPY","numeric":392,"native":"日本円","localized":"yen japonez"},"ka":{"code":"GEL","numeric":981,"native":"Georgian Lari","localized":"lari georgian"},"kk":{"code":"KZT","numeric":398,"native":"Kazakhstani Tenge","localized":"tenge kazahă"},"km":{"code":"KHR","numeric":116,"native":"Cambodian Riel","localized":"riel cambodgian"},"kn":{"code":"INR","numeric":356,"native":"Indian Rupee","localized":"rupie indiană"},"ko":{"code":"KRW","numeric":410,"native":"대한민국 원","localized":"won sud-coreean"},"ku":{"code":"TRY","numeric":949,"native":"Turkish Lira","localized":"liră turcească"},"ky":{"code":"KGS","numeric":417,"native":"Kyrgystani Som","localized":"som kârgâz"},"lb":{"code":"EUR","numeric":978,"native":"Euro","localized":"euro"},"lg":{"code":"UGX","numeric":800,"native":"Ugandan Shilling","localized":"șiling ugandez"},"ln":{"code":"CDF","numeric":976,"native":"Congolese Franc","localized":"franc congolez"},"lo":{"code":"LAK","numeric":418,"native":"Laotian Kip","localized":"kip laoțian"},"lt":{"code":"EUR","numeric":978,"native":"Euro","localized":"euro"},"lv":{"code":"EUR","numeric":978,"native":"Euro","localized":"euro"},"mai":{"code":"INR","numeric":356,"native":"Indian Rupee","localized":"rupie indiană"},"mg":{"code":"MGA","numeric":969,"native":"Malagasy Ariary","localized":"ariary malgaș"},"mi":{"code":"NZD","numeric":554,"native":"New Zealand Dollar","localized":"dolar neozeelandez"},"mk":{"code":"MKD","numeric":807,"native":"Macedonian Denar","localized":"denar"},"ml":{"code":"INR","numeric":356,"native":"Indian Rupee","localized":"rupie indiană"},"mn":{"code":"MNT","numeric":496,"native":"Mongolian Tugrik","localized":"tugrik mongol"},"mni_Mtei":{"code":"INR","numeric":356,"native":"Indian Rupee","localized":"rupie indiană"},"mr":{"code":"INR","numeric":356,"native":"Indian Rupee","localized":"rupie indiană"},"ms":{"code":"MYR","numeric":458,"native":"Malaysian Ringgit","localized":"ringgit malaiezian"},"mt":{"code":"EUR","numeric":978,"native":"Euro","localized":"euro"},"my":{"code":"MMK","numeric":104,"native":"Myanmar Kyat","localized":"kyat din Myanmar"},"nb":{"code":"NOK","numeric":578,"native":"norske kroner","localized":"coroană norvegiană"},"ne":{"code":"NPR","numeric":524,"native":"Nepalese Rupee","localized":"rupie nepaleză"},"nl":{"code":"EUR","numeric":978,"native":"Euro","localized":"euro"},"nn":{"code":"NOK","numeric":578,"native":"norske kroner","localized":"coroană norvegiană"},"oc":{"code":"EUR","numeric":978,"native":"Euro","localized":"euro"},"om":{"code":"ETB","numeric":230,"native":"Ethiopian Birr","localized":"birr etiopian"},"or":{"code":"INR","numeric":356,"native":"Indian Rupee","localized":"rupie indiană"},"pa":{"code":"INR","numeric":356,"native":"Indian Rupee","localized":"rupie indiană"},"pl":{"code":"PLN","numeric":985,"native":"złoty polski","localized":"zlot"},"ps":{"code":"AFN","numeric":971,"native":"Afghan Afghani","localized":"afgani afgan"},"pt":{"code":"BRL","numeric":986,"native":"Real brasileiro","localized":"real"},"pt_BR":{"code":"BRL","numeric":986,"native":"Real brasileiro","localized":"real"},"qu":{"code":"PEN","numeric":604,"native":"Peruvian Sol","localized":"sol"},"ro":{"code":"RON","numeric":946,"native":"leu românesc","localized":"leu românesc"},"ru":{"code":"RUB","numeric":643,"native":"российский рубль","localized":"rublă rusească"},"rw":{"code":"RWF","numeric":646,"native":"Rwandan Franc","localized":"franc rwandez"},"sa":{"code":"INR","numeric":356,"native":"Indian Rupee","localized":"rupie indiană"},"sc":{"code":"EUR","numeric":978,"native":"Euro","localized":"euro"},"sd":{"code":"PKR","numeric":586,"native":"Pakistani Rupee","localized":"rupie pakistaneză"},"si":{"code":"LKR","numeric":144,"native":"Sri Lankan Rupee","localized":"rupie srilankeză"},"sk":{"code":"EUR","numeric":978,"native":"euro","localized":"euro"},"sl":{"code":"EUR","numeric":978,"native":"evro","localized":"euro"},"sn":{"code":"USD","numeric":840,"native":"US Dollar","localized":"dolar american"},"so":{"code":"SOS","numeric":706,"native":"Somali Shilling","localized":"șiling somalez"},"sq":{"code":"ALL","numeric":8,"native":"Albanian Lek","localized":"lek"},"sr_Cyrl":{"code":"RSD","numeric":941,"native":"српски динар","localized":"dinar sârbesc"},"sr_Latn":{"code":"RSD","numeric":941,"native":"Serbian Dinar","localized":"dinar sârbesc"},"sr_Latn_ME":{"code":"EUR","numeric":978,"native":"Euro","localized":"euro"},"su":{"code":"IDR","numeric":360,"native":"Indonesian Rupiah","localized":"rupie indoneziană"},"sv":{"code":"SEK","numeric":752,"native":"svensk krona","localized":"coroană suedeză"},"sw":{"code":"TZS","numeric":834,"native":"Tanzanian Shilling","localized":"șiling tanzanian"},"ta":{"code":"INR","numeric":356,"native":"Indian Rupee","localized":"rupie indiană"},"te":{"code":"INR","numeric":356,"native":"Indian Rupee","localized":"rupie indiană"},"tg":{"code":"TJS","numeric":972,"native":"Tajikistani Somoni","localized":"somoni tadjic"},"th":{"code":"THB","numeric":764,"native":"บาท","localized":"baht thailandez"},"ti":{"code":"ETB","numeric":230,"native":"Ethiopian Birr","localized":"birr etiopian"},"tk":{"code":"TMT","numeric":934,"native":"Turkmenistani Manat","localized":"manat turkmen"},"tl":{"code":"PHP","numeric":608,"native":"Philippine Peso","localized":"peso filipinez"},"tr":{"code":"TRY","numeric":949,"native":"Türk Lirası","localized":"liră turcească"},"tt":{"code":"RUB","numeric":643,"native":"Russian Ruble","localized":"rublă rusească"},"ug":{"code":"CNY","numeric":156,"native":"Chinese Yuan","localized":"yuan chinezesc"},"uk":{"code":"UAH","numeric":980,"native":"українська гривня","localized":"grivnă"},"ur":{"code":"PKR","numeric":586,"native":"Pakistani Rupee","localized":"rupie pakistaneză"},"uz_Cyrl":{"code":"UZS","numeric":860,"native":"Uzbekistani Som","localized":"sum Uzbekistan"},"uz_Latn":{"code":"UZS","numeric":860,"native":"Uzbekistani Som","localized":"sum Uzbekistan"},"vi":{"code":"VND","numeric":704,"native":"Đồng Việt Nam","localized":"dong vietnamez"},"xh":{"code":"ZAR","numeric":710,"native":"South African Rand","localized":"rand sud-african"},"yi":{"code":"USD","numeric":840,"native":"","localized":""},"yo":{"code":"NGN","numeric":566,"native":"Nigerian Naira","localized":"naira nigeriană"},"zh_CN":{"code":"CNY","numeric":156,"native":"人民币","localized":"yuan chinezesc"},"zh_HK":{"code":"HKD","numeric":344,"native":"港元","localized":"dolar din Hong Kong"},"zh_TW":{"code":"TWD","numeric":901,"native":"新台币","localized":"dolar nou din Taiwan"},"zu":{"code":"ZAR","numeric":710,"native":"South African Rand","localized":"rand sud-african"}}
