{"af":{"code":"ZAR","numeric":710,"native":"South African Rand","localized":"южноафриканский рэнд"},"ak":{"code":"GHS","numeric":936,"native":"Ghanaian Cedi","localized":"ганский седи"},"am":{"code":"ETB","numeric":230,"native":"Ethiopian Birr","localized":"эфиопский быр"},"ar":{"code":"EGP","numeric":818,"native":"جنيه مصري","localized":"египетский фунт"},"as":{"code":"INR","numeric":356,"native":"Indian Rupee","localized":"индийская рупия"},"az":{"code":"AZN","numeric":944,"native":"Azerbaijani Manat","localized":"азербайджанский манат"},"be":{"code":"BYN","numeric":840,"native":"Belarusian Ruble","localized":"белорусский рубль"},"bg":{"code":"BGN","numeric":975,"native":"Bulgarian Lev","localized":"болгарский лев"},"bho":{"code":"INR","numeric":356,"native":"Indian Rupee","localized":"индийская рупия"},"bm":{"code":"XOF","numeric":952,"native":"West African CFA Franc","localized":"франк КФА ВСЕАО"},"bn":{"code":"BDT","numeric":50,"native":"Bangladeshi Taka","localized":"бангладешская така"},"bs":{"code":"BAM","numeric":977,"native":"Bosnia-Herzegovina Convertible Mark","localized":"конвертируемая марка Боснии и Герцеговины"},"ca":{"code":"EUR","numeric":978,"native":"euro","localized":"евро"},"ceb":{"code":"PHP","numeric":608,"native":"Philippine Peso","localized":"филиппинский песо"},"ckb":{"code":"IQD","numeric":368,"native":"Iraqi Dinar","localized":"иракский динар"},"cs":{"code":"CZK","numeric":203,"native":"česká koruna","localized":"чешская крона"},"cy":{"code":"GBP","numeric":826,"native":"British Pound","localized":"британский фунт стерлингов"},"da":{"code":"DKK","numeric":208,"native":"dansk krone","localized":"датская крона"},"de":{"code":"EUR","numeric":978,"native":"Euro","localized":"евро"},"de_AT":{"code":"EUR","numeric":978,"native":"Euro","localized":"евро"},"de_CH":{"code":"CHF","numeric":756,"native":"Schweizer Franken","localized":"швейцарский франк"},"doi":{"code":"INR","numeric":356,"native":"Indian Rupee","localized":"индийская рупия"},"ee":{"code":"GHS","numeric":936,"native":"Ghanaian Cedi","localized":"ганский седи"},"el":{"code":"EUR","numeric":978,"native":"Ευρώ","localized":"евро"},"en":{"code":"USD","numeric":840,"native":"US Dollar","localized":"доллар США"},"en_CA":{"code":"CAD","numeric":124,"native":"Canadian Dollar","localized":"канадский доллар"},"eo":{"code":"USD","numeric":840,"native":"","localized":""},"es":{"code":"EUR","numeric":978,"native":"euro","localized":"евро"},"et":{"code":"EUR","numeric":978,"native":"Euro","localized":"евро"},"eu":{"code":"EUR","numeric":978,"native":"Euro","localized":"евро"},"fa":{"code":"IRR","numeric":364,"native":"Iranian Rial","localized":"иранский риал"},"fi":{"code":"EUR","numeric":978,"native":"euro","localized":"евро"},"fil":{"code":"PHP","numeric":608,"native":"Philippine Peso","localized":"филиппинский песо"},"fr":{"code":"EUR","numeric":978,"native":"euro","localized":"евро"},"fy":{"code":"EUR","numeric":978,"native":"Euro","localized":"евро"},"ga":{"code":"EUR","numeric":978,"native":"Euro","localized":"евро"},"gd":{"code":"GBP","numeric":826,"native":"British Pound","localized":"британский фунт стерлингов"},"gl":{"code":"EUR","numeric":978,"native":"Euro","localized":"евро"},"gu":{"code":"INR","numeric":356,"native":"Indian Rupee","localized":"индийская рупия"},"ha":{"code":"NGN","numeric":566,"native":"Nigerian Naira","localized":"нигерийская найра"},"haw":{"code":"USD","numeric":840,"native":"US Dollar","localized":"доллар США"},"he":{"code":"ILS","numeric":376,"native":"שקל חדש","localized":"новый израильский шекель"},"hi":{"code":"INR","numeric":356,"native":"भारतीय रुपया","localized":"индийская рупия"},"hr":{"code":"EUR","numeric":978,"native":"euro","localized":"евро"},"ht":{"code":"HTG","numeric":332,"native":"gourde haïtienne","localized":"гаитянский гурд"},"hu":{"code":"HUF","numeric":348,"native":"magyar forint","localized":"венгерский форинт"},"hy":{"code":"AMD","numeric":51,"native":"Armenian Dram","localized":"армянский драм"},"id":{"code":"IDR","numeric":360,"native":"Indonesian Rupiah","localized":"индонезийская рупия"},"ig":{"code":"NGN","numeric":566,"native":"Nigerian Naira","localized":"нигерийская найра"},"is":{"code":"ISK","numeric":352,"native":"Icelandic Króna","localized":"исландская крона"},"it":{"code":"EUR","numeric":978,"native":"euro","localized":"евро"},"ja":{"code":"JPY","numeric":392,"native":"日本円","localized":"японская иена"},"ka":{"code":"GEL","numeric":981,"native":"Georgian Lari","localized":"грузинский лари"},"kk":{"code":"KZT","numeric":398,"native":"Kazakhstani Tenge","localized":"казахский тенге"},"km":{"code":"KHR","numeric":116,"native":"Cambodian Riel","localized":"камбоджийский риель"},"kn":{"code":"INR","numeric":356,"native":"Indian Rupee","localized":"индийская рупия"},"ko":{"code":"KRW","numeric":410,"native":"대한민국 원","localized":"южнокорейская вона"},"ku":{"code":"TRY","numeric":949,"native":"Turkish Lira","localized":"турецкая лира"},"ky":{"code":"KGS","numeric":417,"native":"Kyrgystani Som","localized":"киргизский сом"},"lb":{"code":"EUR","numeric":978,"native":"Euro","localized":"евро"},"lg":{"code":"UGX","numeric":800,"native":"Ugandan Shilling","localized":"угандийский шиллинг"},"ln":{"code":"CDF","numeric":976,"native":"Congolese Franc","localized":"конголезский франк"},"lo":{"code":"LAK","numeric":418,"native":"Laotian Kip","localized":"лаосский кип"},"lt":{"code":"EUR","numeric":978,"native":"Euro","localized":"евро"},"lv":{"code":"EUR","numeric":978,"native":"Euro","localized":"евро"},"mai":{"code":"INR","numeric":356,"native":"Indian Rupee","localized":"индийская рупия"},"mg":{"code":"MGA","numeric":969,"native":"Malagasy Ariary","localized":"малагасийский ариари"},"mi":{"code":"NZD","numeric":554,"native":"New Zealand Dollar","localized":"новозеландский доллар"},"mk":{"code":"MKD","numeric":807,"native":"Macedonian Denar","localized":"македонский денар"},"ml":{"code":"INR","numeric":356,"native":"Indian Rupee","localized":"индийская рупия"},"mn":{"code":"MNT","numeric":496,"native":"Mongolian Tugrik","localized":"монгольский тугрик"},"mni_Mtei":{"code":"INR","numeric":356,"native":"Indian Rupee","localized":"индийская рупия"},"mr":{"code":"INR","numeric":356,"native":"Indian Rupee","localized":"индийская рупия"},"ms":{"code":"MYR","numeric":458,"native":"Malaysian Ringgit","localized":"малайзийский ринггит"},"mt":{"code":"EUR","numeric":978,"native":"Euro","localized":"евро"},"my":{"code":"MMK","numeric":104,"native":"Myanmar Kyat","localized":"мьянманский кьят"},"nb":{"code":"NOK","numeric":578,"native":"norske kroner","localized":"норвежская крона"},"ne":{"code":"NPR","numeric":524,"native":"Nepalese Rupee","localized":"непальская рупия"},"nl":{"code":"EUR","numeric":978,"native":"Euro","localized":"евро"},"nn":{"code":"NOK","numeric":578,"native":"norske kroner","localized":"норвежская крона"},"oc":{"code":"EUR","numeric":978,"native":"Euro","localized":"евро"},"om":{"code":"ETB","numeric":230,"native":"Ethiopian Birr","localized":"эфиопский быр"},"or":{"code":"INR","numeric":356,"native":"Indian Rupee","localized":"индийская рупия"},"pa":{"code":"INR","numeric":356,"native":"Indian Rupee","localized":"индийская рупия"},"pl":{"code":"PLN","numeric":985,"native":"złoty polski","localized":"польский злотый"},"ps":{"code":"AFN","numeric":971,"native":"Afghan Afghani","localized":"афгани"},"pt":{"code":"BRL","numeric":986,"native":"Real brasileiro","localized":"бразильский реал"},"pt_BR":{"code":"BRL","numeric":986,"native":"Real brasileiro","localized":"бразильский реал"},"qu":{"code":"PEN","numeric":604,"native":"Peruvian Sol","localized":"перуанский соль"},"ro":{"code":"RON","numeric":946,"native":"leu românesc","localized":"румынский лей"},"ru":{"code":"RUB","numeric":643,"native":"российский рубль","localized":"российский рубль"},"rw":{"code":"RWF","numeric":646,"native":"Rwandan Franc","localized":"франк Руанды"},"sa":{"code":"INR","numeric":356,"native":"Indian Rupee","localized":"индийская рупия"},"sc":{"code":"EUR","numeric":978,"native":"Euro","localized":"евро"},"sd":{"code":"PKR","numeric":586,"native":"Pakistani Rupee","localized":"пакистанская рупия"},"si":{"code":"LKR","numeric":144,"native":"Sri Lankan Rupee","localized":"шри-ланкийская рупия"},"sk":{"code":"EUR","numeric":978,"native":"euro","localized":"евро"},"sl":{"code":"EUR","numeric":978,"native":"evro","localized":"евро"},"sn":{"code":"USD","numeric":840,"native":"US Dollar","localized":"доллар США"},"so":{"code":"SOS","numeric":706,"native":"Somali Shilling","localized":"сомалийский шиллинг"},"sq":{"code":"ALL","numeric":8,"native":"Albanian Lek","localized":"албанский лек"},"sr_Cyrl":{"code":"RSD","numeric":941,"native":"српски динар","localized":"сербский динар"},"sr_Latn":{"code":"RSD","numeric":941,"native":"Serbian Dinar","localized":"сербский динар"},"sr_Latn_ME":{"code":"EUR","numeric":978,"native":"Euro","localized":"евро"},"su":{"code":"IDR","numeric":360,"native":"Indonesian Rupiah","localized":"индонезийская рупия"},"sv":{"code":"SEK","numeric":752,"native":"svensk krona","localized":"шведская крона"},"sw":{"code":"TZS","numeric":834,"native":"Tanzanian Shilling","localized":"танзанийский шиллинг"},"ta":{"code":"INR","numeric":356,"native":"Indian Rupee","localized":"индийская рупия"},"te":{"code":"INR","numeric":356,"native":"Indian Rupee","localized":"индийская рупия"},"tg":{"code":"TJS","numeric":972,"native":"Tajikistani Somoni","localized":"таджикский сомони"},"th":{"code":"THB","numeric":764,"native":"บาท","localized":"таиландский бат"},"ti":{"code":"ETB","numeric":230,"native":"Ethiopian Birr","localized":"эфиопский быр"},"tk":{"code":"TMT","numeric":934,"native":"Turkmenistani Manat","localized":"новый туркменский манат"},"tl":{"code":"PHP","numeric":608,"native":"Philippine Peso","localized":"филиппинский песо"},"tr":{"code":"TRY","numeric":949,"native":"Türk Lirası","localized":"турецкая лира"},"tt":{"code":"RUB","numeric":643,"native":"Russian Ruble","localized":"российский рубль"},"ug":{"code":"CNY","numeric":156,"native":"Chinese Yuan","localized":"китайский юань"},"uk":{"code":"UAH","numeric":980,"native":"українська гривня","localized":"украинская гривна"},"ur":{"code":"PKR","numeric":586,"native":"Pakistani Rupee","localized":"пакистанская рупия"},"uz_Cyrl":{"code":"UZS","numeric":860,"native":"Uzbekistani Som","localized":"узбекский сум"},"uz_Latn":{"code":"UZS","numeric":860,"native":"Uzbekistani Som","localized":"узбекский сум"},"vi":{"code":"VND","numeric":704,"native":"Đồng Việt Nam","localized":"вьетнамский донг"},"xh":{"code":"ZAR","numeric":710,"native":"South African Rand","localized":"южноафриканский рэнд"},"yi":{"code":"USD","numeric":840,"native":"","localized":""},"yo":{"code":"NGN","numeric":566,"native":"Nigerian Naira","localized":"нигерийская найра"},"zh_CN":{"code":"CNY","numeric":156,"native":"人民币","localized":"китайский юань"},"zh_HK":{"code":"HKD","numeric":344,"native":"港元","localized":"гонконгский доллар"},"zh_TW":{"code":"TWD","numeric":901,"native":"新台币","localized":"новый тайваньский доллар"},"zu":{"code":"ZAR","numeric":710,"native":"South African Rand","localized":"южноафриканский рэнд"}}
