{"af":{"code":"ZAR","numeric":710,"native":"South African Rand","localized":"јужноафрички ранд"},"ak":{"code":"GHS","numeric":936,"native":"Ghanaian Cedi","localized":"гански седи"},"am":{"code":"ETB","numeric":230,"native":"Ethiopian Birr","localized":"етиопијски бир"},"ar":{"code":"EGP","numeric":818,"native":"جنيه مصري","localized":"египатска фунта"},"as":{"code":"INR","numeric":356,"native":"Indian Rupee","localized":"индијска рупија"},"az":{"code":"AZN","numeric":944,"native":"Azerbaijani Manat","localized":"азербејџански манат"},"be":{"code":"BYN","numeric":840,"native":"Belarusian Ruble","localized":"белоруска рубља"},"bg":{"code":"BGN","numeric":975,"native":"Bulgarian Lev","localized":"бугарски лев"},"bho":{"code":"INR","numeric":356,"native":"Indian Rupee","localized":"индијска рупија"},"bm":{"code":"XOF","numeric":952,"native":"West African CFA Franc","localized":"западноафрички франак"},"bn":{"code":"BDT","numeric":50,"native":"Bangladeshi Taka","localized":"бангладешка така"},"bs":{"code":"BAM","numeric":977,"native":"Bosnia-Herzegovina Convertible Mark","localized":"босанско-херцеговачка конвертибилна марка"},"ca":{"code":"EUR","numeric":978,"native":"euro","localized":"Евро"},"ceb":{"code":"PHP","numeric":608,"native":"Philippine Peso","localized":"филипински пезос"},"ckb":{"code":"IQD","numeric":368,"native":"Iraqi Dinar","localized":"ирачки динар"},"cs":{"code":"CZK","numeric":203,"native":"česká koruna","localized":"чешка круна"},"cy":{"code":"GBP","numeric":826,"native":"British Pound","localized":"британска фунта"},"da":{"code":"DKK","numeric":208,"native":"dansk krone","localized":"данска круна"},"de":{"code":"EUR","numeric":978,"native":"Euro","localized":"Евро"},"de_AT":{"code":"EUR","numeric":978,"native":"Euro","localized":"Евро"},"de_CH":{"code":"CHF","numeric":756,"native":"Schweizer Franken","localized":"швајцарски франак"},"doi":{"code":"INR","numeric":356,"native":"Indian Rupee","localized":"индијска рупија"},"ee":{"code":"GHS","numeric":936,"native":"Ghanaian Cedi","localized":"гански седи"},"el":{"code":"EUR","numeric":978,"native":"Ευρώ","localized":"Евро"},"en":{"code":"USD","numeric":840,"native":"US Dollar","localized":"амерички долар"},"en_CA":{"code":"CAD","numeric":124,"native":"Canadian Dollar","localized":"канадски долар"},"eo":{"code":"USD","numeric":840,"native":"","localized":""},"es":{"code":"EUR","numeric":978,"native":"euro","localized":"Евро"},"et":{"code":"EUR","numeric":978,"native":"Euro","localized":"Евро"},"eu":{"code":"EUR","numeric":978,"native":"Euro","localized":"Евро"},"fa":{"code":"IRR","numeric":364,"native":"Iranian Rial","localized":"ирански ријал"},"fi":{"code":"EUR","numeric":978,"native":"euro","localized":"Евро"},"fil":{"code":"PHP","numeric":608,"native":"Philippine Peso","localized":"филипински пезос"},"fr":{"code":"EUR","numeric":978,"native":"euro","localized":"Евро"},"fy":{"code":"EUR","numeric":978,"native":"Euro","localized":"Евро"},"ga":{"code":"EUR","numeric":978,"native":"Euro","localized":"Евро"},"gd":{"code":"GBP","numeric":826,"native":"British Pound","localized":"британска фунта"},"gl":{"code":"EUR","numeric":978,"native":"Euro","localized":"Евро"},"gu":{"code":"INR","numeric":356,"native":"Indian Rupee","localized":"индијска рупија"},"ha":{"code":"NGN","numeric":566,"native":"Nigerian Naira","localized":"нигеријска наира"},"haw":{"code":"USD","numeric":840,"native":"US Dollar","localized":"амерички долар"},"he":{"code":"ILS","numeric":376,"native":"שקל חדש","localized":"израелски нови шекел"},"hi":{"code":"INR","numeric":356,"native":"भारतीय रुपया","localized":"индијска рупија"},"hr":{"code":"EUR","numeric":978,"native":"euro","localized":"Евро"},"ht":{"code":"HTG","numeric":332,"native":"gourde haïtienne","localized":"хаићански гурд"},"hu":{"code":"HUF","numeric":348,"native":"magyar forint","localized":"мађарска форинта"},"hy":{"code":"AMD","numeric":51,"native":"Armenian Dram","localized":"јерменски драм"},"id":{"code":"IDR","numeric":360,"native":"Indonesian Rupiah","localized":"индонежанска рупија"},"ig":{"code":"NGN","numeric":566,"native":"Nigerian Naira","localized":"нигеријска наира"},"is":{"code":"ISK","numeric":352,"native":"Icelandic Króna","localized":"исландска круна"},"it":{"code":"EUR","numeric":978,"native":"euro","localized":"Евро"},"ja":{"code":"JPY","numeric":392,"native":"日本円","localized":"јапански јен"},"ka":{"code":"GEL","numeric":981,"native":"Georgian Lari","localized":"грузијски лари"},"kk":{"code":"KZT","numeric":398,"native":"Kazakhstani Tenge","localized":"казахстански тенге"},"km":{"code":"KHR","numeric":116,"native":"Cambodian Riel","localized":"камбоџански ријел"},"kn":{"code":"INR","numeric":356,"native":"Indian Rupee","localized":"индијска рупија"},"ko":{"code":"KRW","numeric":410,"native":"대한민국 원","localized":"јужнокорејски вон"},"ku":{"code":"TRY","numeric":949,"native":"Turkish Lira","localized":"турска лира"},"ky":{"code":"KGS","numeric":417,"native":"Kyrgystani Som","localized":"киргистански сом"},"lb":{"code":"EUR","numeric":978,"native":"Euro","localized":"Евро"},"lg":{"code":"UGX","numeric":800,"native":"Ugandan Shilling","localized":"угандски шилинг"},"ln":{"code":"CDF","numeric":976,"native":"Congolese Franc","localized":"конгоански франак"},"lo":{"code":"LAK","numeric":418,"native":"Laotian Kip","localized":"лаоски кип"},"lt":{"code":"EUR","numeric":978,"native":"Euro","localized":"Евро"},"lv":{"code":"EUR","numeric":978,"native":"Euro","localized":"Евро"},"mai":{"code":"INR","numeric":356,"native":"Indian Rupee","localized":"индијска рупија"},"mg":{"code":"MGA","numeric":969,"native":"Malagasy Ariary","localized":"малгашки аријари"},"mi":{"code":"NZD","numeric":554,"native":"New Zealand Dollar","localized":"новозеландски долар"},"mk":{"code":"MKD","numeric":807,"native":"Macedonian Denar","localized":"македонски денар"},"ml":{"code":"INR","numeric":356,"native":"Indian Rupee","localized":"индијска рупија"},"mn":{"code":"MNT","numeric":496,"native":"Mongolian Tugrik","localized":"монголски тугрик"},"mni_Mtei":{"code":"INR","numeric":356,"native":"Indian Rupee","localized":"индијска рупија"},"mr":{"code":"INR","numeric":356,"native":"Indian Rupee","localized":"индијска рупија"},"ms":{"code":"MYR","numeric":458,"native":"Malaysian Ringgit","localized":"малезијски рингит"},"mt":{"code":"EUR","numeric":978,"native":"Euro","localized":"Евро"},"my":{"code":"MMK","numeric":104,"native":"Myanmar Kyat","localized":"мјанмарски кјат"},"nb":{"code":"NOK","numeric":578,"native":"norske kroner","localized":"норвешка круна"},"ne":{"code":"NPR","numeric":524,"native":"Nepalese Rupee","localized":"непалска рупија"},"nl":{"code":"EUR","numeric":978,"native":"Euro","localized":"Евро"},"nn":{"code":"NOK","numeric":578,"native":"norske kroner","localized":"норвешка круна"},"oc":{"code":"EUR","numeric":978,"native":"Euro","localized":"Евро"},"om":{"code":"ETB","numeric":230,"native":"Ethiopian Birr","localized":"етиопијски бир"},"or":{"code":"INR","numeric":356,"native":"Indian Rupee","localized":"индијска рупија"},"pa":{"code":"INR","numeric":356,"native":"Indian Rupee","localized":"индијска рупија"},"pl":{"code":"PLN","numeric":985,"native":"złoty polski","localized":"пољски злот"},"ps":{"code":"AFN","numeric":971,"native":"Afghan Afghani","localized":"авганистански авгани"},"pt":{"code":"BRL","numeric":986,"native":"Real brasileiro","localized":"бразилски реал"},"pt_BR":{"code":"BRL","numeric":986,"native":"Real brasileiro","localized":"бразилски реал"},"qu":{"code":"PEN","numeric":604,"native":"Peruvian Sol","localized":"перуански сол"},"ro":{"code":"RON","numeric":946,"native":"leu românesc","localized":"румунски леј"},"ru":{"code":"RUB","numeric":643,"native":"российский рубль","localized":"руска рубља"},"rw":{"code":"RWF","numeric":646,"native":"Rwandan Franc","localized":"руандски франак"},"sa":{"code":"INR","numeric":356,"native":"Indian Rupee","localized":"индијска рупија"},"sc":{"code":"EUR","numeric":978,"native":"Euro","localized":"Евро"},"sd":{"code":"PKR","numeric":586,"native":"Pakistani Rupee","localized":"пакистанска рупија"},"si":{"code":"LKR","numeric":144,"native":"Sri Lankan Rupee","localized":"шриланчанска рупија"},"sk":{"code":"EUR","numeric":978,"native":"euro","localized":"Евро"},"sl":{"code":"EUR","numeric":978,"native":"evro","localized":"Евро"},"sn":{"code":"USD","numeric":840,"native":"US Dollar","localized":"амерички долар"},"so":{"code":"SOS","numeric":706,"native":"Somali Shilling","localized":"сомалијски шилинг"},"sq":{"code":"ALL","numeric":8,"native":"Albanian Lek","localized":"албански лек"},"sr_Cyrl":{"code":"RSD","numeric":941,"native":"српски динар","localized":"српски динар"},"sr_Latn":{"code":"RSD","numeric":941,"native":"Serbian Dinar","localized":"српски динар"},"sr_Latn_ME":{"code":"EUR","numeric":978,"native":"Euro","localized":"Евро"},"su":{"code":"IDR","numeric":360,"native":"Indonesian Rupiah","localized":"индонежанска рупија"},"sv":{"code":"SEK","numeric":752,"native":"svensk krona","localized":"шведска круна"},"sw":{"code":"TZS","numeric":834,"native":"Tanzanian Shilling","localized":"танзанијски шилинг"},"ta":{"code":"INR","numeric":356,"native":"Indian Rupee","localized":"индијска рупија"},"te":{"code":"INR","numeric":356,"native":"Indian Rupee","localized":"индијска рупија"},"tg":{"code":"TJS","numeric":972,"native":"Tajikistani Somoni","localized":"таџикистански сомон"},"th":{"code":"THB","numeric":764,"native":"บาท","localized":"тајландски бат"},"ti":{"code":"ETB","numeric":230,"native":"Ethiopian Birr","localized":"етиопијски бир"},"tk":{"code":"TMT","numeric":934,"native":"Turkmenistani Manat","localized":"туркменистански манат"},"tl":{"code":"PHP","numeric":608,"native":"Philippine Peso","localized":"филипински пезос"},"tr":{"code":"TRY","numeric":949,"native":"Türk Lirası","localized":"турска лира"},"tt":{"code":"RUB","numeric":643,"native":"Russian Ruble","localized":"руска рубља"},"ug":{"code":"CNY","numeric":156,"native":"Chinese Yuan","localized":"кинески јуан"},"uk":{"code":"UAH","numeric":980,"native":"українська гривня","localized":"украјинска гривна"},"ur":{"code":"PKR","numeric":586,"native":"Pakistani Rupee","localized":"пакистанска рупија"},"uz_Cyrl":{"code":"UZS","numeric":860,"native":"Uzbekistani Som","localized":"узбекистански сом"},"uz_Latn":{"code":"UZS","numeric":860,"native":"Uzbekistani Som","localized":"узбекистански сом"},"vi":{"code":"VND","numeric":704,"native":"Đồng Việt Nam","localized":"вијетнамски донг"},"xh":{"code":"ZAR","numeric":710,"native":"South African Rand","localized":"јужноафрички ранд"},"yi":{"code":"USD","numeric":840,"native":"","localized":""},"yo":{"code":"NGN","numeric":566,"native":"Nigerian Naira","localized":"нигеријска наира"},"zh_CN":{"code":"CNY","numeric":156,"native":"人民币","localized":"кинески јуан"},"zh_HK":{"code":"HKD","numeric":344,"native":"港元","localized":"хонгконшки долар"},"zh_TW":{"code":"TWD","numeric":901,"native":"新台币","localized":"нови тајвански долар"},"zu":{"code":"ZAR","numeric":710,"native":"South African Rand","localized":"јужноафрички ранд"}}
