{"af":{"code":"ZAR","numeric":710,"native":"South African Rand","localized":"แรนด์แอฟริกาใต้"},"ak":{"code":"GHS","numeric":936,"native":"Ghanaian Cedi","localized":"เซดีกานา"},"am":{"code":"ETB","numeric":230,"native":"Ethiopian Birr","localized":"เบอรร์เอธิโอเปีย"},"ar":{"code":"EGP","numeric":818,"native":"جنيه مصري","localized":"ปอนด์อียิปต์"},"as":{"code":"INR","numeric":356,"native":"Indian Rupee","localized":"รูปีอินเดีย"},"az":{"code":"AZN","numeric":944,"native":"Azerbaijani Manat","localized":"มานัตอาเซอร์ไบจาน"},"be":{"code":"BYN","numeric":840,"native":"Belarusian Ruble","localized":"รูเบิลเบลารุส"},"bg":{"code":"BGN","numeric":975,"native":"Bulgarian Lev","localized":"เลฟบัลแกเรีย"},"bho":{"code":"INR","numeric":356,"native":"Indian Rupee","localized":"รูปีอินเดีย"},"bm":{"code":"XOF","numeric":952,"native":"West African CFA Franc","localized":"ฟรังก์เซฟาธนาคารกลางรัฐแอฟริกาตะวันตก"},"bn":{"code":"BDT","numeric":50,"native":"Bangladeshi Taka","localized":"ตากาบังกลาเทศ"},"bs":{"code":"BAM","numeric":977,"native":"Bosnia-Herzegovina Convertible Mark","localized":"มาร์กบอสเนีย-เฮอร์เซโกวีนา"},"ca":{"code":"EUR","numeric":978,"native":"euro","localized":"ยูโร"},"ceb":{"code":"PHP","numeric":608,"native":"Philippine Peso","localized":"เปโซฟิลิปปินส์"},"ckb":{"code":"IQD","numeric":368,"native":"Iraqi Dinar","localized":"ดีนาร์อิรัก"},"cs":{"code":"CZK","numeric":203,"native":"česká koruna","localized":"โครูนาสาธารณรัฐเช็ก"},"cy":{"code":"GBP","numeric":826,"native":"British Pound","localized":"ปอนด์สเตอร์ลิง (สหราชอาณาจักร)"},"da":{"code":"DKK","numeric":208,"native":"dansk krone","localized":"โครนเดนมาร์ก"},"de":{"code":"EUR","numeric":978,"native":"Euro","localized":"ยูโร"},"de_AT":{"code":"EUR","numeric":978,"native":"Euro","localized":"ยูโร"},"de_CH":{"code":"CHF","numeric":756,"native":"Schweizer Franken","localized":"ฟรังก์สวิส"},"doi":{"code":"INR","numeric":356,"native":"Indian Rupee","localized":"รูปีอินเดีย"},"ee":{"code":"GHS","numeric":936,"native":"Ghanaian Cedi","localized":"เซดีกานา"},"el":{"code":"EUR","numeric":978,"native":"Ευρώ","localized":"ยูโร"},"en":{"code":"USD","numeric":840,"native":"US Dollar","localized":"ดอลลาร์สหรัฐ"},"en_CA":{"code":"CAD","numeric":124,"native":"Canadian Dollar","localized":"ดอลลาร์แคนาดา"},"eo":{"code":"USD","numeric":840,"native":"","localized":""},"es":{"code":"EUR","numeric":978,"native":"euro","localized":"ยูโร"},"et":{"code":"EUR","numeric":978,"native":"Euro","localized":"ยูโร"},"eu":{"code":"EUR","numeric":978,"native":"Euro","localized":"ยูโร"},"fa":{"code":"IRR","numeric":364,"native":"Iranian Rial","localized":"เรียลอิหร่าน"},"fi":{"code":"EUR","numeric":978,"native":"euro","localized":"ยูโร"},"fil":{"code":"PHP","numeric":608,"native":"Philippine Peso","localized":"เปโซฟิลิปปินส์"},"fr":{"code":"EUR","numeric":978,"native":"euro","localized":"ยูโร"},"fy":{"code":"EUR","numeric":978,"native":"Euro","localized":"ยูโร"},"ga":{"code":"EUR","numeric":978,"native":"Euro","localized":"ยูโร"},"gd":{"code":"GBP","numeric":826,"native":"British Pound","localized":"ปอนด์สเตอร์ลิง (สหราชอาณาจักร)"},"gl":{"code":"EUR","numeric":978,"native":"Euro","localized":"ยูโร"},"gu":{"code":"INR","numeric":356,"native":"Indian Rupee","localized":"รูปีอินเดีย"},"ha":{"code":"NGN","numeric":566,"native":"Nigerian Naira","localized":"ไนราไนจีเรีย"},"haw":{"code":"USD","numeric":840,"native":"US Dollar","localized":"ดอลลาร์สหรัฐ"},"he":{"code":"ILS","numeric":376,"native":"שקל חדש","localized":"นิวเชเกลอิสราเอล"},"hi":{"code":"INR","numeric":356,"native":"भारतीय रुपया","localized":"รูปีอินเดีย"},"hr":{"code":"EUR","numeric":978,"native":"euro","localized":"ยูโร"},"ht":{"code":"HTG","numeric":332,"native":"gourde haïtienne","localized":"กูร์ดเฮติ"},"hu":{"code":"HUF","numeric":348,"native":"magyar forint","localized":"ฟอรินต์ฮังการี"},"hy":{"code":"AMD","numeric":51,"native":"Armenian Dram","localized":"แดรมอาร์เมเนีย"},"id":{"code":"IDR","numeric":360,"native":"Indonesian Rupiah","localized":"รูเปียห์อินโดนีเซีย"},"ig":{"code":"NGN","numeric":566,"native":"Nigerian Naira","localized":"ไนราไนจีเรีย"},"is":{"code":"ISK","numeric":352,"native":"Icelandic Króna","localized":"โครนาไอซ์แลนด์"},"it":{"code":"EUR","numeric":978,"native":"euro","localized":"ยูโร"},"ja":{"code":"JPY","numeric":392,"native":"日本円","localized":"เยนญี่ปุ่น"},"ka":{"code":"GEL","numeric":981,"native":"Georgian Lari","localized":"ลารีจอร์เจีย"},"kk":{"code":"KZT","numeric":398,"native":"Kazakhstani Tenge","localized":"เทงเจคาซัคสถาน"},"km":{"code":"KHR","numeric":116,"native":"Cambodian Riel","localized":"เรียลกัมพูชา"},"kn":{"code":"INR","numeric":356,"native":"Indian Rupee","localized":"รูปีอินเดีย"},"ko":{"code":"KRW","numeric":410,"native":"대한민국 원","localized":"วอนเกาหลีใต้"},"ku":{"code":"TRY","numeric":949,"native":"Turkish Lira","localized":"ลีราตุรกี"},"ky":{"code":"KGS","numeric":417,"native":"Kyrgystani Som","localized":"ซอมคีร์กีซสถาน"},"lb":{"code":"EUR","numeric":978,"native":"Euro","localized":"ยูโร"},"lg":{"code":"UGX","numeric":800,"native":"Ugandan Shilling","localized":"ชิลลิงยูกันดา"},"ln":{"code":"CDF","numeric":976,"native":"Congolese Franc","localized":"ฟรังก์คองโก"},"lo":{"code":"LAK","numeric":418,"native":"Laotian Kip","localized":"กีบลาว"},"lt":{"code":"EUR","numeric":978,"native":"Euro","localized":"ยูโร"},"lv":{"code":"EUR","numeric":978,"native":"Euro","localized":"ยูโร"},"mai":{"code":"INR","numeric":356,"native":"Indian Rupee","localized":"รูปีอินเดีย"},"mg":{"code":"MGA","numeric":969,"native":"Malagasy Ariary","localized":"อาเรียรีมาลากาซี"},"mi":{"code":"NZD","numeric":554,"native":"New Zealand Dollar","localized":"ดอลลาร์นิวซีแลนด์"},"mk":{"code":"MKD","numeric":807,"native":"Macedonian Denar","localized":"ดีนาร์มาซิโดเนีย"},"ml":{"code":"INR","numeric":356,"native":"Indian Rupee","localized":"รูปีอินเดีย"},"mn":{"code":"MNT","numeric":496,"native":"Mongolian Tugrik","localized":"ทูกริกมองโกเลีย"},"mni_Mtei":{"code":"INR","numeric":356,"native":"Indian Rupee","localized":"รูปีอินเดีย"},"mr":{"code":"INR","numeric":356,"native":"Indian Rupee","localized":"รูปีอินเดีย"},"ms":{"code":"MYR","numeric":458,"native":"Malaysian Ringgit","localized":"ริงกิตมาเลเซีย"},"mt":{"code":"EUR","numeric":978,"native":"Euro","localized":"ยูโร"},"my":{"code":"MMK","numeric":104,"native":"Myanmar Kyat","localized":"จ๊าตพม่า"},"nb":{"code":"NOK","numeric":578,"native":"norske kroner","localized":"โครนนอร์เวย์"},"ne":{"code":"NPR","numeric":524,"native":"Nepalese Rupee","localized":"รูปีเนปาล"},"nl":{"code":"EUR","numeric":978,"native":"Euro","localized":"ยูโร"},"nn":{"code":"NOK","numeric":578,"native":"norske kroner","localized":"โครนนอร์เวย์"},"oc":{"code":"EUR","numeric":978,"native":"Euro","localized":"ยูโร"},"om":{"code":"ETB","numeric":230,"native":"Ethiopian Birr","localized":"เบอรร์เอธิโอเปีย"},"or":{"code":"INR","numeric":356,"native":"Indian Rupee","localized":"รูปีอินเดีย"},"pa":{"code":"INR","numeric":356,"native":"Indian Rupee","localized":"รูปีอินเดีย"},"pl":{"code":"PLN","numeric":985,"native":"złoty polski","localized":"ซลอตีโปแลนด์"},"ps":{"code":"AFN","numeric":971,"native":"Afghan Afghani","localized":"อัฟกานิอัฟกานิสถาน"},"pt":{"code":"BRL","numeric":986,"native":"Real brasileiro","localized":"เรียลบราซิล"},"pt_BR":{"code":"BRL","numeric":986,"native":"Real brasileiro","localized":"เรียลบราซิล"},"qu":{"code":"PEN","numeric":604,"native":"Peruvian Sol","localized":"ซอลเปรู"},"ro":{"code":"RON","numeric":946,"native":"leu românesc","localized":"ลิวโรมาเนีย"},"ru":{"code":"RUB","numeric":643,"native":"российский рубль","localized":"รูเบิลรัสเซีย"},"rw":{"code":"RWF","numeric":646,"native":"Rwandan Franc","localized":"ฟรังก์รวันดา"},"sa":{"code":"INR","numeric":356,"native":"Indian Rupee","localized":"รูปีอินเดีย"},"sc":{"code":"EUR","numeric":978,"native":"Euro","localized":"ยูโร"},"sd":{"code":"PKR","numeric":586,"native":"Pakistani Rupee","localized":"รูปีปากีสถาน"},"si":{"code":"LKR","numeric":144,"native":"Sri Lankan Rupee","localized":"รูปีศรีลังกา"},"sk":{"code":"EUR","numeric":978,"native":"euro","localized":"ยูโร"},"sl":{"code":"EUR","numeric":978,"native":"evro","localized":"ยูโร"},"sn":{"code":"USD","numeric":840,"native":"US Dollar","localized":"ดอลลาร์สหรัฐ"},"so":{"code":"SOS","numeric":706,"native":"Somali Shilling","localized":"ชิลลิงโซมาเลีย"},"sq":{"code":"ALL","numeric":8,"native":"Albanian Lek","localized":"เลกแอลเบเนีย"},"sr_Cyrl":{"code":"RSD","numeric":941,"native":"српски динар","localized":"ดีนาร์เซอร์เบีย"},"sr_Latn":{"code":"RSD","numeric":941,"native":"Serbian Dinar","localized":"ดีนาร์เซอร์เบีย"},"sr_Latn_ME":{"code":"EUR","numeric":978,"native":"Euro","localized":"ยูโร"},"su":{"code":"IDR","numeric":360,"native":"Indonesian Rupiah","localized":"รูเปียห์อินโดนีเซีย"},"sv":{"code":"SEK","numeric":752,"native":"svensk krona","localized":"โครนาสวีเดน"},"sw":{"code":"TZS","numeric":834,"native":"Tanzanian Shilling","localized":"ชิลลิงแทนซาเนีย"},"ta":{"code":"INR","numeric":356,"native":"Indian Rupee","localized":"รูปีอินเดีย"},"te":{"code":"INR","numeric":356,"native":"Indian Rupee","localized":"รูปีอินเดีย"},"tg":{"code":"TJS","numeric":972,"native":"Tajikistani Somoni","localized":"โซโมนิทาจิกิสถาน"},"th":{"code":"THB","numeric":764,"native":"บาท","localized":"บาท"},"ti":{"code":"ETB","numeric":230,"native":"Ethiopian Birr","localized":"เบอรร์เอธิโอเปีย"},"tk":{"code":"TMT","numeric":934,"native":"Turkmenistani Manat","localized":"มานัตเติร์กเมนิสถาน"},"tl":{"code":"PHP","numeric":608,"native":"Philippine Peso","localized":"เปโซฟิลิปปินส์"},"tr":{"code":"TRY","numeric":949,"native":"Türk Lirası","localized":"ลีราตุรกี"},"tt":{"code":"RUB","numeric":643,"native":"Russian Ruble","localized":"รูเบิลรัสเซีย"},"ug":{"code":"CNY","numeric":156,"native":"Chinese Yuan","localized":"หยวนจีน"},"uk":{"code":"UAH","numeric":980,"native":"українська гривня","localized":"ฮรีฟเนียยูเครน"},"ur":{"code":"PKR","numeric":586,"native":"Pakistani Rupee","localized":"รูปีปากีสถาน"},"uz_Cyrl":{"code":"UZS","numeric":860,"native":"Uzbekistani Som","localized":"ซอมอุซเบกิสถาน"},"uz_Latn":{"code":"UZS","numeric":860,"native":"Uzbekistani Som","localized":"ซอมอุซเบกิสถาน"},"vi":{"code":"VND","numeric":704,"native":"Đồng Việt Nam","localized":"ดองเวียดนาม"},"xh":{"code":"ZAR","numeric":710,"native":"South African Rand","localized":"แรนด์แอฟริกาใต้"},"yi":{"code":"USD","numeric":840,"native":"","localized":""},"yo":{"code":"NGN","numeric":566,"native":"Nigerian Naira","localized":"ไนราไนจีเรีย"},"zh_CN":{"code":"CNY","numeric":156,"native":"人民币","localized":"หยวนจีน"},"zh_HK":{"code":"HKD","numeric":344,"native":"港元","localized":"ดอลลาร์ฮ่องกง"},"zh_TW":{"code":"TWD","numeric":901,"native":"新台币","localized":"ดอลลาร์ไต้หวันใหม่"},"zu":{"code":"ZAR","numeric":710,"native":"South African Rand","localized":"แรนด์แอฟริกาใต้"}}
