{"af":{"code":"ZAR","numeric":710,"native":"South African Rand","localized":"Güney Afrika Randı"},"ak":{"code":"GHS","numeric":936,"native":"Ghanaian Cedi","localized":"Gana Sedisi"},"am":{"code":"ETB","numeric":230,"native":"Ethiopian Birr","localized":"Etiyopya Birri"},"ar":{"code":"EGP","numeric":818,"native":"جنيه مصري","localized":"Mısır Lirası"},"as":{"code":"INR","numeric":356,"native":"Indian Rupee","localized":"Hindistan Rupisi"},"az":{"code":"AZN","numeric":944,"native":"Azerbaijani Manat","localized":"Azerbaycan Manatı"},"be":{"code":"BYN","numeric":840,"native":"Belarusian Ruble","localized":"Belarus Rublesi"},"bg":{"code":"BGN","numeric":975,"native":"Bulgarian Lev","localized":"Bulgar Levası"},"bho":{"code":"INR","numeric":356,"native":"Indian Rupee","localized":"Hindistan Rupisi"},"bm":{"code":"XOF","numeric":952,"native":"West African CFA Franc","localized":"Batı Afrika CFA Frangı"},"bn":{"code":"BDT","numeric":50,"native":"Bangladeshi Taka","localized":"Bangladeş Takası"},"bs":{"code":"BAM","numeric":977,"native":"Bosnia-Herzegovina Convertible Mark","localized":"Konvertibl Bosna Hersek Markı"},"ca":{"code":"EUR","numeric":978,"native":"euro","localized":"Euro"},"ceb":{"code":"PHP","numeric":608,"native":"Philippine Peso","localized":"Filipinler Pesosu"},"ckb":{"code":"IQD","numeric":368,"native":"Iraqi Dinar","localized":"Irak Dinarı"},"cs":{"code":"CZK","numeric":203,"native":"česká koruna","localized":"Çek Korunası"},"cy":{"code":"GBP","numeric":826,"native":"British Pound","localized":"İngiliz Sterlini"},"da":{"code":"DKK","numeric":208,"native":"dansk krone","localized":"Danimarka Kronu"},"de":{"code":"EUR","numeric":978,"native":"Euro","localized":"Euro"},"de_AT":{"code":"EUR","numeric":978,"native":"Euro","localized":"Euro"},"de_CH":{"code":"CHF","numeric":756,"native":"Schweizer Franken","localized":"İsviçre Frangı"},"doi":{"code":"INR","numeric":356,"native":"Indian Rupee","localized":"Hindistan Rupisi"},"ee":{"code":"GHS","numeric":936,"native":"Ghanaian Cedi","localized":"Gana Sedisi"},"el":{"code":"EUR","numeric":978,"native":"Ευρώ","localized":"Euro"},"en":{"code":"USD","numeric":840,"native":"US Dollar","localized":"ABD Doları"},"en_CA":{"code":"CAD","numeric":124,"native":"Canadian Dollar","localized":"Kanada Doları"},"eo":{"code":"USD","numeric":840,"native":"","localized":""},"es":{"code":"EUR","numeric":978,"native":"euro","localized":"Euro"},"et":{"code":"EUR","numeric":978,"native":"Euro","localized":"Euro"},"eu":{"code":"EUR","numeric":978,"native":"Euro","localized":"Euro"},"fa":{"code":"IRR","numeric":364,"native":"Iranian Rial","localized":"İran Riyali"},"fi":{"code":"EUR","numeric":978,"native":"euro","localized":"Euro"},"fil":{"code":"PHP","numeric":608,"native":"Philippine Peso","localized":"Filipinler Pesosu"},"fr":{"code":"EUR","numeric":978,"native":"euro","localized":"Euro"},"fy":{"code":"EUR","numeric":978,"native":"Euro","localized":"Euro"},"ga":{"code":"EUR","numeric":978,"native":"Euro","localized":"Euro"},"gd":{"code":"GBP","numeric":826,"native":"British Pound","localized":"İngiliz Sterlini"},"gl":{"code":"EUR","numeric":978,"native":"Euro","localized":"Euro"},"gu":{"code":"INR","numeric":356,"native":"Indian Rupee","localized":"Hindistan Rupisi"},"ha":{"code":"NGN","numeric":566,"native":"Nigerian Naira","localized":"Nijerya Nairası"},"haw":{"code":"USD","numeric":840,"native":"US Dollar","localized":"ABD Doları"},"he":{"code":"ILS","numeric":376,"native":"שקל חדש","localized":"Yeni İsrail Şekeli"},"hi":{"code":"INR","numeric":356,"native":"भारतीय रुपया","localized":"Hindistan Rupisi"},"hr":{"code":"EUR","numeric":978,"native":"euro","localized":"Euro"},"ht":{"code":"HTG","numeric":332,"native":"gourde haïtienne","localized":"Haiti Gurdu"},"hu":{"code":"HUF","numeric":348,"native":"magyar forint","localized":"Macar Forinti"},"hy":{"code":"AMD","numeric":51,"native":"Armenian Dram","localized":"Ermenistan Dramı"},"id":{"code":"IDR","numeric":360,"native":"Indonesian Rupiah","localized":"Endonezya Rupisi"},"ig":{"code":"NGN","numeric":566,"native":"Nigerian Naira","localized":"Nijerya Nairası"},"is":{"code":"ISK","numeric":352,"native":"Icelandic Króna","localized":"İzlanda Kronu"},"it":{"code":"EUR","numeric":978,"native":"euro","localized":"Euro"},"ja":{"code":"JPY","numeric":392,"native":"日本円","localized":"Japon Yeni"},"ka":{"code":"GEL","numeric":981,"native":"Georgian Lari","localized":"Gürcistan Larisi"},"kk":{"code":"KZT","numeric":398,"native":"Kazakhstani Tenge","localized":"Kazakistan Tengesi"},"km":{"code":"KHR","numeric":116,"native":"Cambodian Riel","localized":"Kamboçya Rieli"},"kn":{"code":"INR","numeric":356,"native":"Indian Rupee","localized":"Hindistan Rupisi"},"ko":{"code":"KRW","numeric":410,"native":"대한민국 원","localized":"Güney Kore Wonu"},"ku":{"code":"TRY","numeric":949,"native":"Turkish Lira","localized":"Türk Lirası"},"ky":{"code":"KGS","numeric":417,"native":"Kyrgystani Som","localized":"Kırgızistan Somu"},"lb":{"code":"EUR","numeric":978,"native":"Euro","localized":"Euro"},"lg":{"code":"UGX","numeric":800,"native":"Ugandan Shilling","localized":"Uganda Şilini"},"ln":{"code":"CDF","numeric":976,"native":"Congolese Franc","localized":"Kongo Frangı"},"lo":{"code":"LAK","numeric":418,"native":"Laotian Kip","localized":"Laos Kipi"},"lt":{"code":"EUR","numeric":978,"native":"Euro","localized":"Euro"},"lv":{"code":"EUR","numeric":978,"native":"Euro","localized":"Euro"},"mai":{"code":"INR","numeric":356,"native":"Indian Rupee","localized":"Hindistan Rupisi"},"mg":{"code":"MGA","numeric":969,"native":"Malagasy Ariary","localized":"Madagaskar Ariarisi"},"mi":{"code":"NZD","numeric":554,"native":"New Zealand Dollar","localized":"Yeni Zelanda Doları"},"mk":{"code":"MKD","numeric":807,"native":"Macedonian Denar","localized":"Makedonya Dinarı"},"ml":{"code":"INR","numeric":356,"native":"Indian Rupee","localized":"Hindistan Rupisi"},"mn":{"code":"MNT","numeric":496,"native":"Mongolian Tugrik","localized":"Moğolistan Tugriki"},"mni_Mtei":{"code":"INR","numeric":356,"native":"Indian Rupee","localized":"Hindistan Rupisi"},"mr":{"code":"INR","numeric":356,"native":"Indian Rupee","localized":"Hindistan Rupisi"},"ms":{"code":"MYR","numeric":458,"native":"Malaysian Ringgit","localized":"Malezya Ringgiti"},"mt":{"code":"EUR","numeric":978,"native":"Euro","localized":"Euro"},"my":{"code":"MMK","numeric":104,"native":"Myanmar Kyat","localized":"Myanmar Kyatı"},"nb":{"code":"NOK","numeric":578,"native":"norske kroner","localized":"Norveç Kronu"},"ne":{"code":"NPR","numeric":524,"native":"Nepalese Rupee","localized":"Nepal Rupisi"},"nl":{"code":"EUR","numeric":978,"native":"Euro","localized":"Euro"},"nn":{"code":"NOK","numeric":578,"native":"norske kroner","localized":"Norveç Kronu"},"oc":{"code":"EUR","numeric":978,"native":"Euro","localized":"Euro"},"om":{"code":"ETB","numeric":230,"native":"Ethiopian Birr","localized":"Etiyopya Birri"},"or":{"code":"INR","numeric":356,"native":"Indian Rupee","localized":"Hindistan Rupisi"},"pa":{"code":"INR","numeric":356,"native":"Indian Rupee","localized":"Hindistan Rupisi"},"pl":{"code":"PLN","numeric":985,"native":"złoty polski","localized":"Polonya Zlotisi"},"ps":{"code":"AFN","numeric":971,"native":"Afghan Afghani","localized":"Afganistan Afganisi"},"pt":{"code":"BRL","numeric":986,"native":"Real brasileiro","localized":"Brezilya Reali"},"pt_BR":{"code":"BRL","numeric":986,"native":"Real brasileiro","localized":"Brezilya Reali"},"qu":{"code":"PEN","numeric":604,"native":"Peruvian Sol","localized":"Peru Solü"},"ro":{"code":"RON","numeric":946,"native":"leu românesc","localized":"Romen Leyi"},"ru":{"code":"RUB","numeric":643,"native":"российский рубль","localized":"Rus Rublesi"},"rw":{"code":"RWF","numeric":646,"native":"Rwandan Franc","localized":"Ruanda Frangı"},"sa":{"code":"INR","numeric":356,"native":"Indian Rupee","localized":"Hindistan Rupisi"},"sc":{"code":"EUR","numeric":978,"native":"Euro","localized":"Euro"},"sd":{"code":"PKR","numeric":586,"native":"Pakistani Rupee","localized":"Pakistan Rupisi"},"si":{"code":"LKR","numeric":144,"native":"Sri Lankan Rupee","localized":"Sri Lanka Rupisi"},"sk":{"code":"EUR","numeric":978,"native":"euro","localized":"Euro"},"sl":{"code":"EUR","numeric":978,"native":"evro","localized":"Euro"},"sn":{"code":"USD","numeric":840,"native":"US Dollar","localized":"ABD Doları"},"so":{"code":"SOS","numeric":706,"native":"Somali Shilling","localized":"Somali Şilini"},"sq":{"code":"ALL","numeric":8,"native":"Albanian Lek","localized":"Arnavutluk Leki"},"sr_Cyrl":{"code":"RSD","numeric":941,"native":"српски динар","localized":"Sırp Dinarı"},"sr_Latn":{"code":"RSD","numeric":941,"native":"Serbian Dinar","localized":"Sırp Dinarı"},"sr_Latn_ME":{"code":"EUR","numeric":978,"native":"Euro","localized":"Euro"},"su":{"code":"IDR","numeric":360,"native":"Indonesian Rupiah","localized":"Endonezya Rupisi"},"sv":{"code":"SEK","numeric":752,"native":"svensk krona","localized":"İsveç Kronu"},"sw":{"code":"TZS","numeric":834,"native":"Tanzanian Shilling","localized":"Tanzanya Şilini"},"ta":{"code":"INR","numeric":356,"native":"Indian Rupee","localized":"Hindistan Rupisi"},"te":{"code":"INR","numeric":356,"native":"Indian Rupee","localized":"Hindistan Rupisi"},"tg":{"code":"TJS","numeric":972,"native":"Tajikistani Somoni","localized":"Tacikistan Somonisi"},"th":{"code":"THB","numeric":764,"native":"บาท","localized":"Tayland Bahtı"},"ti":{"code":"ETB","numeric":230,"native":"Ethiopian Birr","localized":"Etiyopya Birri"},"tk":{"code":"TMT","numeric":934,"native":"Turkmenistani Manat","localized":"Türkmenistan Manatı"},"tl":{"code":"PHP","numeric":608,"native":"Philippine Peso","localized":"Filipinler Pesosu"},"tr":{"code":"TRY","numeric":949,"native":"Türk Lirası","localized":"Türk Lirası"},"tt":{"code":"RUB","numeric":643,"native":"Russian Ruble","localized":"Rus Rublesi"},"ug":{"code":"CNY","numeric":156,"native":"Chinese Yuan","localized":"Çin Yuanı"},"uk":{"code":"UAH","numeric":980,"native":"українська гривня","localized":"Ukrayna Grivnası"},"ur":{"code":"PKR","numeric":586,"native":"Pakistani Rupee","localized":"Pakistan Rupisi"},"uz_Cyrl":{"code":"UZS","numeric":860,"native":"Uzbekistani Som","localized":"Özbekistan Somu"},"uz_Latn":{"code":"UZS","numeric":860,"native":"Uzbekistani Som","localized":"Özbekistan Somu"},"vi":{"code":"VND","numeric":704,"native":"Đồng Việt Nam","localized":"Vietnam Dongu"},"xh":{"code":"ZAR","numeric":710,"native":"South African Rand","localized":"Güney Afrika Randı"},"yi":{"code":"USD","numeric":840,"native":"","localized":""},"yo":{"code":"NGN","numeric":566,"native":"Nigerian Naira","localized":"Nijerya Nairası"},"zh_CN":{"code":"CNY","numeric":156,"native":"人民币","localized":"Çin Yuanı"},"zh_HK":{"code":"HKD","numeric":344,"native":"港元","localized":"Hong Kong Doları"},"zh_TW":{"code":"TWD","numeric":901,"native":"新台币","localized":"Yeni Tayvan Doları"},"zu":{"code":"ZAR","numeric":710,"native":"South African Rand","localized":"Güney Afrika Randı"}}
