{"af":{"code":"ZAR","numeric":710,"native":"South African Rand","localized":"Rand Nam Phi"},"ak":{"code":"GHS","numeric":936,"native":"Ghanaian Cedi","localized":"Cedi Ghana"},"am":{"code":"ETB","numeric":230,"native":"Ethiopian Birr","localized":"Birr Ethiopia"},"ar":{"code":"EGP","numeric":818,"native":"جنيه مصري","localized":"Bảng Ai Cập"},"as":{"code":"INR","numeric":356,"native":"Indian Rupee","localized":"Rupee Ấn Độ"},"az":{"code":"AZN","numeric":944,"native":"Azerbaijani Manat","localized":"Manat Azerbaijan"},"be":{"code":"BYN","numeric":840,"native":"Belarusian Ruble","localized":"Rúp Belarus"},"bg":{"code":"BGN","numeric":975,"native":"Bulgarian Lev","localized":"Lev Bulgaria"},"bho":{"code":"INR","numeric":356,"native":"Indian Rupee","localized":"Rupee Ấn Độ"},"bm":{"code":"XOF","numeric":952,"native":"West African CFA Franc","localized":"Franc CFA Tây Phi"},"bn":{"code":"BDT","numeric":50,"native":"Bangladeshi Taka","localized":"Taka Bangladesh"},"bs":{"code":"BAM","numeric":977,"native":"Bosnia-Herzegovina Convertible Mark","localized":"Mark Bosnia-Herzegovina có thể chuyển đổi"},"ca":{"code":"EUR","numeric":978,"native":"euro","localized":"Euro"},"ceb":{"code":"PHP","numeric":608,"native":"Philippine Peso","localized":"Peso Philipin"},"ckb":{"code":"IQD","numeric":368,"native":"Iraqi Dinar","localized":"Dinar Iraq"},"cs":{"code":"CZK","numeric":203,"native":"česká koruna","localized":"Koruna Cộng hòa Séc"},"cy":{"code":"GBP","numeric":826,"native":"British Pound","localized":"Bảng Anh"},"da":{"code":"DKK","numeric":208,"native":"dansk krone","localized":"Krone Đan Mạch"},"de":{"code":"EUR","numeric":978,"native":"Euro","localized":"Euro"},"de_AT":{"code":"EUR","numeric":978,"native":"Euro","localized":"Euro"},"de_CH":{"code":"CHF","numeric":756,"native":"Schweizer Franken","localized":"Franc Thụy sĩ"},"doi":{"code":"INR","numeric":356,"native":"Indian Rupee","localized":"Rupee Ấn Độ"},"ee":{"code":"GHS","numeric":936,"native":"Ghanaian Cedi","localized":"Cedi Ghana"},"el":{"code":"EUR","numeric":978,"native":"Ευρώ","localized":"Euro"},"en":{"code":"USD","numeric":840,"native":"US Dollar","localized":"Đô la Mỹ"},"en_CA":{"code":"CAD","numeric":124,"native":"Canadian Dollar","localized":"Đô la Canada"},"eo":{"code":"USD","numeric":840,"native":"","localized":""},"es":{"code":"EUR","numeric":978,"native":"euro","localized":"Euro"},"et":{"code":"EUR","numeric":978,"native":"Euro","localized":"Euro"},"eu":{"code":"EUR","numeric":978,"native":"Euro","localized":"Euro"},"fa":{"code":"IRR","numeric":364,"native":"Iranian Rial","localized":"Rial Iran"},"fi":{"code":"EUR","numeric":978,"native":"euro","localized":"Euro"},"fil":{"code":"PHP","numeric":608,"native":"Philippine Peso","localized":"Peso Philipin"},"fr":{"code":"EUR","numeric":978,"native":"euro","localized":"Euro"},"fy":{"code":"EUR","numeric":978,"native":"Euro","localized":"Euro"},"ga":{"code":"EUR","numeric":978,"native":"Euro","localized":"Euro"},"gd":{"code":"GBP","numeric":826,"native":"British Pound","localized":"Bảng Anh"},"gl":{"code":"EUR","numeric":978,"native":"Euro","localized":"Euro"},"gu":{"code":"INR","numeric":356,"native":"Indian Rupee","localized":"Rupee Ấn Độ"},"ha":{"code":"NGN","numeric":566,"native":"Nigerian Naira","localized":"Naira Nigeria"},"haw":{"code":"USD","numeric":840,"native":"US Dollar","localized":"Đô la Mỹ"},"he":{"code":"ILS","numeric":376,"native":"שקל חדש","localized":"Sheqel Israel mới"},"hi":{"code":"INR","numeric":356,"native":"भारतीय रुपया","localized":"Rupee Ấn Độ"},"hr":{"code":"EUR","numeric":978,"native":"euro","localized":"Euro"},"ht":{"code":"HTG","numeric":332,"native":"gourde haïtienne","localized":"Gourde Haiti"},"hu":{"code":"HUF","numeric":348,"native":"magyar forint","localized":"Forint Hungary"},"hy":{"code":"AMD","numeric":51,"native":"Armenian Dram","localized":"Dram Armenia"},"id":{"code":"IDR","numeric":360,"native":"Indonesian Rupiah","localized":"Rupiah Indonesia"},"ig":{"code":"NGN","numeric":566,"native":"Nigerian Naira","localized":"Naira Nigeria"},"is":{"code":"ISK","numeric":352,"native":"Icelandic Króna","localized":"Króna Iceland"},"it":{"code":"EUR","numeric":978,"native":"euro","localized":"Euro"},"ja":{"code":"JPY","numeric":392,"native":"日本円","localized":"Yên Nhật"},"ka":{"code":"GEL","numeric":981,"native":"Georgian Lari","localized":"Lari Georgia"},"kk":{"code":"KZT","numeric":398,"native":"Kazakhstani Tenge","localized":"Tenge Kazakhstan"},"km":{"code":"KHR","numeric":116,"native":"Cambodian Riel","localized":"Riel Campuchia"},"kn":{"code":"INR","numeric":356,"native":"Indian Rupee","localized":"Rupee Ấn Độ"},"ko":{"code":"KRW","numeric":410,"native":"대한민국 원","localized":"Won Hàn Quốc"},"ku":{"code":"TRY","numeric":949,"native":"Turkish Lira","localized":"Lia Thổ Nhĩ Kỳ"},"ky":{"code":"KGS","numeric":417,"native":"Kyrgystani Som","localized":"Som Kyrgyzstan"},"lb":{"code":"EUR","numeric":978,"native":"Euro","localized":"Euro"},"lg":{"code":"UGX","numeric":800,"native":"Ugandan Shilling","localized":"Shilling Uganda"},"ln":{"code":"CDF","numeric":976,"native":"Congolese Franc","localized":"Franc Congo"},"lo":{"code":"LAK","numeric":418,"native":"Laotian Kip","localized":"Kip Lào"},"lt":{"code":"EUR","numeric":978,"native":"Euro","localized":"Euro"},"lv":{"code":"EUR","numeric":978,"native":"Euro","localized":"Euro"},"mai":{"code":"INR","numeric":356,"native":"Indian Rupee","localized":"Rupee Ấn Độ"},"mg":{"code":"MGA","numeric":969,"native":"Malagasy Ariary","localized":"Ariary Malagasy"},"mi":{"code":"NZD","numeric":554,"native":"New Zealand Dollar","localized":"Đô la New Zealand"},"mk":{"code":"MKD","numeric":807,"native":"Macedonian Denar","localized":"Denar Macedonia"},"ml":{"code":"INR","numeric":356,"native":"Indian Rupee","localized":"Rupee Ấn Độ"},"mn":{"code":"MNT","numeric":496,"native":"Mongolian Tugrik","localized":"Tugrik Mông Cổ"},"mni_Mtei":{"code":"INR","numeric":356,"native":"Indian Rupee","localized":"Rupee Ấn Độ"},"mr":{"code":"INR","numeric":356,"native":"Indian Rupee","localized":"Rupee Ấn Độ"},"ms":{"code":"MYR","numeric":458,"native":"Malaysian Ringgit","localized":"Ringgit Malaysia"},"mt":{"code":"EUR","numeric":978,"native":"Euro","localized":"Euro"},"my":{"code":"MMK","numeric":104,"native":"Myanmar Kyat","localized":"Kyat Myanma"},"nb":{"code":"NOK","numeric":578,"native":"norske kroner","localized":"Krone Na Uy"},"ne":{"code":"NPR","numeric":524,"native":"Nepalese Rupee","localized":"Rupee Nepal"},"nl":{"code":"EUR","numeric":978,"native":"Euro","localized":"Euro"},"nn":{"code":"NOK","numeric":578,"native":"norske kroner","localized":"Krone Na Uy"},"oc":{"code":"EUR","numeric":978,"native":"Euro","localized":"Euro"},"om":{"code":"ETB","numeric":230,"native":"Ethiopian Birr","localized":"Birr Ethiopia"},"or":{"code":"INR","numeric":356,"native":"Indian Rupee","localized":"Rupee Ấn Độ"},"pa":{"code":"INR","numeric":356,"native":"Indian Rupee","localized":"Rupee Ấn Độ"},"pl":{"code":"PLN","numeric":985,"native":"złoty polski","localized":"Zloty Ba Lan"},"ps":{"code":"AFN","numeric":971,"native":"Afghan Afghani","localized":"Afghani Afghanistan"},"pt":{"code":"BRL","numeric":986,"native":"Real brasileiro","localized":"Real Braxin"},"pt_BR":{"code":"BRL","numeric":986,"native":"Real brasileiro","localized":"Real Braxin"},"qu":{"code":"PEN","numeric":604,"native":"Peruvian Sol","localized":"Sol Peru"},"ro":{"code":"RON","numeric":946,"native":"leu românesc","localized":"Leu Romania"},"ru":{"code":"RUB","numeric":643,"native":"российский рубль","localized":"Rúp Nga"},"rw":{"code":"RWF","numeric":646,"native":"Rwandan Franc","localized":"Franc Rwanda"},"sa":{"code":"INR","numeric":356,"native":"Indian Rupee","localized":"Rupee Ấn Độ"},"sc":{"code":"EUR","numeric":978,"native":"Euro","localized":"Euro"},"sd":{"code":"PKR","numeric":586,"native":"Pakistani Rupee","localized":"Rupee Pakistan"},"si":{"code":"LKR","numeric":144,"native":"Sri Lankan Rupee","localized":"Rupee Sri Lanka"},"sk":{"code":"EUR","numeric":978,"native":"euro","localized":"Euro"},"sl":{"code":"EUR","numeric":978,"native":"evro","localized":"Euro"},"sn":{"code":"USD","numeric":840,"native":"US Dollar","localized":"Đô la Mỹ"},"so":{"code":"SOS","numeric":706,"native":"Somali Shilling","localized":"Schilling Somali"},"sq":{"code":"ALL","numeric":8,"native":"Albanian Lek","localized":"Lek Albania"},"sr_Cyrl":{"code":"RSD","numeric":941,"native":"српски динар","localized":"Dinar Serbia"},"sr_Latn":{"code":"RSD","numeric":941,"native":"Serbian Dinar","localized":"Dinar Serbia"},"sr_Latn_ME":{"code":"EUR","numeric":978,"native":"Euro","localized":"Euro"},"su":{"code":"IDR","numeric":360,"native":"Indonesian Rupiah","localized":"Rupiah Indonesia"},"sv":{"code":"SEK","numeric":752,"native":"svensk krona","localized":"Krona Thụy Điển"},"sw":{"code":"TZS","numeric":834,"native":"Tanzanian Shilling","localized":"Shilling Tanzania"},"ta":{"code":"INR","numeric":356,"native":"Indian Rupee","localized":"Rupee Ấn Độ"},"te":{"code":"INR","numeric":356,"native":"Indian Rupee","localized":"Rupee Ấn Độ"},"tg":{"code":"TJS","numeric":972,"native":"Tajikistani Somoni","localized":"Somoni Tajikistan"},"th":{"code":"THB","numeric":764,"native":"บาท","localized":"Bạt Thái Lan"},"ti":{"code":"ETB","numeric":230,"native":"Ethiopian Birr","localized":"Birr Ethiopia"},"tk":{"code":"TMT","numeric":934,"native":"Turkmenistani Manat","localized":"Manat Turkmenistan"},"tl":{"code":"PHP","numeric":608,"native":"Philippine Peso","localized":"Peso Philipin"},"tr":{"code":"TRY","numeric":949,"native":"Türk Lirası","localized":"Lia Thổ Nhĩ Kỳ"},"tt":{"code":"RUB","numeric":643,"native":"Russian Ruble","localized":"Rúp Nga"},"ug":{"code":"CNY","numeric":156,"native":"Chinese Yuan","localized":"Nhân dân tệ"},"uk":{"code":"UAH","numeric":980,"native":"українська гривня","localized":"Hryvnia Ukraina"},"ur":{"code":"PKR","numeric":586,"native":"Pakistani Rupee","localized":"Rupee Pakistan"},"uz_Cyrl":{"code":"UZS","numeric":860,"native":"Uzbekistani Som","localized":"Som Uzbekistan"},"uz_Latn":{"code":"UZS","numeric":860,"native":"Uzbekistani Som","localized":"Som Uzbekistan"},"vi":{"code":"VND","numeric":704,"native":"Đồng Việt Nam","localized":"Đồng Việt Nam"},"xh":{"code":"ZAR","numeric":710,"native":"South African Rand","localized":"Rand Nam Phi"},"yi":{"code":"USD","numeric":840,"native":"","localized":""},"yo":{"code":"NGN","numeric":566,"native":"Nigerian Naira","localized":"Naira Nigeria"},"zh_CN":{"code":"CNY","numeric":156,"native":"人民币","localized":"Nhân dân tệ"},"zh_HK":{"code":"HKD","numeric":344,"native":"港元","localized":"Đô la Hồng Kông"},"zh_TW":{"code":"TWD","numeric":901,"native":"新台币","localized":"Đô la Đài Loan mới"},"zu":{"code":"ZAR","numeric":710,"native":"South African Rand","localized":"Rand Nam Phi"}}
