{"af":{"code":"ZAR","numeric":710,"native":"South African Rand","localized":"南非兰特"},"ak":{"code":"GHS","numeric":936,"native":"Ghanaian Cedi","localized":"加纳塞地"},"am":{"code":"ETB","numeric":230,"native":"Ethiopian Birr","localized":"埃塞俄比亚比尔"},"ar":{"code":"EGP","numeric":818,"native":"جنيه مصري","localized":"埃及镑"},"as":{"code":"INR","numeric":356,"native":"Indian Rupee","localized":"印度卢比"},"az":{"code":"AZN","numeric":944,"native":"Azerbaijani Manat","localized":"阿塞拜疆马纳特"},"be":{"code":"BYN","numeric":840,"native":"Belarusian Ruble","localized":"白俄罗斯卢布"},"bg":{"code":"BGN","numeric":975,"native":"Bulgarian Lev","localized":"保加利亚列弗"},"bho":{"code":"INR","numeric":356,"native":"Indian Rupee","localized":"印度卢比"},"bm":{"code":"XOF","numeric":952,"native":"West African CFA Franc","localized":"西非法郎"},"bn":{"code":"BDT","numeric":50,"native":"Bangladeshi Taka","localized":"孟加拉塔卡"},"bs":{"code":"BAM","numeric":977,"native":"Bosnia-Herzegovina Convertible Mark","localized":"波斯尼亚-黑塞哥维那可兑换马克"},"ca":{"code":"EUR","numeric":978,"native":"euro","localized":"欧元"},"ceb":{"code":"PHP","numeric":608,"native":"Philippine Peso","localized":"菲律宾比索"},"ckb":{"code":"IQD","numeric":368,"native":"Iraqi Dinar","localized":"伊拉克第纳尔"},"cs":{"code":"CZK","numeric":203,"native":"česká koruna","localized":"捷克克朗"},"cy":{"code":"GBP","numeric":826,"native":"British Pound","localized":"英镑"},"da":{"code":"DKK","numeric":208,"native":"dansk krone","localized":"丹麦克朗"},"de":{"code":"EUR","numeric":978,"native":"Euro","localized":"欧元"},"de_AT":{"code":"EUR","numeric":978,"native":"Euro","localized":"欧元"},"de_CH":{"code":"CHF","numeric":756,"native":"Schweizer Franken","localized":"瑞士法郎"},"doi":{"code":"INR","numeric":356,"native":"Indian Rupee","localized":"印度卢比"},"ee":{"code":"GHS","numeric":936,"native":"Ghanaian Cedi","localized":"加纳塞地"},"el":{"code":"EUR","numeric":978,"native":"Ευρώ","localized":"欧元"},"en":{"code":"USD","numeric":840,"native":"US Dollar","localized":"美元"},"en_CA":{"code":"CAD","numeric":124,"native":"Canadian Dollar","localized":"加拿大元"},"eo":{"code":"USD","numeric":840,"native":"","localized":""},"es":{"code":"EUR","numeric":978,"native":"euro","localized":"欧元"},"et":{"code":"EUR","numeric":978,"native":"Euro","localized":"欧元"},"eu":{"code":"EUR","numeric":978,"native":"Euro","localized":"欧元"},"fa":{"code":"IRR","numeric":364,"native":"Iranian Rial","localized":"伊朗里亚尔"},"fi":{"code":"EUR","numeric":978,"native":"euro","localized":"欧元"},"fil":{"code":"PHP","numeric":608,"native":"Philippine Peso","localized":"菲律宾比索"},"fr":{"code":"EUR","numeric":978,"native":"euro","localized":"欧元"},"fy":{"code":"EUR","numeric":978,"native":"Euro","localized":"欧元"},"ga":{"code":"EUR","numeric":978,"native":"Euro","localized":"欧元"},"gd":{"code":"GBP","numeric":826,"native":"British Pound","localized":"英镑"},"gl":{"code":"EUR","numeric":978,"native":"Euro","localized":"欧元"},"gu":{"code":"INR","numeric":356,"native":"Indian Rupee","localized":"印度卢比"},"ha":{"code":"NGN","numeric":566,"native":"Nigerian Naira","localized":"尼日利亚奈拉"},"haw":{"code":"USD","numeric":840,"native":"US Dollar","localized":"美元"},"he":{"code":"ILS","numeric":376,"native":"שקל חדש","localized":"以色列新谢克尔"},"hi":{"code":"INR","numeric":356,"native":"भारतीय रुपया","localized":"印度卢比"},"hr":{"code":"EUR","numeric":978,"native":"euro","localized":"欧元"},"ht":{"code":"HTG","numeric":332,"native":"gourde haïtienne","localized":"海地古德"},"hu":{"code":"HUF","numeric":348,"native":"magyar forint","localized":"匈牙利福林"},"hy":{"code":"AMD","numeric":51,"native":"Armenian Dram","localized":"亚美尼亚德拉姆"},"id":{"code":"IDR","numeric":360,"native":"Indonesian Rupiah","localized":"印度尼西亚盾"},"ig":{"code":"NGN","numeric":566,"native":"Nigerian Naira","localized":"尼日利亚奈拉"},"is":{"code":"ISK","numeric":352,"native":"Icelandic Króna","localized":"冰岛克朗"},"it":{"code":"EUR","numeric":978,"native":"euro","localized":"欧元"},"ja":{"code":"JPY","numeric":392,"native":"日本円","localized":"日元"},"ka":{"code":"GEL","numeric":981,"native":"Georgian Lari","localized":"格鲁吉亚拉里"},"kk":{"code":"KZT","numeric":398,"native":"Kazakhstani Tenge","localized":"哈萨克斯坦坚戈"},"km":{"code":"KHR","numeric":116,"native":"Cambodian Riel","localized":"柬埔寨瑞尔"},"kn":{"code":"INR","numeric":356,"native":"Indian Rupee","localized":"印度卢比"},"ko":{"code":"KRW","numeric":410,"native":"대한민국 원","localized":"韩元"},"ku":{"code":"TRY","numeric":949,"native":"Turkish Lira","localized":"土耳其里拉"},"ky":{"code":"KGS","numeric":417,"native":"Kyrgystani Som","localized":"吉尔吉斯斯坦索姆"},"lb":{"code":"EUR","numeric":978,"native":"Euro","localized":"欧元"},"lg":{"code":"UGX","numeric":800,"native":"Ugandan Shilling","localized":"乌干达先令"},"ln":{"code":"CDF","numeric":976,"native":"Congolese Franc","localized":"刚果法郎"},"lo":{"code":"LAK","numeric":418,"native":"Laotian Kip","localized":"老挝基普"},"lt":{"code":"EUR","numeric":978,"native":"Euro","localized":"欧元"},"lv":{"code":"EUR","numeric":978,"native":"Euro","localized":"欧元"},"mai":{"code":"INR","numeric":356,"native":"Indian Rupee","localized":"印度卢比"},"mg":{"code":"MGA","numeric":969,"native":"Malagasy Ariary","localized":"马达加斯加阿里亚里"},"mi":{"code":"NZD","numeric":554,"native":"New Zealand Dollar","localized":"新西兰元"},"mk":{"code":"MKD","numeric":807,"native":"Macedonian Denar","localized":"马其顿第纳尔"},"ml":{"code":"INR","numeric":356,"native":"Indian Rupee","localized":"印度卢比"},"mn":{"code":"MNT","numeric":496,"native":"Mongolian Tugrik","localized":"蒙古图格里克"},"mni_Mtei":{"code":"INR","numeric":356,"native":"Indian Rupee","localized":"印度卢比"},"mr":{"code":"INR","numeric":356,"native":"Indian Rupee","localized":"印度卢比"},"ms":{"code":"MYR","numeric":458,"native":"Malaysian Ringgit","localized":"马来西亚林吉特"},"mt":{"code":"EUR","numeric":978,"native":"Euro","localized":"欧元"},"my":{"code":"MMK","numeric":104,"native":"Myanmar Kyat","localized":"缅甸元"},"nb":{"code":"NOK","numeric":578,"native":"norske kroner","localized":"挪威克朗"},"ne":{"code":"NPR","numeric":524,"native":"Nepalese Rupee","localized":"尼泊尔卢比"},"nl":{"code":"EUR","numeric":978,"native":"Euro","localized":"欧元"},"nn":{"code":"NOK","numeric":578,"native":"norske kroner","localized":"挪威克朗"},"oc":{"code":"EUR","numeric":978,"native":"Euro","localized":"欧元"},"om":{"code":"ETB","numeric":230,"native":"Ethiopian Birr","localized":"埃塞俄比亚比尔"},"or":{"code":"INR","numeric":356,"native":"Indian Rupee","localized":"印度卢比"},"pa":{"code":"INR","numeric":356,"native":"Indian Rupee","localized":"印度卢比"},"pl":{"code":"PLN","numeric":985,"native":"złoty polski","localized":"波兰兹罗提"},"ps":{"code":"AFN","numeric":971,"native":"Afghan Afghani","localized":"阿富汗尼"},"pt":{"code":"BRL","numeric":986,"native":"Real brasileiro","localized":"巴西雷亚尔"},"pt_BR":{"code":"BRL","numeric":986,"native":"Real brasileiro","localized":"巴西雷亚尔"},"qu":{"code":"PEN","numeric":604,"native":"Peruvian Sol","localized":"秘鲁索尔"},"ro":{"code":"RON","numeric":946,"native":"leu românesc","localized":"罗马尼亚列伊"},"ru":{"code":"RUB","numeric":643,"native":"российский рубль","localized":"俄罗斯卢布"},"rw":{"code":"RWF","numeric":646,"native":"Rwandan Franc","localized":"卢旺达法郎"},"sa":{"code":"INR","numeric":356,"native":"Indian Rupee","localized":"印度卢比"},"sc":{"code":"EUR","numeric":978,"native":"Euro","localized":"欧元"},"sd":{"code":"PKR","numeric":586,"native":"Pakistani Rupee","localized":"巴基斯坦卢比"},"si":{"code":"LKR","numeric":144,"native":"Sri Lankan Rupee","localized":"斯里兰卡卢比"},"sk":{"code":"EUR","numeric":978,"native":"euro","localized":"欧元"},"sl":{"code":"EUR","numeric":978,"native":"evro","localized":"欧元"},"sn":{"code":"USD","numeric":840,"native":"US Dollar","localized":"美元"},"so":{"code":"SOS","numeric":706,"native":"Somali Shilling","localized":"索马里先令"},"sq":{"code":"ALL","numeric":8,"native":"Albanian Lek","localized":"阿尔巴尼亚列克"},"sr_Cyrl":{"code":"RSD","numeric":941,"native":"српски динар","localized":"塞尔维亚第纳尔"},"sr_Latn":{"code":"RSD","numeric":941,"native":"Serbian Dinar","localized":"塞尔维亚第纳尔"},"sr_Latn_ME":{"code":"EUR","numeric":978,"native":"Euro","localized":"欧元"},"su":{"code":"IDR","numeric":360,"native":"Indonesian Rupiah","localized":"印度尼西亚盾"},"sv":{"code":"SEK","numeric":752,"native":"svensk krona","localized":"瑞典克朗"},"sw":{"code":"TZS","numeric":834,"native":"Tanzanian Shilling","localized":"坦桑尼亚先令"},"ta":{"code":"INR","numeric":356,"native":"Indian Rupee","localized":"印度卢比"},"te":{"code":"INR","numeric":356,"native":"Indian Rupee","localized":"印度卢比"},"tg":{"code":"TJS","numeric":972,"native":"Tajikistani Somoni","localized":"塔吉克斯坦索莫尼"},"th":{"code":"THB","numeric":764,"native":"บาท","localized":"泰铢"},"ti":{"code":"ETB","numeric":230,"native":"Ethiopian Birr","localized":"埃塞俄比亚比尔"},"tk":{"code":"TMT","numeric":934,"native":"Turkmenistani Manat","localized":"土库曼斯坦马纳特"},"tl":{"code":"PHP","numeric":608,"native":"Philippine Peso","localized":"菲律宾比索"},"tr":{"code":"TRY","numeric":949,"native":"Türk Lirası","localized":"土耳其里拉"},"tt":{"code":"RUB","numeric":643,"native":"Russian Ruble","localized":"俄罗斯卢布"},"ug":{"code":"CNY","numeric":156,"native":"Chinese Yuan","localized":"人民币"},"uk":{"code":"UAH","numeric":980,"native":"українська гривня","localized":"乌克兰格里夫纳"},"ur":{"code":"PKR","numeric":586,"native":"Pakistani Rupee","localized":"巴基斯坦卢比"},"uz_Cyrl":{"code":"UZS","numeric":860,"native":"Uzbekistani Som","localized":"乌兹别克斯坦苏姆"},"uz_Latn":{"code":"UZS","numeric":860,"native":"Uzbekistani Som","localized":"乌兹别克斯坦苏姆"},"vi":{"code":"VND","numeric":704,"native":"Đồng Việt Nam","localized":"越南盾"},"xh":{"code":"ZAR","numeric":710,"native":"South African Rand","localized":"南非兰特"},"yi":{"code":"USD","numeric":840,"native":"","localized":""},"yo":{"code":"NGN","numeric":566,"native":"Nigerian Naira","localized":"尼日利亚奈拉"},"zh_CN":{"code":"CNY","numeric":156,"native":"人民币","localized":"人民币"},"zh_HK":{"code":"HKD","numeric":344,"native":"港元","localized":"港元"},"zh_TW":{"code":"TWD","numeric":901,"native":"新台币","localized":"新台币"},"zu":{"code":"ZAR","numeric":710,"native":"South African Rand","localized":"南非兰特"}}
