{
    "Accept": "Accept",
    "Action": "Action",
    "Actions": "Actions",
    "Add :name": "Add :name",
    "Add": "Add",
    "Admin": "Admin",
    "Agree": "Agree",
    "Archive": "Archive",
    "Assign": "Assign",
    "Associate": "Associate",
    "Attach": "Attach",
    "Browse": "Browse",
    "Cancel": "Cancel",
    "Choose :name": "Choose :name",
    "Choose File": "Choose File",
    "Choose Image": "Choose Image",
    "Choose": "Choose",
    "Click to copy": "Click to copy",
    "Close": "Close",
    "Collapse All": "Collapse All",
    "Collapse": "Collapse",
    "Comment": "Comment",
    "Confirm": "Confirm",
    "Connect": "Connect",
    "Create :name": "Create :name",
    "Create": "Create",
    "Delete :name": "Delete :name",
    "Delete": "Delete",
    "Detach": "Detach",
    "Details": "Details",
    "Disable": "Disable",
    "Discard": "Discard",
    "Done": "Done",
    "Down": "Down",
    "Duplicate :name": "Duplicate :name",
    "Duplicate": "Duplicate",
    "Edit :name": "Edit :name",
    "Edit": "Edit",
    "Enable": "Enable",
    "Expand All": "Expand All",
    "Expand": "Expand",
    "Explanation": "Explanation",
    "Export": "Export",
    "Export :name": "Export :name",
    "File": "File",
    "Files": "Files",
    "Go Home": "Go Home",
    "Hide :name": "Hide :name",
    "Hide": "Hide",
    "Home": "Home",
    "Image": "Image",
    "Impersonate": "Impersonate",
    "Impersonation": "Impersonation",
    "Import :name": "Import :name",
    "Import": "Import",
    "Introduction": "Introduction",
    "Like": "Like",
    "Load": "Load",
    "Localize": "Localize",
    "Log In": "Log In",
    "Log Out": "Log Out",
    "New :name": "New :name",
    "New": "New",
    "No": "No",
    "Open in a current window": "Open in a current window",
    "Open in a new window": "Open in a new window",
    "Open in a parent frame": "Open in a parent frame",
    "Open in the topmost frame": "Open in the topmost frame",
    "Open on the website": "Open on the website",
    "Open": "Open",
    "Preview": "Preview",
    "Price": "Price",
    "Record": "Record",
    "Restore :name": "Restore :name",
    "Restore": "Restore",
    "Save & Close": "Save & Close",
    "Save & Return": "Save & Return",
    "Save :name": "Save :name",
    "Save": "Save",
    "Search :name": "Search :name",
    "Search": "Search",
    "Select All": "Select All",
    "Select": "Select",
    "Send": "Send",
    "Settings": "Settings",
    "Show :name": "Show :name",
    "Show All": "Show All",
    "Show": "Show",
    "Sign In": "Sign In",
    "Solve": "Solve",
    "Start": "Start",
    "Stop": "Stop",
    "Submit": "Submit",
    "Subscribe": "Subscribe",
    "Switch To Role": "Switch To Role",
    "Switch": "Switch",
    "Tag": "Tag",
    "Tags": "Tags",
    "Translate It": "Translate It",
    "Translate": "Translate",
    "Unpack": "Unpack",
    "Unsubscribe": "Unsubscribe",
    "Up": "Up",
    "Update :name": "Update :name",
    "Update": "Update",
    "User": "User",
    "View :name": "View :name",
    "View": "View",
    "Yes": "Yes"
}
