{"af":{"code":"ZA","native":"South Africa","localized":"South Africa"},"ak":{"code":"GH","native":"Ghana","localized":"Ghana"},"am":{"code":"ET","native":"Ethiopia","localized":"Ethiopia"},"ar":{"code":"EG","native":"مصر","localized":"Egypt"},"as":{"code":"IN","native":"India","localized":"India"},"az":{"code":"AZ","native":"Azerbaijan","localized":"Azerbaijan"},"be":{"code":"BY","native":"Belarus","localized":"Belarus"},"bg":{"code":"BG","native":"Bulgaria","localized":"Bulgaria"},"bho":{"code":"IN","native":"India","localized":"India"},"bm":{"code":"ML","native":"Mali","localized":"Mali"},"bn":{"code":"BD","native":"Bangladesh","localized":"Bangladesh"},"bs":{"code":"BA","native":"Bosnia & Herzegovina","localized":"Bosnia & Herzegovina"},"ca":{"code":"ES","native":"Espanya","localized":"Spain"},"ceb":{"code":"PH","native":"Philippines","localized":"Philippines"},"ckb":{"code":"IQ","native":"Iraq","localized":"Iraq"},"cs":{"code":"CZ","native":"Česko","localized":"Czechia"},"cy":{"code":"GB","native":"United Kingdom","localized":"United Kingdom"},"da":{"code":"DK","native":"Danmark","localized":"Denmark"},"de":{"code":"DE","native":"Deutschland","localized":"Germany"},"de_AT":{"code":"AT","native":"Österreich","localized":"Austria"},"de_CH":{"code":"CH","native":"Schweiz","localized":"Switzerland"},"doi":{"code":"IN","native":"India","localized":"India"},"ee":{"code":"GH","native":"Ghana","localized":"Ghana"},"el":{"code":"GR","native":"Ελλάδα","localized":"Greece"},"en":{"code":"US","native":"United States","localized":"United States"},"en_CA":{"code":"CA","native":"Canada","localized":"Canada"},"eo":{"code":"001","native":"World","localized":"World"},"es":{"code":"ES","native":"España","localized":"Spain"},"et":{"code":"EE","native":"Estonia","localized":"Estonia"},"eu":{"code":"ES","native":"Spain","localized":"Spain"},"fa":{"code":"IR","native":"Iran","localized":"Iran"},"fi":{"code":"FI","native":"Suomi","localized":"Finland"},"fil":{"code":"PH","native":"Philippines","localized":"Philippines"},"fr":{"code":"FR","native":"France","localized":"France"},"fy":{"code":"NL","native":"Netherlands","localized":"Netherlands"},"ga":{"code":"IE","native":"Ireland","localized":"Ireland"},"gd":{"code":"GB","native":"United Kingdom","localized":"United Kingdom"},"gl":{"code":"ES","native":"Spain","localized":"Spain"},"gu":{"code":"IN","native":"India","localized":"India"},"ha":{"code":"NG","native":"Nigeria","localized":"Nigeria"},"haw":{"code":"US","native":"United States","localized":"United States"},"he":{"code":"IL","native":"ישראל","localized":"Israel"},"hi":{"code":"IN","native":"भारत","localized":"India"},"hr":{"code":"HR","native":"Hrvatska","localized":"Croatia"},"ht":{"code":"HT","native":"Haïti","localized":"Haiti"},"hu":{"code":"HU","native":"Magyarország","localized":"Hungary"},"hy":{"code":"AM","native":"Armenia","localized":"Armenia"},"id":{"code":"ID","native":"Indonesia","localized":"Indonesia"},"ig":{"code":"NG","native":"Nigeria","localized":"Nigeria"},"is":{"code":"IS","native":"Iceland","localized":"Iceland"},"it":{"code":"IT","native":"Italia","localized":"Italy"},"ja":{"code":"JP","native":"日本","localized":"Japan"},"ka":{"code":"GE","native":"Georgia","localized":"Georgia"},"kk":{"code":"KZ","native":"Kazakhstan","localized":"Kazakhstan"},"km":{"code":"KH","native":"Cambodia","localized":"Cambodia"},"kn":{"code":"IN","native":"India","localized":"India"},"ko":{"code":"KR","native":"대한민국","localized":"South Korea"},"ku":{"code":"TR","native":"Turkey","localized":"Turkey"},"ky":{"code":"KG","native":"Kyrgyzstan","localized":"Kyrgyzstan"},"lb":{"code":"LU","native":"Luxembourg","localized":"Luxembourg"},"lg":{"code":"UG","native":"Uganda","localized":"Uganda"},"ln":{"code":"CD","native":"Congo - Kinshasa","localized":"Congo - Kinshasa"},"lo":{"code":"LA","native":"Laos","localized":"Laos"},"lt":{"code":"LT","native":"Lithuania","localized":"Lithuania"},"lv":{"code":"LV","native":"Latvia","localized":"Latvia"},"mai":{"code":"IN","native":"India","localized":"India"},"mg":{"code":"MG","native":"Madagascar","localized":"Madagascar"},"mi":{"code":"NZ","native":"New Zealand","localized":"New Zealand"},"mk":{"code":"MK","native":"North Macedonia","localized":"North Macedonia"},"ml":{"code":"IN","native":"India","localized":"India"},"mn":{"code":"MN","native":"Mongolia","localized":"Mongolia"},"mni_Mtei":{"code":"IN","native":"India","localized":"India"},"mr":{"code":"IN","native":"India","localized":"India"},"ms":{"code":"MY","native":"Malaysia","localized":"Malaysia"},"mt":{"code":"MT","native":"Malta","localized":"Malta"},"my":{"code":"MM","native":"Myanmar (Burma)","localized":"Myanmar (Burma)"},"nb":{"code":"NO","native":"Norge","localized":"Norway"},"ne":{"code":"NP","native":"Nepal","localized":"Nepal"},"nl":{"code":"NL","native":"Nederland","localized":"Netherlands"},"nn":{"code":"NO","native":"Noreg","localized":"Norway"},"oc":{"code":"FR","native":"France","localized":"France"},"om":{"code":"ET","native":"Ethiopia","localized":"Ethiopia"},"or":{"code":"IN","native":"India","localized":"India"},"pa":{"code":"IN","native":"India","localized":"India"},"pl":{"code":"PL","native":"Polska","localized":"Poland"},"ps":{"code":"AF","native":"Afghanistan","localized":"Afghanistan"},"pt":{"code":"BR","native":"Brasil","localized":"Brazil"},"pt_BR":{"code":"BR","native":"Brasil","localized":"Brazil"},"qu":{"code":"PE","native":"Peru","localized":"Peru"},"ro":{"code":"RO","native":"România","localized":"Romania"},"ru":{"code":"RU","native":"Россия","localized":"Russia"},"rw":{"code":"RW","native":"Rwanda","localized":"Rwanda"},"sa":{"code":"IN","native":"India","localized":"India"},"sc":{"code":"IT","native":"Italy","localized":"Italy"},"sd":{"code":"PK","native":"Pakistan","localized":"Pakistan"},"si":{"code":"LK","native":"Sri Lanka","localized":"Sri Lanka"},"sk":{"code":"SK","native":"Slovensko","localized":"Slovakia"},"sl":{"code":"SI","native":"Slovenija","localized":"Slovenia"},"sn":{"code":"ZW","native":"Zimbabwe","localized":"Zimbabwe"},"so":{"code":"SO","native":"Somalia","localized":"Somalia"},"sq":{"code":"AL","native":"Albania","localized":"Albania"},"sr_Cyrl":{"code":"RS","native":"Србија","localized":"Serbia"},"sr_Latn":{"code":"RS","native":"Serbia","localized":"Serbia"},"sr_Latn_ME":{"code":"ME","native":"Montenegro","localized":"Montenegro"},"su":{"code":"ID","native":"Indonesia","localized":"Indonesia"},"sv":{"code":"SE","native":"Sverige","localized":"Sweden"},"sw":{"code":"TZ","native":"Tanzania","localized":"Tanzania"},"ta":{"code":"IN","native":"India","localized":"India"},"te":{"code":"IN","native":"India","localized":"India"},"tg":{"code":"TJ","native":"Tajikistan","localized":"Tajikistan"},"th":{"code":"TH","native":"ไทย","localized":"Thailand"},"ti":{"code":"ET","native":"Ethiopia","localized":"Ethiopia"},"tk":{"code":"TM","native":"Turkmenistan","localized":"Turkmenistan"},"tl":{"code":"PH","native":"Philippines","localized":"Philippines"},"tr":{"code":"TR","native":"Türkiye","localized":"Turkey"},"tt":{"code":"RU","native":"Russia","localized":"Russia"},"ug":{"code":"CN","native":"China","localized":"China"},"uk":{"code":"UA","native":"Україна","localized":"Ukraine"},"ur":{"code":"PK","native":"Pakistan","localized":"Pakistan"},"uz_Cyrl":{"code":"UZ","native":"Uzbekistan","localized":"Uzbekistan"},"uz_Latn":{"code":"UZ","native":"Uzbekistan","localized":"Uzbekistan"},"vi":{"code":"VN","native":"Việt Nam","localized":"Vietnam"},"xh":{"code":"ZA","native":"South Africa","localized":"South Africa"},"yi":{"code":"001","native":"World","localized":"World"},"yo":{"code":"NG","native":"Nigeria","localized":"Nigeria"},"zh_CN":{"code":"CN","native":"中国","localized":"China"},"zh_HK":{"code":"HK","native":"中国香港特别行政区","localized":"Hong Kong Sar China"},"zh_TW":{"code":"TW","native":"台湾","localized":"Taiwan"},"zu":{"code":"ZA","native":"South Africa","localized":"South Africa"}}
