{"af":{"code":"ZA","native":"South Africa","localized":"جنوب أفريقيا"},"ak":{"code":"GH","native":"Ghana","localized":"غانا"},"am":{"code":"ET","native":"Ethiopia","localized":"إثيوبيا"},"ar":{"code":"EG","native":"مصر","localized":"مصر"},"as":{"code":"IN","native":"India","localized":"الهند"},"az":{"code":"AZ","native":"Azerbaijan","localized":"أذربيجان"},"be":{"code":"BY","native":"Belarus","localized":"بيلاروس"},"bg":{"code":"BG","native":"Bulgaria","localized":"بلغاريا"},"bho":{"code":"IN","native":"India","localized":"الهند"},"bm":{"code":"ML","native":"Mali","localized":"مالي"},"bn":{"code":"BD","native":"Bangladesh","localized":"بنغلاديش"},"bs":{"code":"BA","native":"Bosnia & Herzegovina","localized":"البوسنة والهرسك"},"ca":{"code":"ES","native":"Espanya","localized":"إسبانيا"},"ceb":{"code":"PH","native":"Philippines","localized":"الفلبين"},"ckb":{"code":"IQ","native":"Iraq","localized":"العراق"},"cs":{"code":"CZ","native":"Česko","localized":"التشيك"},"cy":{"code":"GB","native":"United Kingdom","localized":"المملكة المتحدة"},"da":{"code":"DK","native":"Danmark","localized":"الدانمرك"},"de":{"code":"DE","native":"Deutschland","localized":"ألمانيا"},"de_AT":{"code":"AT","native":"Österreich","localized":"النمسا"},"de_CH":{"code":"CH","native":"Schweiz","localized":"سويسرا"},"doi":{"code":"IN","native":"India","localized":"الهند"},"ee":{"code":"GH","native":"Ghana","localized":"غانا"},"el":{"code":"GR","native":"Ελλάδα","localized":"اليونان"},"en":{"code":"US","native":"United States","localized":"الولايات المتحدة"},"en_CA":{"code":"CA","native":"Canada","localized":"كندا"},"eo":{"code":"001","native":"World","localized":"العالم"},"es":{"code":"ES","native":"España","localized":"إسبانيا"},"et":{"code":"EE","native":"Estonia","localized":"إستونيا"},"eu":{"code":"ES","native":"Spain","localized":"إسبانيا"},"fa":{"code":"IR","native":"Iran","localized":"إيران"},"fi":{"code":"FI","native":"Suomi","localized":"فنلندا"},"fil":{"code":"PH","native":"Philippines","localized":"الفلبين"},"fr":{"code":"FR","native":"France","localized":"فرنسا"},"fy":{"code":"NL","native":"Netherlands","localized":"هولندا"},"ga":{"code":"IE","native":"Ireland","localized":"أيرلندا"},"gd":{"code":"GB","native":"United Kingdom","localized":"المملكة المتحدة"},"gl":{"code":"ES","native":"Spain","localized":"إسبانيا"},"gu":{"code":"IN","native":"India","localized":"الهند"},"ha":{"code":"NG","native":"Nigeria","localized":"نيجيريا"},"haw":{"code":"US","native":"United States","localized":"الولايات المتحدة"},"he":{"code":"IL","native":"ישראל","localized":"إسرائيل"},"hi":{"code":"IN","native":"भारत","localized":"الهند"},"hr":{"code":"HR","native":"Hrvatska","localized":"كرواتيا"},"ht":{"code":"HT","native":"Haïti","localized":"هايتي"},"hu":{"code":"HU","native":"Magyarország","localized":"هنغاريا"},"hy":{"code":"AM","native":"Armenia","localized":"أرمينيا"},"id":{"code":"ID","native":"Indonesia","localized":"إندونيسيا"},"ig":{"code":"NG","native":"Nigeria","localized":"نيجيريا"},"is":{"code":"IS","native":"Iceland","localized":"آيسلندا"},"it":{"code":"IT","native":"Italia","localized":"إيطاليا"},"ja":{"code":"JP","native":"日本","localized":"اليابان"},"ka":{"code":"GE","native":"Georgia","localized":"جورجيا"},"kk":{"code":"KZ","native":"Kazakhstan","localized":"كازاخستان"},"km":{"code":"KH","native":"Cambodia","localized":"كمبوديا"},"kn":{"code":"IN","native":"India","localized":"الهند"},"ko":{"code":"KR","native":"대한민국","localized":"كوريا الجنوبية"},"ku":{"code":"TR","native":"Turkey","localized":"تركيا"},"ky":{"code":"KG","native":"Kyrgyzstan","localized":"قيرغيزستان"},"lb":{"code":"LU","native":"Luxembourg","localized":"لوكسمبورغ"},"lg":{"code":"UG","native":"Uganda","localized":"أوغندا"},"ln":{"code":"CD","native":"Congo - Kinshasa","localized":"الكونغو - كينشاسا"},"lo":{"code":"LA","native":"Laos","localized":"لاوس"},"lt":{"code":"LT","native":"Lithuania","localized":"ليتوانيا"},"lv":{"code":"LV","native":"Latvia","localized":"لاتفيا"},"mai":{"code":"IN","native":"India","localized":"الهند"},"mg":{"code":"MG","native":"Madagascar","localized":"مدغشقر"},"mi":{"code":"NZ","native":"New Zealand","localized":"نيوزيلندا"},"mk":{"code":"MK","native":"North Macedonia","localized":"مقدونيا الشمالية"},"ml":{"code":"IN","native":"India","localized":"الهند"},"mn":{"code":"MN","native":"Mongolia","localized":"منغوليا"},"mni_Mtei":{"code":"IN","native":"India","localized":"الهند"},"mr":{"code":"IN","native":"India","localized":"الهند"},"ms":{"code":"MY","native":"Malaysia","localized":"ماليزيا"},"mt":{"code":"MT","native":"Malta","localized":"مالطا"},"my":{"code":"MM","native":"Myanmar (Burma)","localized":"ميانمار (بورما)"},"nb":{"code":"NO","native":"Norge","localized":"النرويج"},"ne":{"code":"NP","native":"Nepal","localized":"نيبال"},"nl":{"code":"NL","native":"Nederland","localized":"هولندا"},"nn":{"code":"NO","native":"Noreg","localized":"النرويج"},"oc":{"code":"FR","native":"France","localized":"فرنسا"},"om":{"code":"ET","native":"Ethiopia","localized":"إثيوبيا"},"or":{"code":"IN","native":"India","localized":"الهند"},"pa":{"code":"IN","native":"India","localized":"الهند"},"pl":{"code":"PL","native":"Polska","localized":"بولندا"},"ps":{"code":"AF","native":"Afghanistan","localized":"أفغانستان"},"pt":{"code":"BR","native":"Brasil","localized":"البرازيل"},"pt_BR":{"code":"BR","native":"Brasil","localized":"البرازيل"},"qu":{"code":"PE","native":"Peru","localized":"بيرو"},"ro":{"code":"RO","native":"România","localized":"رومانيا"},"ru":{"code":"RU","native":"Россия","localized":"روسيا"},"rw":{"code":"RW","native":"Rwanda","localized":"رواندا"},"sa":{"code":"IN","native":"India","localized":"الهند"},"sc":{"code":"IT","native":"Italy","localized":"إيطاليا"},"sd":{"code":"PK","native":"Pakistan","localized":"باكستان"},"si":{"code":"LK","native":"Sri Lanka","localized":"سريلانكا"},"sk":{"code":"SK","native":"Slovensko","localized":"سلوفاكيا"},"sl":{"code":"SI","native":"Slovenija","localized":"سلوفينيا"},"sn":{"code":"ZW","native":"Zimbabwe","localized":"زيمبابوي"},"so":{"code":"SO","native":"Somalia","localized":"الصومال"},"sq":{"code":"AL","native":"Albania","localized":"ألبانيا"},"sr_Cyrl":{"code":"RS","native":"Србија","localized":"صربيا"},"sr_Latn":{"code":"RS","native":"Serbia","localized":"صربيا"},"sr_Latn_ME":{"code":"ME","native":"Montenegro","localized":"الجبل الأسود"},"su":{"code":"ID","native":"Indonesia","localized":"إندونيسيا"},"sv":{"code":"SE","native":"Sverige","localized":"السويد"},"sw":{"code":"TZ","native":"Tanzania","localized":"تنزانيا"},"ta":{"code":"IN","native":"India","localized":"الهند"},"te":{"code":"IN","native":"India","localized":"الهند"},"tg":{"code":"TJ","native":"Tajikistan","localized":"طاجيكستان"},"th":{"code":"TH","native":"ไทย","localized":"تايلاند"},"ti":{"code":"ET","native":"Ethiopia","localized":"إثيوبيا"},"tk":{"code":"TM","native":"Turkmenistan","localized":"تركمانستان"},"tl":{"code":"PH","native":"Philippines","localized":"الفلبين"},"tr":{"code":"TR","native":"Türkiye","localized":"تركيا"},"tt":{"code":"RU","native":"Russia","localized":"روسيا"},"ug":{"code":"CN","native":"China","localized":"الصين"},"uk":{"code":"UA","native":"Україна","localized":"أوكرانيا"},"ur":{"code":"PK","native":"Pakistan","localized":"باكستان"},"uz_Cyrl":{"code":"UZ","native":"Uzbekistan","localized":"أوزبكستان"},"uz_Latn":{"code":"UZ","native":"Uzbekistan","localized":"أوزبكستان"},"vi":{"code":"VN","native":"Việt Nam","localized":"فيتنام"},"xh":{"code":"ZA","native":"South Africa","localized":"جنوب أفريقيا"},"yi":{"code":"001","native":"World","localized":"العالم"},"yo":{"code":"NG","native":"Nigeria","localized":"نيجيريا"},"zh_CN":{"code":"CN","native":"中国","localized":"الصين"},"zh_HK":{"code":"HK","native":"中国香港特别行政区","localized":"هونغ كونغ الصينية (منطقة إدارية خاصة)"},"zh_TW":{"code":"TW","native":"台湾","localized":"تايوان"},"zu":{"code":"ZA","native":"South Africa","localized":"جنوب أفريقيا"}}
