{"af":{"code":"ZA","native":"South Africa","localized":"República De Sud-Àfrica"},"ak":{"code":"GH","native":"Ghana","localized":"Ghana"},"am":{"code":"ET","native":"Ethiopia","localized":"Etiòpia"},"ar":{"code":"EG","native":"مصر","localized":"Egipte"},"as":{"code":"IN","native":"India","localized":"Índia"},"az":{"code":"AZ","native":"Azerbaijan","localized":"Azerbaidjan"},"be":{"code":"BY","native":"Belarus","localized":"Belarús"},"bg":{"code":"BG","native":"Bulgaria","localized":"Bulgària"},"bho":{"code":"IN","native":"India","localized":"Índia"},"bm":{"code":"ML","native":"Mali","localized":"Mali"},"bn":{"code":"BD","native":"Bangladesh","localized":"Bangladesh"},"bs":{"code":"BA","native":"Bosnia & Herzegovina","localized":"Bòsnia I Hercegovina"},"ca":{"code":"ES","native":"Espanya","localized":"Espanya"},"ceb":{"code":"PH","native":"Philippines","localized":"Filipines"},"ckb":{"code":"IQ","native":"Iraq","localized":"Iraq"},"cs":{"code":"CZ","native":"Česko","localized":"Txèquia"},"cy":{"code":"GB","native":"United Kingdom","localized":"Regne Unit"},"da":{"code":"DK","native":"Danmark","localized":"Dinamarca"},"de":{"code":"DE","native":"Deutschland","localized":"Alemanya"},"de_AT":{"code":"AT","native":"Österreich","localized":"Àustria"},"de_CH":{"code":"CH","native":"Schweiz","localized":"Suïssa"},"doi":{"code":"IN","native":"India","localized":"Índia"},"ee":{"code":"GH","native":"Ghana","localized":"Ghana"},"el":{"code":"GR","native":"Ελλάδα","localized":"Grècia"},"en":{"code":"US","native":"United States","localized":"Estats Units"},"en_CA":{"code":"CA","native":"Canada","localized":"Canadà"},"eo":{"code":"001","native":"World","localized":"Món"},"es":{"code":"ES","native":"España","localized":"Espanya"},"et":{"code":"EE","native":"Estonia","localized":"Estònia"},"eu":{"code":"ES","native":"Spain","localized":"Espanya"},"fa":{"code":"IR","native":"Iran","localized":"Iran"},"fi":{"code":"FI","native":"Suomi","localized":"Finlàndia"},"fil":{"code":"PH","native":"Philippines","localized":"Filipines"},"fr":{"code":"FR","native":"France","localized":"França"},"fy":{"code":"NL","native":"Netherlands","localized":"Països Baixos"},"ga":{"code":"IE","native":"Ireland","localized":"Irlanda"},"gd":{"code":"GB","native":"United Kingdom","localized":"Regne Unit"},"gl":{"code":"ES","native":"Spain","localized":"Espanya"},"gu":{"code":"IN","native":"India","localized":"Índia"},"ha":{"code":"NG","native":"Nigeria","localized":"Nigèria"},"haw":{"code":"US","native":"United States","localized":"Estats Units"},"he":{"code":"IL","native":"ישראל","localized":"Israel"},"hi":{"code":"IN","native":"भारत","localized":"Índia"},"hr":{"code":"HR","native":"Hrvatska","localized":"Croàcia"},"ht":{"code":"HT","native":"Haïti","localized":"Haití"},"hu":{"code":"HU","native":"Magyarország","localized":"Hongria"},"hy":{"code":"AM","native":"Armenia","localized":"Armènia"},"id":{"code":"ID","native":"Indonesia","localized":"Indonèsia"},"ig":{"code":"NG","native":"Nigeria","localized":"Nigèria"},"is":{"code":"IS","native":"Iceland","localized":"Islàndia"},"it":{"code":"IT","native":"Italia","localized":"Itàlia"},"ja":{"code":"JP","native":"日本","localized":"Japó"},"ka":{"code":"GE","native":"Georgia","localized":"Geòrgia"},"kk":{"code":"KZ","native":"Kazakhstan","localized":"Kazakhstan"},"km":{"code":"KH","native":"Cambodia","localized":"Cambodja"},"kn":{"code":"IN","native":"India","localized":"Índia"},"ko":{"code":"KR","native":"대한민국","localized":"Corea Del Sud"},"ku":{"code":"TR","native":"Turkey","localized":"Turquia"},"ky":{"code":"KG","native":"Kyrgyzstan","localized":"Kirguizstan"},"lb":{"code":"LU","native":"Luxembourg","localized":"Luxemburg"},"lg":{"code":"UG","native":"Uganda","localized":"Uganda"},"ln":{"code":"CD","native":"Congo - Kinshasa","localized":"Congo - Kinshasa"},"lo":{"code":"LA","native":"Laos","localized":"Laos"},"lt":{"code":"LT","native":"Lithuania","localized":"Lituània"},"lv":{"code":"LV","native":"Latvia","localized":"Letònia"},"mai":{"code":"IN","native":"India","localized":"Índia"},"mg":{"code":"MG","native":"Madagascar","localized":"Madagascar"},"mi":{"code":"NZ","native":"New Zealand","localized":"Nova Zelanda"},"mk":{"code":"MK","native":"North Macedonia","localized":"Macedònia Del Nord"},"ml":{"code":"IN","native":"India","localized":"Índia"},"mn":{"code":"MN","native":"Mongolia","localized":"Mongòlia"},"mni_Mtei":{"code":"IN","native":"India","localized":"Índia"},"mr":{"code":"IN","native":"India","localized":"Índia"},"ms":{"code":"MY","native":"Malaysia","localized":"Malàisia"},"mt":{"code":"MT","native":"Malta","localized":"Malta"},"my":{"code":"MM","native":"Myanmar (Burma)","localized":"Myanmar (Birmània)"},"nb":{"code":"NO","native":"Norge","localized":"Noruega"},"ne":{"code":"NP","native":"Nepal","localized":"Nepal"},"nl":{"code":"NL","native":"Nederland","localized":"Països Baixos"},"nn":{"code":"NO","native":"Noreg","localized":"Noruega"},"oc":{"code":"FR","native":"France","localized":"França"},"om":{"code":"ET","native":"Ethiopia","localized":"Etiòpia"},"or":{"code":"IN","native":"India","localized":"Índia"},"pa":{"code":"IN","native":"India","localized":"Índia"},"pl":{"code":"PL","native":"Polska","localized":"Polònia"},"ps":{"code":"AF","native":"Afghanistan","localized":"Afganistan"},"pt":{"code":"BR","native":"Brasil","localized":"Brasil"},"pt_BR":{"code":"BR","native":"Brasil","localized":"Brasil"},"qu":{"code":"PE","native":"Peru","localized":"Perú"},"ro":{"code":"RO","native":"România","localized":"Romania"},"ru":{"code":"RU","native":"Россия","localized":"Rússia"},"rw":{"code":"RW","native":"Rwanda","localized":"Ruanda"},"sa":{"code":"IN","native":"India","localized":"Índia"},"sc":{"code":"IT","native":"Italy","localized":"Itàlia"},"sd":{"code":"PK","native":"Pakistan","localized":"Pakistan"},"si":{"code":"LK","native":"Sri Lanka","localized":"Sri Lanka"},"sk":{"code":"SK","native":"Slovensko","localized":"Eslovàquia"},"sl":{"code":"SI","native":"Slovenija","localized":"Eslovènia"},"sn":{"code":"ZW","native":"Zimbabwe","localized":"Zimbàbue"},"so":{"code":"SO","native":"Somalia","localized":"Somàlia"},"sq":{"code":"AL","native":"Albania","localized":"Albània"},"sr_Cyrl":{"code":"RS","native":"Србија","localized":"Sèrbia"},"sr_Latn":{"code":"RS","native":"Serbia","localized":"Sèrbia"},"sr_Latn_ME":{"code":"ME","native":"Montenegro","localized":"Montenegro"},"su":{"code":"ID","native":"Indonesia","localized":"Indonèsia"},"sv":{"code":"SE","native":"Sverige","localized":"Suècia"},"sw":{"code":"TZ","native":"Tanzania","localized":"Tanzània"},"ta":{"code":"IN","native":"India","localized":"Índia"},"te":{"code":"IN","native":"India","localized":"Índia"},"tg":{"code":"TJ","native":"Tajikistan","localized":"Tadjikistan"},"th":{"code":"TH","native":"ไทย","localized":"Tailàndia"},"ti":{"code":"ET","native":"Ethiopia","localized":"Etiòpia"},"tk":{"code":"TM","native":"Turkmenistan","localized":"Turkmenistan"},"tl":{"code":"PH","native":"Philippines","localized":"Filipines"},"tr":{"code":"TR","native":"Türkiye","localized":"Turquia"},"tt":{"code":"RU","native":"Russia","localized":"Rússia"},"ug":{"code":"CN","native":"China","localized":"Xina"},"uk":{"code":"UA","native":"Україна","localized":"Ucraïna"},"ur":{"code":"PK","native":"Pakistan","localized":"Pakistan"},"uz_Cyrl":{"code":"UZ","native":"Uzbekistan","localized":"Uzbekistan"},"uz_Latn":{"code":"UZ","native":"Uzbekistan","localized":"Uzbekistan"},"vi":{"code":"VN","native":"Việt Nam","localized":"Vietnam"},"xh":{"code":"ZA","native":"South Africa","localized":"República De Sud-Àfrica"},"yi":{"code":"001","native":"World","localized":"Món"},"yo":{"code":"NG","native":"Nigeria","localized":"Nigèria"},"zh_CN":{"code":"CN","native":"中国","localized":"Xina"},"zh_HK":{"code":"HK","native":"中国香港特别行政区","localized":"Hong Kong (Rae Xina)"},"zh_TW":{"code":"TW","native":"台湾","localized":"Taiwan"},"zu":{"code":"ZA","native":"South Africa","localized":"República De Sud-Àfrica"}}
