{"af":{"code":"ZA","native":"South Africa","localized":"Jihoafrická Republika"},"ak":{"code":"GH","native":"Ghana","localized":"Ghana"},"am":{"code":"ET","native":"Ethiopia","localized":"Etiopie"},"ar":{"code":"EG","native":"مصر","localized":"Egypt"},"as":{"code":"IN","native":"India","localized":"Indie"},"az":{"code":"AZ","native":"Azerbaijan","localized":"Ázerbájdžán"},"be":{"code":"BY","native":"Belarus","localized":"Bělorusko"},"bg":{"code":"BG","native":"Bulgaria","localized":"Bulharsko"},"bho":{"code":"IN","native":"India","localized":"Indie"},"bm":{"code":"ML","native":"Mali","localized":"Mali"},"bn":{"code":"BD","native":"Bangladesh","localized":"Bangladéš"},"bs":{"code":"BA","native":"Bosnia & Herzegovina","localized":"Bosna A Hercegovina"},"ca":{"code":"ES","native":"Espanya","localized":"Španělsko"},"ceb":{"code":"PH","native":"Philippines","localized":"Filipíny"},"ckb":{"code":"IQ","native":"Iraq","localized":"Irák"},"cs":{"code":"CZ","native":"Česko","localized":"Česko"},"cy":{"code":"GB","native":"United Kingdom","localized":"Spojené Království"},"da":{"code":"DK","native":"Danmark","localized":"Dánsko"},"de":{"code":"DE","native":"Deutschland","localized":"Německo"},"de_AT":{"code":"AT","native":"Österreich","localized":"Rakousko"},"de_CH":{"code":"CH","native":"Schweiz","localized":"Švýcarsko"},"doi":{"code":"IN","native":"India","localized":"Indie"},"ee":{"code":"GH","native":"Ghana","localized":"Ghana"},"el":{"code":"GR","native":"Ελλάδα","localized":"Řecko"},"en":{"code":"US","native":"United States","localized":"Spojené Státy"},"en_CA":{"code":"CA","native":"Canada","localized":"Kanada"},"eo":{"code":"001","native":"World","localized":"Svět"},"es":{"code":"ES","native":"España","localized":"Španělsko"},"et":{"code":"EE","native":"Estonia","localized":"Estonsko"},"eu":{"code":"ES","native":"Spain","localized":"Španělsko"},"fa":{"code":"IR","native":"Iran","localized":"Írán"},"fi":{"code":"FI","native":"Suomi","localized":"Finsko"},"fil":{"code":"PH","native":"Philippines","localized":"Filipíny"},"fr":{"code":"FR","native":"France","localized":"Francie"},"fy":{"code":"NL","native":"Netherlands","localized":"Nizozemsko"},"ga":{"code":"IE","native":"Ireland","localized":"Irsko"},"gd":{"code":"GB","native":"United Kingdom","localized":"Spojené Království"},"gl":{"code":"ES","native":"Spain","localized":"Španělsko"},"gu":{"code":"IN","native":"India","localized":"Indie"},"ha":{"code":"NG","native":"Nigeria","localized":"Nigérie"},"haw":{"code":"US","native":"United States","localized":"Spojené Státy"},"he":{"code":"IL","native":"ישראל","localized":"Izrael"},"hi":{"code":"IN","native":"भारत","localized":"Indie"},"hr":{"code":"HR","native":"Hrvatska","localized":"Chorvatsko"},"ht":{"code":"HT","native":"Haïti","localized":"Haiti"},"hu":{"code":"HU","native":"Magyarország","localized":"Maďarsko"},"hy":{"code":"AM","native":"Armenia","localized":"Arménie"},"id":{"code":"ID","native":"Indonesia","localized":"Indonésie"},"ig":{"code":"NG","native":"Nigeria","localized":"Nigérie"},"is":{"code":"IS","native":"Iceland","localized":"Island"},"it":{"code":"IT","native":"Italia","localized":"Itálie"},"ja":{"code":"JP","native":"日本","localized":"Japonsko"},"ka":{"code":"GE","native":"Georgia","localized":"Gruzie"},"kk":{"code":"KZ","native":"Kazakhstan","localized":"Kazachstán"},"km":{"code":"KH","native":"Cambodia","localized":"Kambodža"},"kn":{"code":"IN","native":"India","localized":"Indie"},"ko":{"code":"KR","native":"대한민국","localized":"Jižní Korea"},"ku":{"code":"TR","native":"Turkey","localized":"Turecko"},"ky":{"code":"KG","native":"Kyrgyzstan","localized":"Kyrgyzstán"},"lb":{"code":"LU","native":"Luxembourg","localized":"Lucembursko"},"lg":{"code":"UG","native":"Uganda","localized":"Uganda"},"ln":{"code":"CD","native":"Congo - Kinshasa","localized":"Kongo – Kinshasa"},"lo":{"code":"LA","native":"Laos","localized":"Laos"},"lt":{"code":"LT","native":"Lithuania","localized":"Litva"},"lv":{"code":"LV","native":"Latvia","localized":"Lotyšsko"},"mai":{"code":"IN","native":"India","localized":"Indie"},"mg":{"code":"MG","native":"Madagascar","localized":"Madagaskar"},"mi":{"code":"NZ","native":"New Zealand","localized":"Nový Zéland"},"mk":{"code":"MK","native":"North Macedonia","localized":"Severní Makedonie"},"ml":{"code":"IN","native":"India","localized":"Indie"},"mn":{"code":"MN","native":"Mongolia","localized":"Mongolsko"},"mni_Mtei":{"code":"IN","native":"India","localized":"Indie"},"mr":{"code":"IN","native":"India","localized":"Indie"},"ms":{"code":"MY","native":"Malaysia","localized":"Malajsie"},"mt":{"code":"MT","native":"Malta","localized":"Malta"},"my":{"code":"MM","native":"Myanmar (Burma)","localized":"Myanmar (Barma)"},"nb":{"code":"NO","native":"Norge","localized":"Norsko"},"ne":{"code":"NP","native":"Nepal","localized":"Nepál"},"nl":{"code":"NL","native":"Nederland","localized":"Nizozemsko"},"nn":{"code":"NO","native":"Noreg","localized":"Norsko"},"oc":{"code":"FR","native":"France","localized":"Francie"},"om":{"code":"ET","native":"Ethiopia","localized":"Etiopie"},"or":{"code":"IN","native":"India","localized":"Indie"},"pa":{"code":"IN","native":"India","localized":"Indie"},"pl":{"code":"PL","native":"Polska","localized":"Polsko"},"ps":{"code":"AF","native":"Afghanistan","localized":"Afghánistán"},"pt":{"code":"BR","native":"Brasil","localized":"Brazílie"},"pt_BR":{"code":"BR","native":"Brasil","localized":"Brazílie"},"qu":{"code":"PE","native":"Peru","localized":"Peru"},"ro":{"code":"RO","native":"România","localized":"Rumunsko"},"ru":{"code":"RU","native":"Россия","localized":"Rusko"},"rw":{"code":"RW","native":"Rwanda","localized":"Rwanda"},"sa":{"code":"IN","native":"India","localized":"Indie"},"sc":{"code":"IT","native":"Italy","localized":"Itálie"},"sd":{"code":"PK","native":"Pakistan","localized":"Pákistán"},"si":{"code":"LK","native":"Sri Lanka","localized":"Srí Lanka"},"sk":{"code":"SK","native":"Slovensko","localized":"Slovensko"},"sl":{"code":"SI","native":"Slovenija","localized":"Slovinsko"},"sn":{"code":"ZW","native":"Zimbabwe","localized":"Zimbabwe"},"so":{"code":"SO","native":"Somalia","localized":"Somálsko"},"sq":{"code":"AL","native":"Albania","localized":"Albánie"},"sr_Cyrl":{"code":"RS","native":"Србија","localized":"Srbsko"},"sr_Latn":{"code":"RS","native":"Serbia","localized":"Srbsko"},"sr_Latn_ME":{"code":"ME","native":"Montenegro","localized":"Černá Hora"},"su":{"code":"ID","native":"Indonesia","localized":"Indonésie"},"sv":{"code":"SE","native":"Sverige","localized":"Švédsko"},"sw":{"code":"TZ","native":"Tanzania","localized":"Tanzanie"},"ta":{"code":"IN","native":"India","localized":"Indie"},"te":{"code":"IN","native":"India","localized":"Indie"},"tg":{"code":"TJ","native":"Tajikistan","localized":"Tádžikistán"},"th":{"code":"TH","native":"ไทย","localized":"Thajsko"},"ti":{"code":"ET","native":"Ethiopia","localized":"Etiopie"},"tk":{"code":"TM","native":"Turkmenistan","localized":"Turkmenistán"},"tl":{"code":"PH","native":"Philippines","localized":"Filipíny"},"tr":{"code":"TR","native":"Türkiye","localized":"Turecko"},"tt":{"code":"RU","native":"Russia","localized":"Rusko"},"ug":{"code":"CN","native":"China","localized":"Čína"},"uk":{"code":"UA","native":"Україна","localized":"Ukrajina"},"ur":{"code":"PK","native":"Pakistan","localized":"Pákistán"},"uz_Cyrl":{"code":"UZ","native":"Uzbekistan","localized":"Uzbekistán"},"uz_Latn":{"code":"UZ","native":"Uzbekistan","localized":"Uzbekistán"},"vi":{"code":"VN","native":"Việt Nam","localized":"Vietnam"},"xh":{"code":"ZA","native":"South Africa","localized":"Jihoafrická Republika"},"yi":{"code":"001","native":"World","localized":"Svět"},"yo":{"code":"NG","native":"Nigeria","localized":"Nigérie"},"zh_CN":{"code":"CN","native":"中国","localized":"Čína"},"zh_HK":{"code":"HK","native":"中国香港特别行政区","localized":"Hongkong – Zao Číny"},"zh_TW":{"code":"TW","native":"台湾","localized":"Tchaj-Wan"},"zu":{"code":"ZA","native":"South Africa","localized":"Jihoafrická Republika"}}
