{"af":{"code":"ZA","native":"South Africa","localized":"Südafrika"},"ak":{"code":"GH","native":"Ghana","localized":"Ghana"},"am":{"code":"ET","native":"Ethiopia","localized":"Äthiopien"},"ar":{"code":"EG","native":"مصر","localized":"Ägypten"},"as":{"code":"IN","native":"India","localized":"Indien"},"az":{"code":"AZ","native":"Azerbaijan","localized":"Aserbaidschan"},"be":{"code":"BY","native":"Belarus","localized":"Belarus"},"bg":{"code":"BG","native":"Bulgaria","localized":"Bulgarien"},"bho":{"code":"IN","native":"India","localized":"Indien"},"bm":{"code":"ML","native":"Mali","localized":"Mali"},"bn":{"code":"BD","native":"Bangladesh","localized":"Bangladesch"},"bs":{"code":"BA","native":"Bosnia & Herzegovina","localized":"Bosnien Und Herzegowina"},"ca":{"code":"ES","native":"Espanya","localized":"Spanien"},"ceb":{"code":"PH","native":"Philippines","localized":"Philippinen"},"ckb":{"code":"IQ","native":"Iraq","localized":"Irak"},"cs":{"code":"CZ","native":"Česko","localized":"Tschechien"},"cy":{"code":"GB","native":"United Kingdom","localized":"Vereinigtes Königreich"},"da":{"code":"DK","native":"Danmark","localized":"Dänemark"},"de":{"code":"DE","native":"Deutschland","localized":"Deutschland"},"de_AT":{"code":"AT","native":"Österreich","localized":"Österreich"},"de_CH":{"code":"CH","native":"Schweiz","localized":"Schweiz"},"doi":{"code":"IN","native":"India","localized":"Indien"},"ee":{"code":"GH","native":"Ghana","localized":"Ghana"},"el":{"code":"GR","native":"Ελλάδα","localized":"Griechenland"},"en":{"code":"US","native":"United States","localized":"Vereinigte Staaten"},"en_CA":{"code":"CA","native":"Canada","localized":"Kanada"},"eo":{"code":"001","native":"World","localized":"Welt"},"es":{"code":"ES","native":"España","localized":"Spanien"},"et":{"code":"EE","native":"Estonia","localized":"Estland"},"eu":{"code":"ES","native":"Spain","localized":"Spanien"},"fa":{"code":"IR","native":"Iran","localized":"Iran"},"fi":{"code":"FI","native":"Suomi","localized":"Finnland"},"fil":{"code":"PH","native":"Philippines","localized":"Philippinen"},"fr":{"code":"FR","native":"France","localized":"Frankreich"},"fy":{"code":"NL","native":"Netherlands","localized":"Niederlande"},"ga":{"code":"IE","native":"Ireland","localized":"Irland"},"gd":{"code":"GB","native":"United Kingdom","localized":"Vereinigtes Königreich"},"gl":{"code":"ES","native":"Spain","localized":"Spanien"},"gu":{"code":"IN","native":"India","localized":"Indien"},"ha":{"code":"NG","native":"Nigeria","localized":"Nigeria"},"haw":{"code":"US","native":"United States","localized":"Vereinigte Staaten"},"he":{"code":"IL","native":"ישראל","localized":"Israel"},"hi":{"code":"IN","native":"भारत","localized":"Indien"},"hr":{"code":"HR","native":"Hrvatska","localized":"Kroatien"},"ht":{"code":"HT","native":"Haïti","localized":"Haiti"},"hu":{"code":"HU","native":"Magyarország","localized":"Ungarn"},"hy":{"code":"AM","native":"Armenia","localized":"Armenien"},"id":{"code":"ID","native":"Indonesia","localized":"Indonesien"},"ig":{"code":"NG","native":"Nigeria","localized":"Nigeria"},"is":{"code":"IS","native":"Iceland","localized":"Island"},"it":{"code":"IT","native":"Italia","localized":"Italien"},"ja":{"code":"JP","native":"日本","localized":"Japan"},"ka":{"code":"GE","native":"Georgia","localized":"Georgien"},"kk":{"code":"KZ","native":"Kazakhstan","localized":"Kasachstan"},"km":{"code":"KH","native":"Cambodia","localized":"Kambodscha"},"kn":{"code":"IN","native":"India","localized":"Indien"},"ko":{"code":"KR","native":"대한민국","localized":"Südkorea"},"ku":{"code":"TR","native":"Turkey","localized":"Türkei"},"ky":{"code":"KG","native":"Kyrgyzstan","localized":"Kirgisistan"},"lb":{"code":"LU","native":"Luxembourg","localized":"Luxemburg"},"lg":{"code":"UG","native":"Uganda","localized":"Uganda"},"ln":{"code":"CD","native":"Congo - Kinshasa","localized":"Kongo-Kinshasa"},"lo":{"code":"LA","native":"Laos","localized":"Laos"},"lt":{"code":"LT","native":"Lithuania","localized":"Litauen"},"lv":{"code":"LV","native":"Latvia","localized":"Lettland"},"mai":{"code":"IN","native":"India","localized":"Indien"},"mg":{"code":"MG","native":"Madagascar","localized":"Madagaskar"},"mi":{"code":"NZ","native":"New Zealand","localized":"Neuseeland"},"mk":{"code":"MK","native":"North Macedonia","localized":"Nordmazedonien"},"ml":{"code":"IN","native":"India","localized":"Indien"},"mn":{"code":"MN","native":"Mongolia","localized":"Mongolei"},"mni_Mtei":{"code":"IN","native":"India","localized":"Indien"},"mr":{"code":"IN","native":"India","localized":"Indien"},"ms":{"code":"MY","native":"Malaysia","localized":"Malaysia"},"mt":{"code":"MT","native":"Malta","localized":"Malta"},"my":{"code":"MM","native":"Myanmar (Burma)","localized":"Myanmar"},"nb":{"code":"NO","native":"Norge","localized":"Norwegen"},"ne":{"code":"NP","native":"Nepal","localized":"Nepal"},"nl":{"code":"NL","native":"Nederland","localized":"Niederlande"},"nn":{"code":"NO","native":"Noreg","localized":"Norwegen"},"oc":{"code":"FR","native":"France","localized":"Frankreich"},"om":{"code":"ET","native":"Ethiopia","localized":"Äthiopien"},"or":{"code":"IN","native":"India","localized":"Indien"},"pa":{"code":"IN","native":"India","localized":"Indien"},"pl":{"code":"PL","native":"Polska","localized":"Polen"},"ps":{"code":"AF","native":"Afghanistan","localized":"Afghanistan"},"pt":{"code":"BR","native":"Brasil","localized":"Brasilien"},"pt_BR":{"code":"BR","native":"Brasil","localized":"Brasilien"},"qu":{"code":"PE","native":"Peru","localized":"Peru"},"ro":{"code":"RO","native":"România","localized":"Rumänien"},"ru":{"code":"RU","native":"Россия","localized":"Russland"},"rw":{"code":"RW","native":"Rwanda","localized":"Ruanda"},"sa":{"code":"IN","native":"India","localized":"Indien"},"sc":{"code":"IT","native":"Italy","localized":"Italien"},"sd":{"code":"PK","native":"Pakistan","localized":"Pakistan"},"si":{"code":"LK","native":"Sri Lanka","localized":"Sri Lanka"},"sk":{"code":"SK","native":"Slovensko","localized":"Slowakei"},"sl":{"code":"SI","native":"Slovenija","localized":"Slowenien"},"sn":{"code":"ZW","native":"Zimbabwe","localized":"Simbabwe"},"so":{"code":"SO","native":"Somalia","localized":"Somalia"},"sq":{"code":"AL","native":"Albania","localized":"Albanien"},"sr_Cyrl":{"code":"RS","native":"Србија","localized":"Serbien"},"sr_Latn":{"code":"RS","native":"Serbia","localized":"Serbien"},"sr_Latn_ME":{"code":"ME","native":"Montenegro","localized":"Montenegro"},"su":{"code":"ID","native":"Indonesia","localized":"Indonesien"},"sv":{"code":"SE","native":"Sverige","localized":"Schweden"},"sw":{"code":"TZ","native":"Tanzania","localized":"Tansania"},"ta":{"code":"IN","native":"India","localized":"Indien"},"te":{"code":"IN","native":"India","localized":"Indien"},"tg":{"code":"TJ","native":"Tajikistan","localized":"Tadschikistan"},"th":{"code":"TH","native":"ไทย","localized":"Thailand"},"ti":{"code":"ET","native":"Ethiopia","localized":"Äthiopien"},"tk":{"code":"TM","native":"Turkmenistan","localized":"Turkmenistan"},"tl":{"code":"PH","native":"Philippines","localized":"Philippinen"},"tr":{"code":"TR","native":"Türkiye","localized":"Türkei"},"tt":{"code":"RU","native":"Russia","localized":"Russland"},"ug":{"code":"CN","native":"China","localized":"China"},"uk":{"code":"UA","native":"Україна","localized":"Ukraine"},"ur":{"code":"PK","native":"Pakistan","localized":"Pakistan"},"uz_Cyrl":{"code":"UZ","native":"Uzbekistan","localized":"Usbekistan"},"uz_Latn":{"code":"UZ","native":"Uzbekistan","localized":"Usbekistan"},"vi":{"code":"VN","native":"Việt Nam","localized":"Vietnam"},"xh":{"code":"ZA","native":"South Africa","localized":"Südafrika"},"yi":{"code":"001","native":"World","localized":"Welt"},"yo":{"code":"NG","native":"Nigeria","localized":"Nigeria"},"zh_CN":{"code":"CN","native":"中国","localized":"China"},"zh_HK":{"code":"HK","native":"中国香港特别行政区","localized":"Sonderverwaltungsregion Hongkong"},"zh_TW":{"code":"TW","native":"台湾","localized":"Taiwan"},"zu":{"code":"ZA","native":"South Africa","localized":"Südafrika"}}
