{"af":{"code":"ZA","native":"South Africa","localized":"Νότια Αφρική"},"ak":{"code":"GH","native":"Ghana","localized":"Γκάνα"},"am":{"code":"ET","native":"Ethiopia","localized":"Αιθιοπία"},"ar":{"code":"EG","native":"مصر","localized":"Αίγυπτος"},"as":{"code":"IN","native":"India","localized":"Ινδία"},"az":{"code":"AZ","native":"Azerbaijan","localized":"Αζερμπαϊτζάν"},"be":{"code":"BY","native":"Belarus","localized":"Λευκορωσία"},"bg":{"code":"BG","native":"Bulgaria","localized":"Βουλγαρία"},"bho":{"code":"IN","native":"India","localized":"Ινδία"},"bm":{"code":"ML","native":"Mali","localized":"Μάλι"},"bn":{"code":"BD","native":"Bangladesh","localized":"Μπανγκλαντές"},"bs":{"code":"BA","native":"Bosnia & Herzegovina","localized":"Βοσνία - Ερζεγοβίνη"},"ca":{"code":"ES","native":"Espanya","localized":"Ισπανία"},"ceb":{"code":"PH","native":"Philippines","localized":"Φιλιππίνες"},"ckb":{"code":"IQ","native":"Iraq","localized":"Ιράκ"},"cs":{"code":"CZ","native":"Česko","localized":"Τσεχία"},"cy":{"code":"GB","native":"United Kingdom","localized":"Ηνωμένο Βασίλειο"},"da":{"code":"DK","native":"Danmark","localized":"Δανία"},"de":{"code":"DE","native":"Deutschland","localized":"Γερμανία"},"de_AT":{"code":"AT","native":"Österreich","localized":"Αυστρία"},"de_CH":{"code":"CH","native":"Schweiz","localized":"Ελβετία"},"doi":{"code":"IN","native":"India","localized":"Ινδία"},"ee":{"code":"GH","native":"Ghana","localized":"Γκάνα"},"el":{"code":"GR","native":"Ελλάδα","localized":"Ελλάδα"},"en":{"code":"US","native":"United States","localized":"Ηνωμένες Πολιτείες"},"en_CA":{"code":"CA","native":"Canada","localized":"Καναδάς"},"eo":{"code":"001","native":"World","localized":"Κόσμος"},"es":{"code":"ES","native":"España","localized":"Ισπανία"},"et":{"code":"EE","native":"Estonia","localized":"Εσθονία"},"eu":{"code":"ES","native":"Spain","localized":"Ισπανία"},"fa":{"code":"IR","native":"Iran","localized":"Ιράν"},"fi":{"code":"FI","native":"Suomi","localized":"Φινλανδία"},"fil":{"code":"PH","native":"Philippines","localized":"Φιλιππίνες"},"fr":{"code":"FR","native":"France","localized":"Γαλλία"},"fy":{"code":"NL","native":"Netherlands","localized":"Κάτω Χώρες"},"ga":{"code":"IE","native":"Ireland","localized":"Ιρλανδία"},"gd":{"code":"GB","native":"United Kingdom","localized":"Ηνωμένο Βασίλειο"},"gl":{"code":"ES","native":"Spain","localized":"Ισπανία"},"gu":{"code":"IN","native":"India","localized":"Ινδία"},"ha":{"code":"NG","native":"Nigeria","localized":"Νιγηρία"},"haw":{"code":"US","native":"United States","localized":"Ηνωμένες Πολιτείες"},"he":{"code":"IL","native":"ישראל","localized":"Ισραήλ"},"hi":{"code":"IN","native":"भारत","localized":"Ινδία"},"hr":{"code":"HR","native":"Hrvatska","localized":"Κροατία"},"ht":{"code":"HT","native":"Haïti","localized":"Αϊτή"},"hu":{"code":"HU","native":"Magyarország","localized":"Ουγγαρία"},"hy":{"code":"AM","native":"Armenia","localized":"Αρμενία"},"id":{"code":"ID","native":"Indonesia","localized":"Ινδονησία"},"ig":{"code":"NG","native":"Nigeria","localized":"Νιγηρία"},"is":{"code":"IS","native":"Iceland","localized":"Ισλανδία"},"it":{"code":"IT","native":"Italia","localized":"Ιταλία"},"ja":{"code":"JP","native":"日本","localized":"Ιαπωνία"},"ka":{"code":"GE","native":"Georgia","localized":"Γεωργία"},"kk":{"code":"KZ","native":"Kazakhstan","localized":"Καζακστάν"},"km":{"code":"KH","native":"Cambodia","localized":"Καμπότζη"},"kn":{"code":"IN","native":"India","localized":"Ινδία"},"ko":{"code":"KR","native":"대한민국","localized":"Νότια Κορέα"},"ku":{"code":"TR","native":"Turkey","localized":"Τουρκία"},"ky":{"code":"KG","native":"Kyrgyzstan","localized":"Κιργιστάν"},"lb":{"code":"LU","native":"Luxembourg","localized":"Λουξεμβούργο"},"lg":{"code":"UG","native":"Uganda","localized":"Ουγκάντα"},"ln":{"code":"CD","native":"Congo - Kinshasa","localized":"Κονγκό - Κινσάσα"},"lo":{"code":"LA","native":"Laos","localized":"Λάος"},"lt":{"code":"LT","native":"Lithuania","localized":"Λιθουανία"},"lv":{"code":"LV","native":"Latvia","localized":"Λετονία"},"mai":{"code":"IN","native":"India","localized":"Ινδία"},"mg":{"code":"MG","native":"Madagascar","localized":"Μαδαγασκάρη"},"mi":{"code":"NZ","native":"New Zealand","localized":"Νέα Ζηλανδία"},"mk":{"code":"MK","native":"North Macedonia","localized":"Βόρεια Μακεδονία"},"ml":{"code":"IN","native":"India","localized":"Ινδία"},"mn":{"code":"MN","native":"Mongolia","localized":"Μογγολία"},"mni_Mtei":{"code":"IN","native":"India","localized":"Ινδία"},"mr":{"code":"IN","native":"India","localized":"Ινδία"},"ms":{"code":"MY","native":"Malaysia","localized":"Μαλαισία"},"mt":{"code":"MT","native":"Malta","localized":"Μάλτα"},"my":{"code":"MM","native":"Myanmar (Burma)","localized":"Μιανμάρ (Βιρμανία)"},"nb":{"code":"NO","native":"Norge","localized":"Νορβηγία"},"ne":{"code":"NP","native":"Nepal","localized":"Νεπάλ"},"nl":{"code":"NL","native":"Nederland","localized":"Κάτω Χώρες"},"nn":{"code":"NO","native":"Noreg","localized":"Νορβηγία"},"oc":{"code":"FR","native":"France","localized":"Γαλλία"},"om":{"code":"ET","native":"Ethiopia","localized":"Αιθιοπία"},"or":{"code":"IN","native":"India","localized":"Ινδία"},"pa":{"code":"IN","native":"India","localized":"Ινδία"},"pl":{"code":"PL","native":"Polska","localized":"Πολωνία"},"ps":{"code":"AF","native":"Afghanistan","localized":"Αφγανιστάν"},"pt":{"code":"BR","native":"Brasil","localized":"Βραζιλία"},"pt_BR":{"code":"BR","native":"Brasil","localized":"Βραζιλία"},"qu":{"code":"PE","native":"Peru","localized":"Περού"},"ro":{"code":"RO","native":"România","localized":"Ρουμανία"},"ru":{"code":"RU","native":"Россия","localized":"Ρωσία"},"rw":{"code":"RW","native":"Rwanda","localized":"Ρουάντα"},"sa":{"code":"IN","native":"India","localized":"Ινδία"},"sc":{"code":"IT","native":"Italy","localized":"Ιταλία"},"sd":{"code":"PK","native":"Pakistan","localized":"Πακιστάν"},"si":{"code":"LK","native":"Sri Lanka","localized":"Σρι Λάνκα"},"sk":{"code":"SK","native":"Slovensko","localized":"Σλοβακία"},"sl":{"code":"SI","native":"Slovenija","localized":"Σλοβενία"},"sn":{"code":"ZW","native":"Zimbabwe","localized":"Ζιμπάμπουε"},"so":{"code":"SO","native":"Somalia","localized":"Σομαλία"},"sq":{"code":"AL","native":"Albania","localized":"Αλβανία"},"sr_Cyrl":{"code":"RS","native":"Србија","localized":"Σερβία"},"sr_Latn":{"code":"RS","native":"Serbia","localized":"Σερβία"},"sr_Latn_ME":{"code":"ME","native":"Montenegro","localized":"Μαυροβούνιο"},"su":{"code":"ID","native":"Indonesia","localized":"Ινδονησία"},"sv":{"code":"SE","native":"Sverige","localized":"Σουηδία"},"sw":{"code":"TZ","native":"Tanzania","localized":"Τανζανία"},"ta":{"code":"IN","native":"India","localized":"Ινδία"},"te":{"code":"IN","native":"India","localized":"Ινδία"},"tg":{"code":"TJ","native":"Tajikistan","localized":"Τατζικιστάν"},"th":{"code":"TH","native":"ไทย","localized":"Ταϊλάνδη"},"ti":{"code":"ET","native":"Ethiopia","localized":"Αιθιοπία"},"tk":{"code":"TM","native":"Turkmenistan","localized":"Τουρκμενιστάν"},"tl":{"code":"PH","native":"Philippines","localized":"Φιλιππίνες"},"tr":{"code":"TR","native":"Türkiye","localized":"Τουρκία"},"tt":{"code":"RU","native":"Russia","localized":"Ρωσία"},"ug":{"code":"CN","native":"China","localized":"Κίνα"},"uk":{"code":"UA","native":"Україна","localized":"Ουκρανία"},"ur":{"code":"PK","native":"Pakistan","localized":"Πακιστάν"},"uz_Cyrl":{"code":"UZ","native":"Uzbekistan","localized":"Ουζμπεκιστάν"},"uz_Latn":{"code":"UZ","native":"Uzbekistan","localized":"Ουζμπεκιστάν"},"vi":{"code":"VN","native":"Việt Nam","localized":"Βιετνάμ"},"xh":{"code":"ZA","native":"South Africa","localized":"Νότια Αφρική"},"yi":{"code":"001","native":"World","localized":"Κόσμος"},"yo":{"code":"NG","native":"Nigeria","localized":"Νιγηρία"},"zh_CN":{"code":"CN","native":"中国","localized":"Κίνα"},"zh_HK":{"code":"HK","native":"中国香港特别行政区","localized":"Χονγκ Κονγκ Εδπ Κίνας"},"zh_TW":{"code":"TW","native":"台湾","localized":"Ταϊβάν"},"zu":{"code":"ZA","native":"South Africa","localized":"Νότια Αφρική"}}
