{"af":{"code":"ZA","native":"South Africa","localized":"Sudáfrica"},"ak":{"code":"GH","native":"Ghana","localized":"Ghana"},"am":{"code":"ET","native":"Ethiopia","localized":"Etiopía"},"ar":{"code":"EG","native":"مصر","localized":"Egipto"},"as":{"code":"IN","native":"India","localized":"India"},"az":{"code":"AZ","native":"Azerbaijan","localized":"Azerbaiyán"},"be":{"code":"BY","native":"Belarus","localized":"Bielorrusia"},"bg":{"code":"BG","native":"Bulgaria","localized":"Bulgaria"},"bho":{"code":"IN","native":"India","localized":"India"},"bm":{"code":"ML","native":"Mali","localized":"Mali"},"bn":{"code":"BD","native":"Bangladesh","localized":"Bangladés"},"bs":{"code":"BA","native":"Bosnia & Herzegovina","localized":"Bosnia Y Herzegovina"},"ca":{"code":"ES","native":"Espanya","localized":"España"},"ceb":{"code":"PH","native":"Philippines","localized":"Filipinas"},"ckb":{"code":"IQ","native":"Iraq","localized":"Irak"},"cs":{"code":"CZ","native":"Česko","localized":"Chequia"},"cy":{"code":"GB","native":"United Kingdom","localized":"Reino Unido"},"da":{"code":"DK","native":"Danmark","localized":"Dinamarca"},"de":{"code":"DE","native":"Deutschland","localized":"Alemania"},"de_AT":{"code":"AT","native":"Österreich","localized":"Austria"},"de_CH":{"code":"CH","native":"Schweiz","localized":"Suiza"},"doi":{"code":"IN","native":"India","localized":"India"},"ee":{"code":"GH","native":"Ghana","localized":"Ghana"},"el":{"code":"GR","native":"Ελλάδα","localized":"Grecia"},"en":{"code":"US","native":"United States","localized":"Estados Unidos"},"en_CA":{"code":"CA","native":"Canada","localized":"Canadá"},"eo":{"code":"001","native":"World","localized":"Mundo"},"es":{"code":"ES","native":"España","localized":"España"},"et":{"code":"EE","native":"Estonia","localized":"Estonia"},"eu":{"code":"ES","native":"Spain","localized":"España"},"fa":{"code":"IR","native":"Iran","localized":"Irán"},"fi":{"code":"FI","native":"Suomi","localized":"Finlandia"},"fil":{"code":"PH","native":"Philippines","localized":"Filipinas"},"fr":{"code":"FR","native":"France","localized":"Francia"},"fy":{"code":"NL","native":"Netherlands","localized":"Países Bajos"},"ga":{"code":"IE","native":"Ireland","localized":"Irlanda"},"gd":{"code":"GB","native":"United Kingdom","localized":"Reino Unido"},"gl":{"code":"ES","native":"Spain","localized":"España"},"gu":{"code":"IN","native":"India","localized":"India"},"ha":{"code":"NG","native":"Nigeria","localized":"Nigeria"},"haw":{"code":"US","native":"United States","localized":"Estados Unidos"},"he":{"code":"IL","native":"ישראל","localized":"Israel"},"hi":{"code":"IN","native":"भारत","localized":"India"},"hr":{"code":"HR","native":"Hrvatska","localized":"Croacia"},"ht":{"code":"HT","native":"Haïti","localized":"Haití"},"hu":{"code":"HU","native":"Magyarország","localized":"Hungría"},"hy":{"code":"AM","native":"Armenia","localized":"Armenia"},"id":{"code":"ID","native":"Indonesia","localized":"Indonesia"},"ig":{"code":"NG","native":"Nigeria","localized":"Nigeria"},"is":{"code":"IS","native":"Iceland","localized":"Islandia"},"it":{"code":"IT","native":"Italia","localized":"Italia"},"ja":{"code":"JP","native":"日本","localized":"Japón"},"ka":{"code":"GE","native":"Georgia","localized":"Georgia"},"kk":{"code":"KZ","native":"Kazakhstan","localized":"Kazajistán"},"km":{"code":"KH","native":"Cambodia","localized":"Camboya"},"kn":{"code":"IN","native":"India","localized":"India"},"ko":{"code":"KR","native":"대한민국","localized":"Corea Del Sur"},"ku":{"code":"TR","native":"Turkey","localized":"Turquía"},"ky":{"code":"KG","native":"Kyrgyzstan","localized":"Kirguistán"},"lb":{"code":"LU","native":"Luxembourg","localized":"Luxemburgo"},"lg":{"code":"UG","native":"Uganda","localized":"Uganda"},"ln":{"code":"CD","native":"Congo - Kinshasa","localized":"República Democrática Del Congo"},"lo":{"code":"LA","native":"Laos","localized":"Laos"},"lt":{"code":"LT","native":"Lithuania","localized":"Lituania"},"lv":{"code":"LV","native":"Latvia","localized":"Letonia"},"mai":{"code":"IN","native":"India","localized":"India"},"mg":{"code":"MG","native":"Madagascar","localized":"Madagascar"},"mi":{"code":"NZ","native":"New Zealand","localized":"Nueva Zelanda"},"mk":{"code":"MK","native":"North Macedonia","localized":"Macedonia Del Norte"},"ml":{"code":"IN","native":"India","localized":"India"},"mn":{"code":"MN","native":"Mongolia","localized":"Mongolia"},"mni_Mtei":{"code":"IN","native":"India","localized":"India"},"mr":{"code":"IN","native":"India","localized":"India"},"ms":{"code":"MY","native":"Malaysia","localized":"Malasia"},"mt":{"code":"MT","native":"Malta","localized":"Malta"},"my":{"code":"MM","native":"Myanmar (Burma)","localized":"Myanmar (Birmania)"},"nb":{"code":"NO","native":"Norge","localized":"Noruega"},"ne":{"code":"NP","native":"Nepal","localized":"Nepal"},"nl":{"code":"NL","native":"Nederland","localized":"Países Bajos"},"nn":{"code":"NO","native":"Noreg","localized":"Noruega"},"oc":{"code":"FR","native":"France","localized":"Francia"},"om":{"code":"ET","native":"Ethiopia","localized":"Etiopía"},"or":{"code":"IN","native":"India","localized":"India"},"pa":{"code":"IN","native":"India","localized":"India"},"pl":{"code":"PL","native":"Polska","localized":"Polonia"},"ps":{"code":"AF","native":"Afghanistan","localized":"Afganistán"},"pt":{"code":"BR","native":"Brasil","localized":"Brasil"},"pt_BR":{"code":"BR","native":"Brasil","localized":"Brasil"},"qu":{"code":"PE","native":"Peru","localized":"Perú"},"ro":{"code":"RO","native":"România","localized":"Rumanía"},"ru":{"code":"RU","native":"Россия","localized":"Rusia"},"rw":{"code":"RW","native":"Rwanda","localized":"Ruanda"},"sa":{"code":"IN","native":"India","localized":"India"},"sc":{"code":"IT","native":"Italy","localized":"Italia"},"sd":{"code":"PK","native":"Pakistan","localized":"Pakistán"},"si":{"code":"LK","native":"Sri Lanka","localized":"Sri Lanka"},"sk":{"code":"SK","native":"Slovensko","localized":"Eslovaquia"},"sl":{"code":"SI","native":"Slovenija","localized":"Eslovenia"},"sn":{"code":"ZW","native":"Zimbabwe","localized":"Zimbabue"},"so":{"code":"SO","native":"Somalia","localized":"Somalia"},"sq":{"code":"AL","native":"Albania","localized":"Albania"},"sr_Cyrl":{"code":"RS","native":"Србија","localized":"Serbia"},"sr_Latn":{"code":"RS","native":"Serbia","localized":"Serbia"},"sr_Latn_ME":{"code":"ME","native":"Montenegro","localized":"Montenegro"},"su":{"code":"ID","native":"Indonesia","localized":"Indonesia"},"sv":{"code":"SE","native":"Sverige","localized":"Suecia"},"sw":{"code":"TZ","native":"Tanzania","localized":"Tanzania"},"ta":{"code":"IN","native":"India","localized":"India"},"te":{"code":"IN","native":"India","localized":"India"},"tg":{"code":"TJ","native":"Tajikistan","localized":"Tayikistán"},"th":{"code":"TH","native":"ไทย","localized":"Tailandia"},"ti":{"code":"ET","native":"Ethiopia","localized":"Etiopía"},"tk":{"code":"TM","native":"Turkmenistan","localized":"Turkmenistán"},"tl":{"code":"PH","native":"Philippines","localized":"Filipinas"},"tr":{"code":"TR","native":"Türkiye","localized":"Turquía"},"tt":{"code":"RU","native":"Russia","localized":"Rusia"},"ug":{"code":"CN","native":"China","localized":"China"},"uk":{"code":"UA","native":"Україна","localized":"Ucrania"},"ur":{"code":"PK","native":"Pakistan","localized":"Pakistán"},"uz_Cyrl":{"code":"UZ","native":"Uzbekistan","localized":"Uzbekistán"},"uz_Latn":{"code":"UZ","native":"Uzbekistan","localized":"Uzbekistán"},"vi":{"code":"VN","native":"Việt Nam","localized":"Vietnam"},"xh":{"code":"ZA","native":"South Africa","localized":"Sudáfrica"},"yi":{"code":"001","native":"World","localized":"Mundo"},"yo":{"code":"NG","native":"Nigeria","localized":"Nigeria"},"zh_CN":{"code":"CN","native":"中国","localized":"China"},"zh_HK":{"code":"HK","native":"中国香港特别行政区","localized":"Rae De Hong Kong (China)"},"zh_TW":{"code":"TW","native":"台湾","localized":"Taiwán"},"zu":{"code":"ZA","native":"South Africa","localized":"Sudáfrica"}}
