{"af":{"code":"ZA","native":"South Africa","localized":"Etelä-Afrikka"},"ak":{"code":"GH","native":"Ghana","localized":"Ghana"},"am":{"code":"ET","native":"Ethiopia","localized":"Etiopia"},"ar":{"code":"EG","native":"مصر","localized":"Egypti"},"as":{"code":"IN","native":"India","localized":"Intia"},"az":{"code":"AZ","native":"Azerbaijan","localized":"Azerbaidžan"},"be":{"code":"BY","native":"Belarus","localized":"Valko-Venäjä"},"bg":{"code":"BG","native":"Bulgaria","localized":"Bulgaria"},"bho":{"code":"IN","native":"India","localized":"Intia"},"bm":{"code":"ML","native":"Mali","localized":"Mali"},"bn":{"code":"BD","native":"Bangladesh","localized":"Bangladesh"},"bs":{"code":"BA","native":"Bosnia & Herzegovina","localized":"Bosnia Ja Hertsegovina"},"ca":{"code":"ES","native":"Espanya","localized":"Espanja"},"ceb":{"code":"PH","native":"Philippines","localized":"Filippiinit"},"ckb":{"code":"IQ","native":"Iraq","localized":"Irak"},"cs":{"code":"CZ","native":"Česko","localized":"Tšekki"},"cy":{"code":"GB","native":"United Kingdom","localized":"Iso-Britannia"},"da":{"code":"DK","native":"Danmark","localized":"Tanska"},"de":{"code":"DE","native":"Deutschland","localized":"Saksa"},"de_AT":{"code":"AT","native":"Österreich","localized":"Itävalta"},"de_CH":{"code":"CH","native":"Schweiz","localized":"Sveitsi"},"doi":{"code":"IN","native":"India","localized":"Intia"},"ee":{"code":"GH","native":"Ghana","localized":"Ghana"},"el":{"code":"GR","native":"Ελλάδα","localized":"Kreikka"},"en":{"code":"US","native":"United States","localized":"Yhdysvallat"},"en_CA":{"code":"CA","native":"Canada","localized":"Kanada"},"eo":{"code":"001","native":"World","localized":"Maailma"},"es":{"code":"ES","native":"España","localized":"Espanja"},"et":{"code":"EE","native":"Estonia","localized":"Viro"},"eu":{"code":"ES","native":"Spain","localized":"Espanja"},"fa":{"code":"IR","native":"Iran","localized":"Iran"},"fi":{"code":"FI","native":"Suomi","localized":"Suomi"},"fil":{"code":"PH","native":"Philippines","localized":"Filippiinit"},"fr":{"code":"FR","native":"France","localized":"Ranska"},"fy":{"code":"NL","native":"Netherlands","localized":"Alankomaat"},"ga":{"code":"IE","native":"Ireland","localized":"Irlanti"},"gd":{"code":"GB","native":"United Kingdom","localized":"Iso-Britannia"},"gl":{"code":"ES","native":"Spain","localized":"Espanja"},"gu":{"code":"IN","native":"India","localized":"Intia"},"ha":{"code":"NG","native":"Nigeria","localized":"Nigeria"},"haw":{"code":"US","native":"United States","localized":"Yhdysvallat"},"he":{"code":"IL","native":"ישראל","localized":"Israel"},"hi":{"code":"IN","native":"भारत","localized":"Intia"},"hr":{"code":"HR","native":"Hrvatska","localized":"Kroatia"},"ht":{"code":"HT","native":"Haïti","localized":"Haiti"},"hu":{"code":"HU","native":"Magyarország","localized":"Unkari"},"hy":{"code":"AM","native":"Armenia","localized":"Armenia"},"id":{"code":"ID","native":"Indonesia","localized":"Indonesia"},"ig":{"code":"NG","native":"Nigeria","localized":"Nigeria"},"is":{"code":"IS","native":"Iceland","localized":"Islanti"},"it":{"code":"IT","native":"Italia","localized":"Italia"},"ja":{"code":"JP","native":"日本","localized":"Japani"},"ka":{"code":"GE","native":"Georgia","localized":"Georgia"},"kk":{"code":"KZ","native":"Kazakhstan","localized":"Kazakstan"},"km":{"code":"KH","native":"Cambodia","localized":"Kambodža"},"kn":{"code":"IN","native":"India","localized":"Intia"},"ko":{"code":"KR","native":"대한민국","localized":"Etelä-Korea"},"ku":{"code":"TR","native":"Turkey","localized":"Turkki"},"ky":{"code":"KG","native":"Kyrgyzstan","localized":"Kirgisia"},"lb":{"code":"LU","native":"Luxembourg","localized":"Luxemburg"},"lg":{"code":"UG","native":"Uganda","localized":"Uganda"},"ln":{"code":"CD","native":"Congo - Kinshasa","localized":"Kongon Demokraattinen Tasavalta"},"lo":{"code":"LA","native":"Laos","localized":"Laos"},"lt":{"code":"LT","native":"Lithuania","localized":"Liettua"},"lv":{"code":"LV","native":"Latvia","localized":"Latvia"},"mai":{"code":"IN","native":"India","localized":"Intia"},"mg":{"code":"MG","native":"Madagascar","localized":"Madagaskar"},"mi":{"code":"NZ","native":"New Zealand","localized":"Uusi-Seelanti"},"mk":{"code":"MK","native":"North Macedonia","localized":"Pohjois-Makedonia"},"ml":{"code":"IN","native":"India","localized":"Intia"},"mn":{"code":"MN","native":"Mongolia","localized":"Mongolia"},"mni_Mtei":{"code":"IN","native":"India","localized":"Intia"},"mr":{"code":"IN","native":"India","localized":"Intia"},"ms":{"code":"MY","native":"Malaysia","localized":"Malesia"},"mt":{"code":"MT","native":"Malta","localized":"Malta"},"my":{"code":"MM","native":"Myanmar (Burma)","localized":"Myanmar (Burma)"},"nb":{"code":"NO","native":"Norge","localized":"Norja"},"ne":{"code":"NP","native":"Nepal","localized":"Nepal"},"nl":{"code":"NL","native":"Nederland","localized":"Alankomaat"},"nn":{"code":"NO","native":"Noreg","localized":"Norja"},"oc":{"code":"FR","native":"France","localized":"Ranska"},"om":{"code":"ET","native":"Ethiopia","localized":"Etiopia"},"or":{"code":"IN","native":"India","localized":"Intia"},"pa":{"code":"IN","native":"India","localized":"Intia"},"pl":{"code":"PL","native":"Polska","localized":"Puola"},"ps":{"code":"AF","native":"Afghanistan","localized":"Afganistan"},"pt":{"code":"BR","native":"Brasil","localized":"Brasilia"},"pt_BR":{"code":"BR","native":"Brasil","localized":"Brasilia"},"qu":{"code":"PE","native":"Peru","localized":"Peru"},"ro":{"code":"RO","native":"România","localized":"Romania"},"ru":{"code":"RU","native":"Россия","localized":"Venäjä"},"rw":{"code":"RW","native":"Rwanda","localized":"Ruanda"},"sa":{"code":"IN","native":"India","localized":"Intia"},"sc":{"code":"IT","native":"Italy","localized":"Italia"},"sd":{"code":"PK","native":"Pakistan","localized":"Pakistan"},"si":{"code":"LK","native":"Sri Lanka","localized":"Sri Lanka"},"sk":{"code":"SK","native":"Slovensko","localized":"Slovakia"},"sl":{"code":"SI","native":"Slovenija","localized":"Slovenia"},"sn":{"code":"ZW","native":"Zimbabwe","localized":"Zimbabwe"},"so":{"code":"SO","native":"Somalia","localized":"Somalia"},"sq":{"code":"AL","native":"Albania","localized":"Albania"},"sr_Cyrl":{"code":"RS","native":"Србија","localized":"Serbia"},"sr_Latn":{"code":"RS","native":"Serbia","localized":"Serbia"},"sr_Latn_ME":{"code":"ME","native":"Montenegro","localized":"Montenegro"},"su":{"code":"ID","native":"Indonesia","localized":"Indonesia"},"sv":{"code":"SE","native":"Sverige","localized":"Ruotsi"},"sw":{"code":"TZ","native":"Tanzania","localized":"Tansania"},"ta":{"code":"IN","native":"India","localized":"Intia"},"te":{"code":"IN","native":"India","localized":"Intia"},"tg":{"code":"TJ","native":"Tajikistan","localized":"Tadžikistan"},"th":{"code":"TH","native":"ไทย","localized":"Thaimaa"},"ti":{"code":"ET","native":"Ethiopia","localized":"Etiopia"},"tk":{"code":"TM","native":"Turkmenistan","localized":"Turkmenistan"},"tl":{"code":"PH","native":"Philippines","localized":"Filippiinit"},"tr":{"code":"TR","native":"Türkiye","localized":"Turkki"},"tt":{"code":"RU","native":"Russia","localized":"Venäjä"},"ug":{"code":"CN","native":"China","localized":"Kiina"},"uk":{"code":"UA","native":"Україна","localized":"Ukraina"},"ur":{"code":"PK","native":"Pakistan","localized":"Pakistan"},"uz_Cyrl":{"code":"UZ","native":"Uzbekistan","localized":"Uzbekistan"},"uz_Latn":{"code":"UZ","native":"Uzbekistan","localized":"Uzbekistan"},"vi":{"code":"VN","native":"Việt Nam","localized":"Vietnam"},"xh":{"code":"ZA","native":"South Africa","localized":"Etelä-Afrikka"},"yi":{"code":"001","native":"World","localized":"Maailma"},"yo":{"code":"NG","native":"Nigeria","localized":"Nigeria"},"zh_CN":{"code":"CN","native":"中国","localized":"Kiina"},"zh_HK":{"code":"HK","native":"中国香港特别行政区","localized":"Hongkong – Kiinan Erityishallintoalue"},"zh_TW":{"code":"TW","native":"台湾","localized":"Taiwan"},"zu":{"code":"ZA","native":"South Africa","localized":"Etelä-Afrikka"}}
