{"af":{"code":"ZA","native":"South Africa","localized":"Afrique Du Sud"},"ak":{"code":"GH","native":"Ghana","localized":"Ghana"},"am":{"code":"ET","native":"Ethiopia","localized":"Éthiopie"},"ar":{"code":"EG","native":"مصر","localized":"Égypte"},"as":{"code":"IN","native":"India","localized":"Inde"},"az":{"code":"AZ","native":"Azerbaijan","localized":"Azerbaïdjan"},"be":{"code":"BY","native":"Belarus","localized":"Biélorussie"},"bg":{"code":"BG","native":"Bulgaria","localized":"Bulgarie"},"bho":{"code":"IN","native":"India","localized":"Inde"},"bm":{"code":"ML","native":"Mali","localized":"Mali"},"bn":{"code":"BD","native":"Bangladesh","localized":"Bangladesh"},"bs":{"code":"BA","native":"Bosnia & Herzegovina","localized":"Bosnie-Herzégovine"},"ca":{"code":"ES","native":"Espanya","localized":"Espagne"},"ceb":{"code":"PH","native":"Philippines","localized":"Philippines"},"ckb":{"code":"IQ","native":"Iraq","localized":"Irak"},"cs":{"code":"CZ","native":"Česko","localized":"Tchéquie"},"cy":{"code":"GB","native":"United Kingdom","localized":"Royaume-Uni"},"da":{"code":"DK","native":"Danmark","localized":"Danemark"},"de":{"code":"DE","native":"Deutschland","localized":"Allemagne"},"de_AT":{"code":"AT","native":"Österreich","localized":"Autriche"},"de_CH":{"code":"CH","native":"Schweiz","localized":"Suisse"},"doi":{"code":"IN","native":"India","localized":"Inde"},"ee":{"code":"GH","native":"Ghana","localized":"Ghana"},"el":{"code":"GR","native":"Ελλάδα","localized":"Grèce"},"en":{"code":"US","native":"United States","localized":"États-Unis"},"en_CA":{"code":"CA","native":"Canada","localized":"Canada"},"eo":{"code":"001","native":"World","localized":"Monde"},"es":{"code":"ES","native":"España","localized":"Espagne"},"et":{"code":"EE","native":"Estonia","localized":"Estonie"},"eu":{"code":"ES","native":"Spain","localized":"Espagne"},"fa":{"code":"IR","native":"Iran","localized":"Iran"},"fi":{"code":"FI","native":"Suomi","localized":"Finlande"},"fil":{"code":"PH","native":"Philippines","localized":"Philippines"},"fr":{"code":"FR","native":"France","localized":"France"},"fy":{"code":"NL","native":"Netherlands","localized":"Pays-Bas"},"ga":{"code":"IE","native":"Ireland","localized":"Irlande"},"gd":{"code":"GB","native":"United Kingdom","localized":"Royaume-Uni"},"gl":{"code":"ES","native":"Spain","localized":"Espagne"},"gu":{"code":"IN","native":"India","localized":"Inde"},"ha":{"code":"NG","native":"Nigeria","localized":"Nigeria"},"haw":{"code":"US","native":"United States","localized":"États-Unis"},"he":{"code":"IL","native":"ישראל","localized":"Israël"},"hi":{"code":"IN","native":"भारत","localized":"Inde"},"hr":{"code":"HR","native":"Hrvatska","localized":"Croatie"},"ht":{"code":"HT","native":"Haïti","localized":"Haïti"},"hu":{"code":"HU","native":"Magyarország","localized":"Hongrie"},"hy":{"code":"AM","native":"Armenia","localized":"Arménie"},"id":{"code":"ID","native":"Indonesia","localized":"Indonésie"},"ig":{"code":"NG","native":"Nigeria","localized":"Nigeria"},"is":{"code":"IS","native":"Iceland","localized":"Islande"},"it":{"code":"IT","native":"Italia","localized":"Italie"},"ja":{"code":"JP","native":"日本","localized":"Japon"},"ka":{"code":"GE","native":"Georgia","localized":"Géorgie"},"kk":{"code":"KZ","native":"Kazakhstan","localized":"Kazakhstan"},"km":{"code":"KH","native":"Cambodia","localized":"Cambodge"},"kn":{"code":"IN","native":"India","localized":"Inde"},"ko":{"code":"KR","native":"대한민국","localized":"Corée Du Sud"},"ku":{"code":"TR","native":"Turkey","localized":"Turquie"},"ky":{"code":"KG","native":"Kyrgyzstan","localized":"Kirghizstan"},"lb":{"code":"LU","native":"Luxembourg","localized":"Luxembourg"},"lg":{"code":"UG","native":"Uganda","localized":"Ouganda"},"ln":{"code":"CD","native":"Congo - Kinshasa","localized":"Congo-Kinshasa"},"lo":{"code":"LA","native":"Laos","localized":"Laos"},"lt":{"code":"LT","native":"Lithuania","localized":"Lituanie"},"lv":{"code":"LV","native":"Latvia","localized":"Lettonie"},"mai":{"code":"IN","native":"India","localized":"Inde"},"mg":{"code":"MG","native":"Madagascar","localized":"Madagascar"},"mi":{"code":"NZ","native":"New Zealand","localized":"Nouvelle-Zélande"},"mk":{"code":"MK","native":"North Macedonia","localized":"Macédoine Du Nord"},"ml":{"code":"IN","native":"India","localized":"Inde"},"mn":{"code":"MN","native":"Mongolia","localized":"Mongolie"},"mni_Mtei":{"code":"IN","native":"India","localized":"Inde"},"mr":{"code":"IN","native":"India","localized":"Inde"},"ms":{"code":"MY","native":"Malaysia","localized":"Malaisie"},"mt":{"code":"MT","native":"Malta","localized":"Malte"},"my":{"code":"MM","native":"Myanmar (Burma)","localized":"Myanmar (Birmanie)"},"nb":{"code":"NO","native":"Norge","localized":"Norvège"},"ne":{"code":"NP","native":"Nepal","localized":"Népal"},"nl":{"code":"NL","native":"Nederland","localized":"Pays-Bas"},"nn":{"code":"NO","native":"Noreg","localized":"Norvège"},"oc":{"code":"FR","native":"France","localized":"France"},"om":{"code":"ET","native":"Ethiopia","localized":"Éthiopie"},"or":{"code":"IN","native":"India","localized":"Inde"},"pa":{"code":"IN","native":"India","localized":"Inde"},"pl":{"code":"PL","native":"Polska","localized":"Pologne"},"ps":{"code":"AF","native":"Afghanistan","localized":"Afghanistan"},"pt":{"code":"BR","native":"Brasil","localized":"Brésil"},"pt_BR":{"code":"BR","native":"Brasil","localized":"Brésil"},"qu":{"code":"PE","native":"Peru","localized":"Pérou"},"ro":{"code":"RO","native":"România","localized":"Roumanie"},"ru":{"code":"RU","native":"Россия","localized":"Russie"},"rw":{"code":"RW","native":"Rwanda","localized":"Rwanda"},"sa":{"code":"IN","native":"India","localized":"Inde"},"sc":{"code":"IT","native":"Italy","localized":"Italie"},"sd":{"code":"PK","native":"Pakistan","localized":"Pakistan"},"si":{"code":"LK","native":"Sri Lanka","localized":"Sri Lanka"},"sk":{"code":"SK","native":"Slovensko","localized":"Slovaquie"},"sl":{"code":"SI","native":"Slovenija","localized":"Slovénie"},"sn":{"code":"ZW","native":"Zimbabwe","localized":"Zimbabwe"},"so":{"code":"SO","native":"Somalia","localized":"Somalie"},"sq":{"code":"AL","native":"Albania","localized":"Albanie"},"sr_Cyrl":{"code":"RS","native":"Србија","localized":"Serbie"},"sr_Latn":{"code":"RS","native":"Serbia","localized":"Serbie"},"sr_Latn_ME":{"code":"ME","native":"Montenegro","localized":"Monténégro"},"su":{"code":"ID","native":"Indonesia","localized":"Indonésie"},"sv":{"code":"SE","native":"Sverige","localized":"Suède"},"sw":{"code":"TZ","native":"Tanzania","localized":"Tanzanie"},"ta":{"code":"IN","native":"India","localized":"Inde"},"te":{"code":"IN","native":"India","localized":"Inde"},"tg":{"code":"TJ","native":"Tajikistan","localized":"Tadjikistan"},"th":{"code":"TH","native":"ไทย","localized":"Thaïlande"},"ti":{"code":"ET","native":"Ethiopia","localized":"Éthiopie"},"tk":{"code":"TM","native":"Turkmenistan","localized":"Turkménistan"},"tl":{"code":"PH","native":"Philippines","localized":"Philippines"},"tr":{"code":"TR","native":"Türkiye","localized":"Turquie"},"tt":{"code":"RU","native":"Russia","localized":"Russie"},"ug":{"code":"CN","native":"China","localized":"Chine"},"uk":{"code":"UA","native":"Україна","localized":"Ukraine"},"ur":{"code":"PK","native":"Pakistan","localized":"Pakistan"},"uz_Cyrl":{"code":"UZ","native":"Uzbekistan","localized":"Ouzbékistan"},"uz_Latn":{"code":"UZ","native":"Uzbekistan","localized":"Ouzbékistan"},"vi":{"code":"VN","native":"Việt Nam","localized":"Viêt Nam"},"xh":{"code":"ZA","native":"South Africa","localized":"Afrique Du Sud"},"yi":{"code":"001","native":"World","localized":"Monde"},"yo":{"code":"NG","native":"Nigeria","localized":"Nigeria"},"zh_CN":{"code":"CN","native":"中国","localized":"Chine"},"zh_HK":{"code":"HK","native":"中国香港特别行政区","localized":"R.a.s. Chinoise De Hong Kong"},"zh_TW":{"code":"TW","native":"台湾","localized":"Taïwan"},"zu":{"code":"ZA","native":"South Africa","localized":"Afrique Du Sud"}}
