{"af":{"code":"ZA","native":"South Africa","localized":"דרום אפריקה"},"ak":{"code":"GH","native":"Ghana","localized":"גאנה"},"am":{"code":"ET","native":"Ethiopia","localized":"אתיופיה"},"ar":{"code":"EG","native":"مصر","localized":"מצרים"},"as":{"code":"IN","native":"India","localized":"הודו"},"az":{"code":"AZ","native":"Azerbaijan","localized":"אזרבייג׳ן"},"be":{"code":"BY","native":"Belarus","localized":"בלארוס"},"bg":{"code":"BG","native":"Bulgaria","localized":"בולגריה"},"bho":{"code":"IN","native":"India","localized":"הודו"},"bm":{"code":"ML","native":"Mali","localized":"מאלי"},"bn":{"code":"BD","native":"Bangladesh","localized":"בנגלדש"},"bs":{"code":"BA","native":"Bosnia & Herzegovina","localized":"בוסניה והרצגובינה"},"ca":{"code":"ES","native":"Espanya","localized":"ספרד"},"ceb":{"code":"PH","native":"Philippines","localized":"הפיליפינים"},"ckb":{"code":"IQ","native":"Iraq","localized":"עיראק"},"cs":{"code":"CZ","native":"Česko","localized":"צ׳כיה"},"cy":{"code":"GB","native":"United Kingdom","localized":"בריטניה"},"da":{"code":"DK","native":"Danmark","localized":"דנמרק"},"de":{"code":"DE","native":"Deutschland","localized":"גרמניה"},"de_AT":{"code":"AT","native":"Österreich","localized":"אוסטריה"},"de_CH":{"code":"CH","native":"Schweiz","localized":"שווייץ"},"doi":{"code":"IN","native":"India","localized":"הודו"},"ee":{"code":"GH","native":"Ghana","localized":"גאנה"},"el":{"code":"GR","native":"Ελλάδα","localized":"יוון"},"en":{"code":"US","native":"United States","localized":"ארצות הברית"},"en_CA":{"code":"CA","native":"Canada","localized":"קנדה"},"eo":{"code":"001","native":"World","localized":"העולם"},"es":{"code":"ES","native":"España","localized":"ספרד"},"et":{"code":"EE","native":"Estonia","localized":"אסטוניה"},"eu":{"code":"ES","native":"Spain","localized":"ספרד"},"fa":{"code":"IR","native":"Iran","localized":"איראן"},"fi":{"code":"FI","native":"Suomi","localized":"פינלנד"},"fil":{"code":"PH","native":"Philippines","localized":"הפיליפינים"},"fr":{"code":"FR","native":"France","localized":"צרפת"},"fy":{"code":"NL","native":"Netherlands","localized":"הולנד"},"ga":{"code":"IE","native":"Ireland","localized":"אירלנד"},"gd":{"code":"GB","native":"United Kingdom","localized":"בריטניה"},"gl":{"code":"ES","native":"Spain","localized":"ספרד"},"gu":{"code":"IN","native":"India","localized":"הודו"},"ha":{"code":"NG","native":"Nigeria","localized":"ניגריה"},"haw":{"code":"US","native":"United States","localized":"ארצות הברית"},"he":{"code":"IL","native":"ישראל","localized":"ישראל"},"hi":{"code":"IN","native":"भारत","localized":"הודו"},"hr":{"code":"HR","native":"Hrvatska","localized":"קרואטיה"},"ht":{"code":"HT","native":"Haïti","localized":"האיטי"},"hu":{"code":"HU","native":"Magyarország","localized":"הונגריה"},"hy":{"code":"AM","native":"Armenia","localized":"ארמניה"},"id":{"code":"ID","native":"Indonesia","localized":"אינדונזיה"},"ig":{"code":"NG","native":"Nigeria","localized":"ניגריה"},"is":{"code":"IS","native":"Iceland","localized":"איסלנד"},"it":{"code":"IT","native":"Italia","localized":"איטליה"},"ja":{"code":"JP","native":"日本","localized":"יפן"},"ka":{"code":"GE","native":"Georgia","localized":"גאורגיה"},"kk":{"code":"KZ","native":"Kazakhstan","localized":"קזחסטן"},"km":{"code":"KH","native":"Cambodia","localized":"קמבודיה"},"kn":{"code":"IN","native":"India","localized":"הודו"},"ko":{"code":"KR","native":"대한민국","localized":"קוריאה הדרומית"},"ku":{"code":"TR","native":"Turkey","localized":"טורקיה"},"ky":{"code":"KG","native":"Kyrgyzstan","localized":"קירגיזסטן"},"lb":{"code":"LU","native":"Luxembourg","localized":"לוקסמבורג"},"lg":{"code":"UG","native":"Uganda","localized":"אוגנדה"},"ln":{"code":"CD","native":"Congo - Kinshasa","localized":"קונגו - קינשאסה"},"lo":{"code":"LA","native":"Laos","localized":"לאוס"},"lt":{"code":"LT","native":"Lithuania","localized":"ליטא"},"lv":{"code":"LV","native":"Latvia","localized":"לטביה"},"mai":{"code":"IN","native":"India","localized":"הודו"},"mg":{"code":"MG","native":"Madagascar","localized":"מדגסקר"},"mi":{"code":"NZ","native":"New Zealand","localized":"ניו זילנד"},"mk":{"code":"MK","native":"North Macedonia","localized":"מקדוניה הצפונית"},"ml":{"code":"IN","native":"India","localized":"הודו"},"mn":{"code":"MN","native":"Mongolia","localized":"מונגוליה"},"mni_Mtei":{"code":"IN","native":"India","localized":"הודו"},"mr":{"code":"IN","native":"India","localized":"הודו"},"ms":{"code":"MY","native":"Malaysia","localized":"מלזיה"},"mt":{"code":"MT","native":"Malta","localized":"מלטה"},"my":{"code":"MM","native":"Myanmar (Burma)","localized":"מיאנמר (בורמה)"},"nb":{"code":"NO","native":"Norge","localized":"נורווגיה"},"ne":{"code":"NP","native":"Nepal","localized":"נפאל"},"nl":{"code":"NL","native":"Nederland","localized":"הולנד"},"nn":{"code":"NO","native":"Noreg","localized":"נורווגיה"},"oc":{"code":"FR","native":"France","localized":"צרפת"},"om":{"code":"ET","native":"Ethiopia","localized":"אתיופיה"},"or":{"code":"IN","native":"India","localized":"הודו"},"pa":{"code":"IN","native":"India","localized":"הודו"},"pl":{"code":"PL","native":"Polska","localized":"פולין"},"ps":{"code":"AF","native":"Afghanistan","localized":"אפגניסטן"},"pt":{"code":"BR","native":"Brasil","localized":"ברזיל"},"pt_BR":{"code":"BR","native":"Brasil","localized":"ברזיל"},"qu":{"code":"PE","native":"Peru","localized":"פרו"},"ro":{"code":"RO","native":"România","localized":"רומניה"},"ru":{"code":"RU","native":"Россия","localized":"רוסיה"},"rw":{"code":"RW","native":"Rwanda","localized":"רואנדה"},"sa":{"code":"IN","native":"India","localized":"הודו"},"sc":{"code":"IT","native":"Italy","localized":"איטליה"},"sd":{"code":"PK","native":"Pakistan","localized":"פקיסטן"},"si":{"code":"LK","native":"Sri Lanka","localized":"סרי לנקה"},"sk":{"code":"SK","native":"Slovensko","localized":"סלובקיה"},"sl":{"code":"SI","native":"Slovenija","localized":"סלובניה"},"sn":{"code":"ZW","native":"Zimbabwe","localized":"זימבבואה"},"so":{"code":"SO","native":"Somalia","localized":"סומליה"},"sq":{"code":"AL","native":"Albania","localized":"אלבניה"},"sr_Cyrl":{"code":"RS","native":"Србија","localized":"סרביה"},"sr_Latn":{"code":"RS","native":"Serbia","localized":"סרביה"},"sr_Latn_ME":{"code":"ME","native":"Montenegro","localized":"מונטנגרו"},"su":{"code":"ID","native":"Indonesia","localized":"אינדונזיה"},"sv":{"code":"SE","native":"Sverige","localized":"שוודיה"},"sw":{"code":"TZ","native":"Tanzania","localized":"טנזניה"},"ta":{"code":"IN","native":"India","localized":"הודו"},"te":{"code":"IN","native":"India","localized":"הודו"},"tg":{"code":"TJ","native":"Tajikistan","localized":"טג׳יקיסטן"},"th":{"code":"TH","native":"ไทย","localized":"תאילנד"},"ti":{"code":"ET","native":"Ethiopia","localized":"אתיופיה"},"tk":{"code":"TM","native":"Turkmenistan","localized":"טורקמניסטן"},"tl":{"code":"PH","native":"Philippines","localized":"הפיליפינים"},"tr":{"code":"TR","native":"Türkiye","localized":"טורקיה"},"tt":{"code":"RU","native":"Russia","localized":"רוסיה"},"ug":{"code":"CN","native":"China","localized":"סין"},"uk":{"code":"UA","native":"Україна","localized":"אוקראינה"},"ur":{"code":"PK","native":"Pakistan","localized":"פקיסטן"},"uz_Cyrl":{"code":"UZ","native":"Uzbekistan","localized":"אוזבקיסטן"},"uz_Latn":{"code":"UZ","native":"Uzbekistan","localized":"אוזבקיסטן"},"vi":{"code":"VN","native":"Việt Nam","localized":"וייטנאם"},"xh":{"code":"ZA","native":"South Africa","localized":"דרום אפריקה"},"yi":{"code":"001","native":"World","localized":"העולם"},"yo":{"code":"NG","native":"Nigeria","localized":"ניגריה"},"zh_CN":{"code":"CN","native":"中国","localized":"סין"},"zh_HK":{"code":"HK","native":"中国香港特别行政区","localized":"הונג קונג (אזור מנהלי מיוחד של סין)"},"zh_TW":{"code":"TW","native":"台湾","localized":"טייוואן"},"zu":{"code":"ZA","native":"South Africa","localized":"דרום אפריקה"}}
