{"af":{"code":"ZA","native":"South Africa","localized":"दक्षिण अफ़्रीका"},"ak":{"code":"GH","native":"Ghana","localized":"घाना"},"am":{"code":"ET","native":"Ethiopia","localized":"इथियोपिया"},"ar":{"code":"EG","native":"مصر","localized":"मिस्र"},"as":{"code":"IN","native":"India","localized":"भारत"},"az":{"code":"AZ","native":"Azerbaijan","localized":"अज़रबैजान"},"be":{"code":"BY","native":"Belarus","localized":"बेलारूस"},"bg":{"code":"BG","native":"Bulgaria","localized":"बुल्गारिया"},"bho":{"code":"IN","native":"India","localized":"भारत"},"bm":{"code":"ML","native":"Mali","localized":"माली"},"bn":{"code":"BD","native":"Bangladesh","localized":"बांग्लादेश"},"bs":{"code":"BA","native":"Bosnia & Herzegovina","localized":"बोस्निया और हर्ज़ेगोविना"},"ca":{"code":"ES","native":"Espanya","localized":"स्पेन"},"ceb":{"code":"PH","native":"Philippines","localized":"फ़िलिपींस"},"ckb":{"code":"IQ","native":"Iraq","localized":"इराक"},"cs":{"code":"CZ","native":"Česko","localized":"चेकिया"},"cy":{"code":"GB","native":"United Kingdom","localized":"यूनाइटेड किंगडम"},"da":{"code":"DK","native":"Danmark","localized":"डेनमार्क"},"de":{"code":"DE","native":"Deutschland","localized":"जर्मनी"},"de_AT":{"code":"AT","native":"Österreich","localized":"ऑस्ट्रिया"},"de_CH":{"code":"CH","native":"Schweiz","localized":"स्विट्ज़रलैंड"},"doi":{"code":"IN","native":"India","localized":"भारत"},"ee":{"code":"GH","native":"Ghana","localized":"घाना"},"el":{"code":"GR","native":"Ελλάδα","localized":"यूनान"},"en":{"code":"US","native":"United States","localized":"संयुक्त राज्य"},"en_CA":{"code":"CA","native":"Canada","localized":"कनाडा"},"eo":{"code":"001","native":"World","localized":"विश्व"},"es":{"code":"ES","native":"España","localized":"स्पेन"},"et":{"code":"EE","native":"Estonia","localized":"एस्टोनिया"},"eu":{"code":"ES","native":"Spain","localized":"स्पेन"},"fa":{"code":"IR","native":"Iran","localized":"ईरान"},"fi":{"code":"FI","native":"Suomi","localized":"फ़िनलैंड"},"fil":{"code":"PH","native":"Philippines","localized":"फ़िलिपींस"},"fr":{"code":"FR","native":"France","localized":"फ़्रांस"},"fy":{"code":"NL","native":"Netherlands","localized":"नीदरलैंड"},"ga":{"code":"IE","native":"Ireland","localized":"आयरलैंड"},"gd":{"code":"GB","native":"United Kingdom","localized":"यूनाइटेड किंगडम"},"gl":{"code":"ES","native":"Spain","localized":"स्पेन"},"gu":{"code":"IN","native":"India","localized":"भारत"},"ha":{"code":"NG","native":"Nigeria","localized":"नाइजीरिया"},"haw":{"code":"US","native":"United States","localized":"संयुक्त राज्य"},"he":{"code":"IL","native":"ישראל","localized":"इज़राइल"},"hi":{"code":"IN","native":"भारत","localized":"भारत"},"hr":{"code":"HR","native":"Hrvatska","localized":"क्रोएशिया"},"ht":{"code":"HT","native":"Haïti","localized":"हैती"},"hu":{"code":"HU","native":"Magyarország","localized":"हंगरी"},"hy":{"code":"AM","native":"Armenia","localized":"आर्मेनिया"},"id":{"code":"ID","native":"Indonesia","localized":"इंडोनेशिया"},"ig":{"code":"NG","native":"Nigeria","localized":"नाइजीरिया"},"is":{"code":"IS","native":"Iceland","localized":"आइसलैंड"},"it":{"code":"IT","native":"Italia","localized":"इटली"},"ja":{"code":"JP","native":"日本","localized":"जापान"},"ka":{"code":"GE","native":"Georgia","localized":"जॉर्जिया"},"kk":{"code":"KZ","native":"Kazakhstan","localized":"कज़ाखस्तान"},"km":{"code":"KH","native":"Cambodia","localized":"कंबोडिया"},"kn":{"code":"IN","native":"India","localized":"भारत"},"ko":{"code":"KR","native":"대한민국","localized":"दक्षिण कोरिया"},"ku":{"code":"TR","native":"Turkey","localized":"तुर्की"},"ky":{"code":"KG","native":"Kyrgyzstan","localized":"किर्गिज़स्तान"},"lb":{"code":"LU","native":"Luxembourg","localized":"लग्ज़मबर्ग"},"lg":{"code":"UG","native":"Uganda","localized":"युगांडा"},"ln":{"code":"CD","native":"Congo - Kinshasa","localized":"कांगो - किंशासा"},"lo":{"code":"LA","native":"Laos","localized":"लाओस"},"lt":{"code":"LT","native":"Lithuania","localized":"लिथुआनिया"},"lv":{"code":"LV","native":"Latvia","localized":"लातविया"},"mai":{"code":"IN","native":"India","localized":"भारत"},"mg":{"code":"MG","native":"Madagascar","localized":"मेडागास्कर"},"mi":{"code":"NZ","native":"New Zealand","localized":"न्यूज़ीलैंड"},"mk":{"code":"MK","native":"North Macedonia","localized":"उत्तरी मकदूनिया"},"ml":{"code":"IN","native":"India","localized":"भारत"},"mn":{"code":"MN","native":"Mongolia","localized":"मंगोलिया"},"mni_Mtei":{"code":"IN","native":"India","localized":"भारत"},"mr":{"code":"IN","native":"India","localized":"भारत"},"ms":{"code":"MY","native":"Malaysia","localized":"मलेशिया"},"mt":{"code":"MT","native":"Malta","localized":"माल्टा"},"my":{"code":"MM","native":"Myanmar (Burma)","localized":"म्यांमार (बर्मा)"},"nb":{"code":"NO","native":"Norge","localized":"नॉर्वे"},"ne":{"code":"NP","native":"Nepal","localized":"नेपाल"},"nl":{"code":"NL","native":"Nederland","localized":"नीदरलैंड"},"nn":{"code":"NO","native":"Noreg","localized":"नॉर्वे"},"oc":{"code":"FR","native":"France","localized":"फ़्रांस"},"om":{"code":"ET","native":"Ethiopia","localized":"इथियोपिया"},"or":{"code":"IN","native":"India","localized":"भारत"},"pa":{"code":"IN","native":"India","localized":"भारत"},"pl":{"code":"PL","native":"Polska","localized":"पोलैंड"},"ps":{"code":"AF","native":"Afghanistan","localized":"अफ़गानिस्तान"},"pt":{"code":"BR","native":"Brasil","localized":"ब्राज़ील"},"pt_BR":{"code":"BR","native":"Brasil","localized":"ब्राज़ील"},"qu":{"code":"PE","native":"Peru","localized":"पेरू"},"ro":{"code":"RO","native":"România","localized":"रोमानिया"},"ru":{"code":"RU","native":"Россия","localized":"रूस"},"rw":{"code":"RW","native":"Rwanda","localized":"रवांडा"},"sa":{"code":"IN","native":"India","localized":"भारत"},"sc":{"code":"IT","native":"Italy","localized":"इटली"},"sd":{"code":"PK","native":"Pakistan","localized":"पाकिस्तान"},"si":{"code":"LK","native":"Sri Lanka","localized":"श्रीलंका"},"sk":{"code":"SK","native":"Slovensko","localized":"स्लोवाकिया"},"sl":{"code":"SI","native":"Slovenija","localized":"स्लोवेनिया"},"sn":{"code":"ZW","native":"Zimbabwe","localized":"ज़िम्बाब्वे"},"so":{"code":"SO","native":"Somalia","localized":"सोमालिया"},"sq":{"code":"AL","native":"Albania","localized":"अल्बानिया"},"sr_Cyrl":{"code":"RS","native":"Србија","localized":"सर्बिया"},"sr_Latn":{"code":"RS","native":"Serbia","localized":"सर्बिया"},"sr_Latn_ME":{"code":"ME","native":"Montenegro","localized":"मोंटेनेग्रो"},"su":{"code":"ID","native":"Indonesia","localized":"इंडोनेशिया"},"sv":{"code":"SE","native":"Sverige","localized":"स्वीडन"},"sw":{"code":"TZ","native":"Tanzania","localized":"तंज़ानिया"},"ta":{"code":"IN","native":"India","localized":"भारत"},"te":{"code":"IN","native":"India","localized":"भारत"},"tg":{"code":"TJ","native":"Tajikistan","localized":"ताजिकिस्तान"},"th":{"code":"TH","native":"ไทย","localized":"थाईलैंड"},"ti":{"code":"ET","native":"Ethiopia","localized":"इथियोपिया"},"tk":{"code":"TM","native":"Turkmenistan","localized":"तुर्कमेनिस्तान"},"tl":{"code":"PH","native":"Philippines","localized":"फ़िलिपींस"},"tr":{"code":"TR","native":"Türkiye","localized":"तुर्की"},"tt":{"code":"RU","native":"Russia","localized":"रूस"},"ug":{"code":"CN","native":"China","localized":"चीन"},"uk":{"code":"UA","native":"Україна","localized":"यूक्रेन"},"ur":{"code":"PK","native":"Pakistan","localized":"पाकिस्तान"},"uz_Cyrl":{"code":"UZ","native":"Uzbekistan","localized":"उज़्बेकिस्तान"},"uz_Latn":{"code":"UZ","native":"Uzbekistan","localized":"उज़्बेकिस्तान"},"vi":{"code":"VN","native":"Việt Nam","localized":"वियतनाम"},"xh":{"code":"ZA","native":"South Africa","localized":"दक्षिण अफ़्रीका"},"yi":{"code":"001","native":"World","localized":"विश्व"},"yo":{"code":"NG","native":"Nigeria","localized":"नाइजीरिया"},"zh_CN":{"code":"CN","native":"中国","localized":"चीन"},"zh_HK":{"code":"HK","native":"中国香港特别行政区","localized":"हाँग काँग (चीन विशेष प्रशासनिक क्षेत्र)"},"zh_TW":{"code":"TW","native":"台湾","localized":"ताइवान"},"zu":{"code":"ZA","native":"South Africa","localized":"दक्षिण अफ़्रीका"}}
