{"af":{"code":"ZA","native":"South Africa","localized":"Južnoafrička Republika"},"ak":{"code":"GH","native":"Ghana","localized":"Gana"},"am":{"code":"ET","native":"Ethiopia","localized":"Etiopija"},"ar":{"code":"EG","native":"مصر","localized":"Egipat"},"as":{"code":"IN","native":"India","localized":"Indija"},"az":{"code":"AZ","native":"Azerbaijan","localized":"Azerbajdžan"},"be":{"code":"BY","native":"Belarus","localized":"Bjelorusija"},"bg":{"code":"BG","native":"Bulgaria","localized":"Bugarska"},"bho":{"code":"IN","native":"India","localized":"Indija"},"bm":{"code":"ML","native":"Mali","localized":"Mali"},"bn":{"code":"BD","native":"Bangladesh","localized":"Bangladeš"},"bs":{"code":"BA","native":"Bosnia & Herzegovina","localized":"Bosna I Hercegovina"},"ca":{"code":"ES","native":"Espanya","localized":"Španjolska"},"ceb":{"code":"PH","native":"Philippines","localized":"Filipini"},"ckb":{"code":"IQ","native":"Iraq","localized":"Irak"},"cs":{"code":"CZ","native":"Česko","localized":"Češka"},"cy":{"code":"GB","native":"United Kingdom","localized":"Ujedinjeno Kraljevstvo"},"da":{"code":"DK","native":"Danmark","localized":"Danska"},"de":{"code":"DE","native":"Deutschland","localized":"Njemačka"},"de_AT":{"code":"AT","native":"Österreich","localized":"Austrija"},"de_CH":{"code":"CH","native":"Schweiz","localized":"Švicarska"},"doi":{"code":"IN","native":"India","localized":"Indija"},"ee":{"code":"GH","native":"Ghana","localized":"Gana"},"el":{"code":"GR","native":"Ελλάδα","localized":"Grčka"},"en":{"code":"US","native":"United States","localized":"Sjedinjene Američke Države"},"en_CA":{"code":"CA","native":"Canada","localized":"Kanada"},"eo":{"code":"001","native":"World","localized":"Svijet"},"es":{"code":"ES","native":"España","localized":"Španjolska"},"et":{"code":"EE","native":"Estonia","localized":"Estonija"},"eu":{"code":"ES","native":"Spain","localized":"Španjolska"},"fa":{"code":"IR","native":"Iran","localized":"Iran"},"fi":{"code":"FI","native":"Suomi","localized":"Finska"},"fil":{"code":"PH","native":"Philippines","localized":"Filipini"},"fr":{"code":"FR","native":"France","localized":"Francuska"},"fy":{"code":"NL","native":"Netherlands","localized":"Nizozemska"},"ga":{"code":"IE","native":"Ireland","localized":"Irska"},"gd":{"code":"GB","native":"United Kingdom","localized":"Ujedinjeno Kraljevstvo"},"gl":{"code":"ES","native":"Spain","localized":"Španjolska"},"gu":{"code":"IN","native":"India","localized":"Indija"},"ha":{"code":"NG","native":"Nigeria","localized":"Nigerija"},"haw":{"code":"US","native":"United States","localized":"Sjedinjene Američke Države"},"he":{"code":"IL","native":"ישראל","localized":"Izrael"},"hi":{"code":"IN","native":"भारत","localized":"Indija"},"hr":{"code":"HR","native":"Hrvatska","localized":"Hrvatska"},"ht":{"code":"HT","native":"Haïti","localized":"Haiti"},"hu":{"code":"HU","native":"Magyarország","localized":"Mađarska"},"hy":{"code":"AM","native":"Armenia","localized":"Armenija"},"id":{"code":"ID","native":"Indonesia","localized":"Indonezija"},"ig":{"code":"NG","native":"Nigeria","localized":"Nigerija"},"is":{"code":"IS","native":"Iceland","localized":"Island"},"it":{"code":"IT","native":"Italia","localized":"Italija"},"ja":{"code":"JP","native":"日本","localized":"Japan"},"ka":{"code":"GE","native":"Georgia","localized":"Gruzija"},"kk":{"code":"KZ","native":"Kazakhstan","localized":"Kazahstan"},"km":{"code":"KH","native":"Cambodia","localized":"Kambodža"},"kn":{"code":"IN","native":"India","localized":"Indija"},"ko":{"code":"KR","native":"대한민국","localized":"Južna Koreja"},"ku":{"code":"TR","native":"Turkey","localized":"Turska"},"ky":{"code":"KG","native":"Kyrgyzstan","localized":"Kirgistan"},"lb":{"code":"LU","native":"Luxembourg","localized":"Luksemburg"},"lg":{"code":"UG","native":"Uganda","localized":"Uganda"},"ln":{"code":"CD","native":"Congo - Kinshasa","localized":"Kongo - Kinshasa"},"lo":{"code":"LA","native":"Laos","localized":"Laos"},"lt":{"code":"LT","native":"Lithuania","localized":"Litva"},"lv":{"code":"LV","native":"Latvia","localized":"Latvija"},"mai":{"code":"IN","native":"India","localized":"Indija"},"mg":{"code":"MG","native":"Madagascar","localized":"Madagaskar"},"mi":{"code":"NZ","native":"New Zealand","localized":"Novi Zeland"},"mk":{"code":"MK","native":"North Macedonia","localized":"Sjeverna Makedonija"},"ml":{"code":"IN","native":"India","localized":"Indija"},"mn":{"code":"MN","native":"Mongolia","localized":"Mongolija"},"mni_Mtei":{"code":"IN","native":"India","localized":"Indija"},"mr":{"code":"IN","native":"India","localized":"Indija"},"ms":{"code":"MY","native":"Malaysia","localized":"Malezija"},"mt":{"code":"MT","native":"Malta","localized":"Malta"},"my":{"code":"MM","native":"Myanmar (Burma)","localized":"Mjanmar (Burma)"},"nb":{"code":"NO","native":"Norge","localized":"Norveška"},"ne":{"code":"NP","native":"Nepal","localized":"Nepal"},"nl":{"code":"NL","native":"Nederland","localized":"Nizozemska"},"nn":{"code":"NO","native":"Noreg","localized":"Norveška"},"oc":{"code":"FR","native":"France","localized":"Francuska"},"om":{"code":"ET","native":"Ethiopia","localized":"Etiopija"},"or":{"code":"IN","native":"India","localized":"Indija"},"pa":{"code":"IN","native":"India","localized":"Indija"},"pl":{"code":"PL","native":"Polska","localized":"Poljska"},"ps":{"code":"AF","native":"Afghanistan","localized":"Afganistan"},"pt":{"code":"BR","native":"Brasil","localized":"Brazil"},"pt_BR":{"code":"BR","native":"Brasil","localized":"Brazil"},"qu":{"code":"PE","native":"Peru","localized":"Peru"},"ro":{"code":"RO","native":"România","localized":"Rumunjska"},"ru":{"code":"RU","native":"Россия","localized":"Rusija"},"rw":{"code":"RW","native":"Rwanda","localized":"Ruanda"},"sa":{"code":"IN","native":"India","localized":"Indija"},"sc":{"code":"IT","native":"Italy","localized":"Italija"},"sd":{"code":"PK","native":"Pakistan","localized":"Pakistan"},"si":{"code":"LK","native":"Sri Lanka","localized":"Šri Lanka"},"sk":{"code":"SK","native":"Slovensko","localized":"Slovačka"},"sl":{"code":"SI","native":"Slovenija","localized":"Slovenija"},"sn":{"code":"ZW","native":"Zimbabwe","localized":"Zimbabve"},"so":{"code":"SO","native":"Somalia","localized":"Somalija"},"sq":{"code":"AL","native":"Albania","localized":"Albanija"},"sr_Cyrl":{"code":"RS","native":"Србија","localized":"Srbija"},"sr_Latn":{"code":"RS","native":"Serbia","localized":"Srbija"},"sr_Latn_ME":{"code":"ME","native":"Montenegro","localized":"Crna Gora"},"su":{"code":"ID","native":"Indonesia","localized":"Indonezija"},"sv":{"code":"SE","native":"Sverige","localized":"Švedska"},"sw":{"code":"TZ","native":"Tanzania","localized":"Tanzanija"},"ta":{"code":"IN","native":"India","localized":"Indija"},"te":{"code":"IN","native":"India","localized":"Indija"},"tg":{"code":"TJ","native":"Tajikistan","localized":"Tadžikistan"},"th":{"code":"TH","native":"ไทย","localized":"Tajland"},"ti":{"code":"ET","native":"Ethiopia","localized":"Etiopija"},"tk":{"code":"TM","native":"Turkmenistan","localized":"Turkmenistan"},"tl":{"code":"PH","native":"Philippines","localized":"Filipini"},"tr":{"code":"TR","native":"Türkiye","localized":"Turska"},"tt":{"code":"RU","native":"Russia","localized":"Rusija"},"ug":{"code":"CN","native":"China","localized":"Kina"},"uk":{"code":"UA","native":"Україна","localized":"Ukrajina"},"ur":{"code":"PK","native":"Pakistan","localized":"Pakistan"},"uz_Cyrl":{"code":"UZ","native":"Uzbekistan","localized":"Uzbekistan"},"uz_Latn":{"code":"UZ","native":"Uzbekistan","localized":"Uzbekistan"},"vi":{"code":"VN","native":"Việt Nam","localized":"Vijetnam"},"xh":{"code":"ZA","native":"South Africa","localized":"Južnoafrička Republika"},"yi":{"code":"001","native":"World","localized":"Svijet"},"yo":{"code":"NG","native":"Nigeria","localized":"Nigerija"},"zh_CN":{"code":"CN","native":"中国","localized":"Kina"},"zh_HK":{"code":"HK","native":"中国香港特别行政区","localized":"Pup Hong Kong Kina"},"zh_TW":{"code":"TW","native":"台湾","localized":"Tajvan"},"zu":{"code":"ZA","native":"South Africa","localized":"Južnoafrička Republika"}}
