{"af":{"code":"ZA","native":"South Africa","localized":"Dél-Afrikai Köztársaság"},"ak":{"code":"GH","native":"Ghana","localized":"Ghána"},"am":{"code":"ET","native":"Ethiopia","localized":"Etiópia"},"ar":{"code":"EG","native":"مصر","localized":"Egyiptom"},"as":{"code":"IN","native":"India","localized":"India"},"az":{"code":"AZ","native":"Azerbaijan","localized":"Azerbajdzsán"},"be":{"code":"BY","native":"Belarus","localized":"Belarusz"},"bg":{"code":"BG","native":"Bulgaria","localized":"Bulgária"},"bho":{"code":"IN","native":"India","localized":"India"},"bm":{"code":"ML","native":"Mali","localized":"Mali"},"bn":{"code":"BD","native":"Bangladesh","localized":"Banglades"},"bs":{"code":"BA","native":"Bosnia & Herzegovina","localized":"Bosznia-Hercegovina"},"ca":{"code":"ES","native":"Espanya","localized":"Spanyolország"},"ceb":{"code":"PH","native":"Philippines","localized":"Fülöp-Szigetek"},"ckb":{"code":"IQ","native":"Iraq","localized":"Irak"},"cs":{"code":"CZ","native":"Česko","localized":"Csehország"},"cy":{"code":"GB","native":"United Kingdom","localized":"Egyesült Királyság"},"da":{"code":"DK","native":"Danmark","localized":"Dánia"},"de":{"code":"DE","native":"Deutschland","localized":"Németország"},"de_AT":{"code":"AT","native":"Österreich","localized":"Ausztria"},"de_CH":{"code":"CH","native":"Schweiz","localized":"Svájc"},"doi":{"code":"IN","native":"India","localized":"India"},"ee":{"code":"GH","native":"Ghana","localized":"Ghána"},"el":{"code":"GR","native":"Ελλάδα","localized":"Görögország"},"en":{"code":"US","native":"United States","localized":"Egyesült Államok"},"en_CA":{"code":"CA","native":"Canada","localized":"Kanada"},"eo":{"code":"001","native":"World","localized":"Világ"},"es":{"code":"ES","native":"España","localized":"Spanyolország"},"et":{"code":"EE","native":"Estonia","localized":"Észtország"},"eu":{"code":"ES","native":"Spain","localized":"Spanyolország"},"fa":{"code":"IR","native":"Iran","localized":"Irán"},"fi":{"code":"FI","native":"Suomi","localized":"Finnország"},"fil":{"code":"PH","native":"Philippines","localized":"Fülöp-Szigetek"},"fr":{"code":"FR","native":"France","localized":"Franciaország"},"fy":{"code":"NL","native":"Netherlands","localized":"Hollandia"},"ga":{"code":"IE","native":"Ireland","localized":"Írország"},"gd":{"code":"GB","native":"United Kingdom","localized":"Egyesült Királyság"},"gl":{"code":"ES","native":"Spain","localized":"Spanyolország"},"gu":{"code":"IN","native":"India","localized":"India"},"ha":{"code":"NG","native":"Nigeria","localized":"Nigéria"},"haw":{"code":"US","native":"United States","localized":"Egyesült Államok"},"he":{"code":"IL","native":"ישראל","localized":"Izrael"},"hi":{"code":"IN","native":"भारत","localized":"India"},"hr":{"code":"HR","native":"Hrvatska","localized":"Horvátország"},"ht":{"code":"HT","native":"Haïti","localized":"Haiti"},"hu":{"code":"HU","native":"Magyarország","localized":"Magyarország"},"hy":{"code":"AM","native":"Armenia","localized":"Örményország"},"id":{"code":"ID","native":"Indonesia","localized":"Indonézia"},"ig":{"code":"NG","native":"Nigeria","localized":"Nigéria"},"is":{"code":"IS","native":"Iceland","localized":"Izland"},"it":{"code":"IT","native":"Italia","localized":"Olaszország"},"ja":{"code":"JP","native":"日本","localized":"Japán"},"ka":{"code":"GE","native":"Georgia","localized":"Grúzia"},"kk":{"code":"KZ","native":"Kazakhstan","localized":"Kazahsztán"},"km":{"code":"KH","native":"Cambodia","localized":"Kambodzsa"},"kn":{"code":"IN","native":"India","localized":"India"},"ko":{"code":"KR","native":"대한민국","localized":"Dél-Korea"},"ku":{"code":"TR","native":"Turkey","localized":"Törökország"},"ky":{"code":"KG","native":"Kyrgyzstan","localized":"Kirgizisztán"},"lb":{"code":"LU","native":"Luxembourg","localized":"Luxemburg"},"lg":{"code":"UG","native":"Uganda","localized":"Uganda"},"ln":{"code":"CD","native":"Congo - Kinshasa","localized":"Kongó – Kinshasa"},"lo":{"code":"LA","native":"Laos","localized":"Laosz"},"lt":{"code":"LT","native":"Lithuania","localized":"Litvánia"},"lv":{"code":"LV","native":"Latvia","localized":"Lettország"},"mai":{"code":"IN","native":"India","localized":"India"},"mg":{"code":"MG","native":"Madagascar","localized":"Madagaszkár"},"mi":{"code":"NZ","native":"New Zealand","localized":"Új-Zéland"},"mk":{"code":"MK","native":"North Macedonia","localized":"Észak-Macedónia"},"ml":{"code":"IN","native":"India","localized":"India"},"mn":{"code":"MN","native":"Mongolia","localized":"Mongólia"},"mni_Mtei":{"code":"IN","native":"India","localized":"India"},"mr":{"code":"IN","native":"India","localized":"India"},"ms":{"code":"MY","native":"Malaysia","localized":"Malajzia"},"mt":{"code":"MT","native":"Malta","localized":"Málta"},"my":{"code":"MM","native":"Myanmar (Burma)","localized":"Mianmar"},"nb":{"code":"NO","native":"Norge","localized":"Norvégia"},"ne":{"code":"NP","native":"Nepal","localized":"Nepál"},"nl":{"code":"NL","native":"Nederland","localized":"Hollandia"},"nn":{"code":"NO","native":"Noreg","localized":"Norvégia"},"oc":{"code":"FR","native":"France","localized":"Franciaország"},"om":{"code":"ET","native":"Ethiopia","localized":"Etiópia"},"or":{"code":"IN","native":"India","localized":"India"},"pa":{"code":"IN","native":"India","localized":"India"},"pl":{"code":"PL","native":"Polska","localized":"Lengyelország"},"ps":{"code":"AF","native":"Afghanistan","localized":"Afganisztán"},"pt":{"code":"BR","native":"Brasil","localized":"Brazília"},"pt_BR":{"code":"BR","native":"Brasil","localized":"Brazília"},"qu":{"code":"PE","native":"Peru","localized":"Peru"},"ro":{"code":"RO","native":"România","localized":"Románia"},"ru":{"code":"RU","native":"Россия","localized":"Oroszország"},"rw":{"code":"RW","native":"Rwanda","localized":"Ruanda"},"sa":{"code":"IN","native":"India","localized":"India"},"sc":{"code":"IT","native":"Italy","localized":"Olaszország"},"sd":{"code":"PK","native":"Pakistan","localized":"Pakisztán"},"si":{"code":"LK","native":"Sri Lanka","localized":"Srí Lanka"},"sk":{"code":"SK","native":"Slovensko","localized":"Szlovákia"},"sl":{"code":"SI","native":"Slovenija","localized":"Szlovénia"},"sn":{"code":"ZW","native":"Zimbabwe","localized":"Zimbabwe"},"so":{"code":"SO","native":"Somalia","localized":"Szomália"},"sq":{"code":"AL","native":"Albania","localized":"Albánia"},"sr_Cyrl":{"code":"RS","native":"Србија","localized":"Szerbia"},"sr_Latn":{"code":"RS","native":"Serbia","localized":"Szerbia"},"sr_Latn_ME":{"code":"ME","native":"Montenegro","localized":"Montenegró"},"su":{"code":"ID","native":"Indonesia","localized":"Indonézia"},"sv":{"code":"SE","native":"Sverige","localized":"Svédország"},"sw":{"code":"TZ","native":"Tanzania","localized":"Tanzánia"},"ta":{"code":"IN","native":"India","localized":"India"},"te":{"code":"IN","native":"India","localized":"India"},"tg":{"code":"TJ","native":"Tajikistan","localized":"Tádzsikisztán"},"th":{"code":"TH","native":"ไทย","localized":"Thaiföld"},"ti":{"code":"ET","native":"Ethiopia","localized":"Etiópia"},"tk":{"code":"TM","native":"Turkmenistan","localized":"Türkmenisztán"},"tl":{"code":"PH","native":"Philippines","localized":"Fülöp-Szigetek"},"tr":{"code":"TR","native":"Türkiye","localized":"Törökország"},"tt":{"code":"RU","native":"Russia","localized":"Oroszország"},"ug":{"code":"CN","native":"China","localized":"Kína"},"uk":{"code":"UA","native":"Україна","localized":"Ukrajna"},"ur":{"code":"PK","native":"Pakistan","localized":"Pakisztán"},"uz_Cyrl":{"code":"UZ","native":"Uzbekistan","localized":"Üzbegisztán"},"uz_Latn":{"code":"UZ","native":"Uzbekistan","localized":"Üzbegisztán"},"vi":{"code":"VN","native":"Việt Nam","localized":"Vietnám"},"xh":{"code":"ZA","native":"South Africa","localized":"Dél-Afrikai Köztársaság"},"yi":{"code":"001","native":"World","localized":"Világ"},"yo":{"code":"NG","native":"Nigeria","localized":"Nigéria"},"zh_CN":{"code":"CN","native":"中国","localized":"Kína"},"zh_HK":{"code":"HK","native":"中国香港特别行政区","localized":"Hongkong Kkt"},"zh_TW":{"code":"TW","native":"台湾","localized":"Tajvan"},"zu":{"code":"ZA","native":"South Africa","localized":"Dél-Afrikai Köztársaság"}}
