{"af":{"code":"ZA","native":"South Africa","localized":"Sudafrica"},"ak":{"code":"GH","native":"Ghana","localized":"Ghana"},"am":{"code":"ET","native":"Ethiopia","localized":"Etiopia"},"ar":{"code":"EG","native":"مصر","localized":"Egitto"},"as":{"code":"IN","native":"India","localized":"India"},"az":{"code":"AZ","native":"Azerbaijan","localized":"Azerbaigian"},"be":{"code":"BY","native":"Belarus","localized":"Bielorussia"},"bg":{"code":"BG","native":"Bulgaria","localized":"Bulgaria"},"bho":{"code":"IN","native":"India","localized":"India"},"bm":{"code":"ML","native":"Mali","localized":"Mali"},"bn":{"code":"BD","native":"Bangladesh","localized":"Bangladesh"},"bs":{"code":"BA","native":"Bosnia & Herzegovina","localized":"Bosnia Ed Erzegovina"},"ca":{"code":"ES","native":"Espanya","localized":"Spagna"},"ceb":{"code":"PH","native":"Philippines","localized":"Filippine"},"ckb":{"code":"IQ","native":"Iraq","localized":"Iraq"},"cs":{"code":"CZ","native":"Česko","localized":"Cechia"},"cy":{"code":"GB","native":"United Kingdom","localized":"Regno Unito"},"da":{"code":"DK","native":"Danmark","localized":"Danimarca"},"de":{"code":"DE","native":"Deutschland","localized":"Germania"},"de_AT":{"code":"AT","native":"Österreich","localized":"Austria"},"de_CH":{"code":"CH","native":"Schweiz","localized":"Svizzera"},"doi":{"code":"IN","native":"India","localized":"India"},"ee":{"code":"GH","native":"Ghana","localized":"Ghana"},"el":{"code":"GR","native":"Ελλάδα","localized":"Grecia"},"en":{"code":"US","native":"United States","localized":"Stati Uniti"},"en_CA":{"code":"CA","native":"Canada","localized":"Canada"},"eo":{"code":"001","native":"World","localized":"Mondo"},"es":{"code":"ES","native":"España","localized":"Spagna"},"et":{"code":"EE","native":"Estonia","localized":"Estonia"},"eu":{"code":"ES","native":"Spain","localized":"Spagna"},"fa":{"code":"IR","native":"Iran","localized":"Iran"},"fi":{"code":"FI","native":"Suomi","localized":"Finlandia"},"fil":{"code":"PH","native":"Philippines","localized":"Filippine"},"fr":{"code":"FR","native":"France","localized":"Francia"},"fy":{"code":"NL","native":"Netherlands","localized":"Paesi Bassi"},"ga":{"code":"IE","native":"Ireland","localized":"Irlanda"},"gd":{"code":"GB","native":"United Kingdom","localized":"Regno Unito"},"gl":{"code":"ES","native":"Spain","localized":"Spagna"},"gu":{"code":"IN","native":"India","localized":"India"},"ha":{"code":"NG","native":"Nigeria","localized":"Nigeria"},"haw":{"code":"US","native":"United States","localized":"Stati Uniti"},"he":{"code":"IL","native":"ישראל","localized":"Israele"},"hi":{"code":"IN","native":"भारत","localized":"India"},"hr":{"code":"HR","native":"Hrvatska","localized":"Croazia"},"ht":{"code":"HT","native":"Haïti","localized":"Haiti"},"hu":{"code":"HU","native":"Magyarország","localized":"Ungheria"},"hy":{"code":"AM","native":"Armenia","localized":"Armenia"},"id":{"code":"ID","native":"Indonesia","localized":"Indonesia"},"ig":{"code":"NG","native":"Nigeria","localized":"Nigeria"},"is":{"code":"IS","native":"Iceland","localized":"Islanda"},"it":{"code":"IT","native":"Italia","localized":"Italia"},"ja":{"code":"JP","native":"日本","localized":"Giappone"},"ka":{"code":"GE","native":"Georgia","localized":"Georgia"},"kk":{"code":"KZ","native":"Kazakhstan","localized":"Kazakistan"},"km":{"code":"KH","native":"Cambodia","localized":"Cambogia"},"kn":{"code":"IN","native":"India","localized":"India"},"ko":{"code":"KR","native":"대한민국","localized":"Corea Del Sud"},"ku":{"code":"TR","native":"Turkey","localized":"Turchia"},"ky":{"code":"KG","native":"Kyrgyzstan","localized":"Kirghizistan"},"lb":{"code":"LU","native":"Luxembourg","localized":"Lussemburgo"},"lg":{"code":"UG","native":"Uganda","localized":"Uganda"},"ln":{"code":"CD","native":"Congo - Kinshasa","localized":"Congo - Kinshasa"},"lo":{"code":"LA","native":"Laos","localized":"Laos"},"lt":{"code":"LT","native":"Lithuania","localized":"Lituania"},"lv":{"code":"LV","native":"Latvia","localized":"Lettonia"},"mai":{"code":"IN","native":"India","localized":"India"},"mg":{"code":"MG","native":"Madagascar","localized":"Madagascar"},"mi":{"code":"NZ","native":"New Zealand","localized":"Nuova Zelanda"},"mk":{"code":"MK","native":"North Macedonia","localized":"Macedonia Del Nord"},"ml":{"code":"IN","native":"India","localized":"India"},"mn":{"code":"MN","native":"Mongolia","localized":"Mongolia"},"mni_Mtei":{"code":"IN","native":"India","localized":"India"},"mr":{"code":"IN","native":"India","localized":"India"},"ms":{"code":"MY","native":"Malaysia","localized":"Malaysia"},"mt":{"code":"MT","native":"Malta","localized":"Malta"},"my":{"code":"MM","native":"Myanmar (Burma)","localized":"Myanmar (Birmania)"},"nb":{"code":"NO","native":"Norge","localized":"Norvegia"},"ne":{"code":"NP","native":"Nepal","localized":"Nepal"},"nl":{"code":"NL","native":"Nederland","localized":"Paesi Bassi"},"nn":{"code":"NO","native":"Noreg","localized":"Norvegia"},"oc":{"code":"FR","native":"France","localized":"Francia"},"om":{"code":"ET","native":"Ethiopia","localized":"Etiopia"},"or":{"code":"IN","native":"India","localized":"India"},"pa":{"code":"IN","native":"India","localized":"India"},"pl":{"code":"PL","native":"Polska","localized":"Polonia"},"ps":{"code":"AF","native":"Afghanistan","localized":"Afghanistan"},"pt":{"code":"BR","native":"Brasil","localized":"Brasile"},"pt_BR":{"code":"BR","native":"Brasil","localized":"Brasile"},"qu":{"code":"PE","native":"Peru","localized":"Perù"},"ro":{"code":"RO","native":"România","localized":"Romania"},"ru":{"code":"RU","native":"Россия","localized":"Russia"},"rw":{"code":"RW","native":"Rwanda","localized":"Ruanda"},"sa":{"code":"IN","native":"India","localized":"India"},"sc":{"code":"IT","native":"Italy","localized":"Italia"},"sd":{"code":"PK","native":"Pakistan","localized":"Pakistan"},"si":{"code":"LK","native":"Sri Lanka","localized":"Sri Lanka"},"sk":{"code":"SK","native":"Slovensko","localized":"Slovacchia"},"sl":{"code":"SI","native":"Slovenija","localized":"Slovenia"},"sn":{"code":"ZW","native":"Zimbabwe","localized":"Zimbabwe"},"so":{"code":"SO","native":"Somalia","localized":"Somalia"},"sq":{"code":"AL","native":"Albania","localized":"Albania"},"sr_Cyrl":{"code":"RS","native":"Србија","localized":"Serbia"},"sr_Latn":{"code":"RS","native":"Serbia","localized":"Serbia"},"sr_Latn_ME":{"code":"ME","native":"Montenegro","localized":"Montenegro"},"su":{"code":"ID","native":"Indonesia","localized":"Indonesia"},"sv":{"code":"SE","native":"Sverige","localized":"Svezia"},"sw":{"code":"TZ","native":"Tanzania","localized":"Tanzania"},"ta":{"code":"IN","native":"India","localized":"India"},"te":{"code":"IN","native":"India","localized":"India"},"tg":{"code":"TJ","native":"Tajikistan","localized":"Tagikistan"},"th":{"code":"TH","native":"ไทย","localized":"Thailandia"},"ti":{"code":"ET","native":"Ethiopia","localized":"Etiopia"},"tk":{"code":"TM","native":"Turkmenistan","localized":"Turkmenistan"},"tl":{"code":"PH","native":"Philippines","localized":"Filippine"},"tr":{"code":"TR","native":"Türkiye","localized":"Turchia"},"tt":{"code":"RU","native":"Russia","localized":"Russia"},"ug":{"code":"CN","native":"China","localized":"Cina"},"uk":{"code":"UA","native":"Україна","localized":"Ucraina"},"ur":{"code":"PK","native":"Pakistan","localized":"Pakistan"},"uz_Cyrl":{"code":"UZ","native":"Uzbekistan","localized":"Uzbekistan"},"uz_Latn":{"code":"UZ","native":"Uzbekistan","localized":"Uzbekistan"},"vi":{"code":"VN","native":"Việt Nam","localized":"Vietnam"},"xh":{"code":"ZA","native":"South Africa","localized":"Sudafrica"},"yi":{"code":"001","native":"World","localized":"Mondo"},"yo":{"code":"NG","native":"Nigeria","localized":"Nigeria"},"zh_CN":{"code":"CN","native":"中国","localized":"Cina"},"zh_HK":{"code":"HK","native":"中国香港特别行政区","localized":"Ras Di Hong Kong"},"zh_TW":{"code":"TW","native":"台湾","localized":"Taiwan"},"zu":{"code":"ZA","native":"South Africa","localized":"Sudafrica"}}
