{"af":{"code":"ZA","native":"South Africa","localized":"南アフリカ"},"ak":{"code":"GH","native":"Ghana","localized":"ガーナ"},"am":{"code":"ET","native":"Ethiopia","localized":"エチオピア"},"ar":{"code":"EG","native":"مصر","localized":"エジプト"},"as":{"code":"IN","native":"India","localized":"インド"},"az":{"code":"AZ","native":"Azerbaijan","localized":"アゼルバイジャン"},"be":{"code":"BY","native":"Belarus","localized":"ベラルーシ"},"bg":{"code":"BG","native":"Bulgaria","localized":"ブルガリア"},"bho":{"code":"IN","native":"India","localized":"インド"},"bm":{"code":"ML","native":"Mali","localized":"マリ"},"bn":{"code":"BD","native":"Bangladesh","localized":"バングラデシュ"},"bs":{"code":"BA","native":"Bosnia & Herzegovina","localized":"ボスニア・ヘルツェゴビナ"},"ca":{"code":"ES","native":"Espanya","localized":"スペイン"},"ceb":{"code":"PH","native":"Philippines","localized":"フィリピン"},"ckb":{"code":"IQ","native":"Iraq","localized":"イラク"},"cs":{"code":"CZ","native":"Česko","localized":"チェコ"},"cy":{"code":"GB","native":"United Kingdom","localized":"イギリス"},"da":{"code":"DK","native":"Danmark","localized":"デンマーク"},"de":{"code":"DE","native":"Deutschland","localized":"ドイツ"},"de_AT":{"code":"AT","native":"Österreich","localized":"オーストリア"},"de_CH":{"code":"CH","native":"Schweiz","localized":"スイス"},"doi":{"code":"IN","native":"India","localized":"インド"},"ee":{"code":"GH","native":"Ghana","localized":"ガーナ"},"el":{"code":"GR","native":"Ελλάδα","localized":"ギリシャ"},"en":{"code":"US","native":"United States","localized":"アメリカ合衆国"},"en_CA":{"code":"CA","native":"Canada","localized":"カナダ"},"eo":{"code":"001","native":"World","localized":"世界"},"es":{"code":"ES","native":"España","localized":"スペイン"},"et":{"code":"EE","native":"Estonia","localized":"エストニア"},"eu":{"code":"ES","native":"Spain","localized":"スペイン"},"fa":{"code":"IR","native":"Iran","localized":"イラン"},"fi":{"code":"FI","native":"Suomi","localized":"フィンランド"},"fil":{"code":"PH","native":"Philippines","localized":"フィリピン"},"fr":{"code":"FR","native":"France","localized":"フランス"},"fy":{"code":"NL","native":"Netherlands","localized":"オランダ"},"ga":{"code":"IE","native":"Ireland","localized":"アイルランド"},"gd":{"code":"GB","native":"United Kingdom","localized":"イギリス"},"gl":{"code":"ES","native":"Spain","localized":"スペイン"},"gu":{"code":"IN","native":"India","localized":"インド"},"ha":{"code":"NG","native":"Nigeria","localized":"ナイジェリア"},"haw":{"code":"US","native":"United States","localized":"アメリカ合衆国"},"he":{"code":"IL","native":"ישראל","localized":"イスラエル"},"hi":{"code":"IN","native":"भारत","localized":"インド"},"hr":{"code":"HR","native":"Hrvatska","localized":"クロアチア"},"ht":{"code":"HT","native":"Haïti","localized":"ハイチ"},"hu":{"code":"HU","native":"Magyarország","localized":"ハンガリー"},"hy":{"code":"AM","native":"Armenia","localized":"アルメニア"},"id":{"code":"ID","native":"Indonesia","localized":"インドネシア"},"ig":{"code":"NG","native":"Nigeria","localized":"ナイジェリア"},"is":{"code":"IS","native":"Iceland","localized":"アイスランド"},"it":{"code":"IT","native":"Italia","localized":"イタリア"},"ja":{"code":"JP","native":"日本","localized":"日本"},"ka":{"code":"GE","native":"Georgia","localized":"ジョージア"},"kk":{"code":"KZ","native":"Kazakhstan","localized":"カザフスタン"},"km":{"code":"KH","native":"Cambodia","localized":"カンボジア"},"kn":{"code":"IN","native":"India","localized":"インド"},"ko":{"code":"KR","native":"대한민국","localized":"韓国"},"ku":{"code":"TR","native":"Turkey","localized":"トルコ"},"ky":{"code":"KG","native":"Kyrgyzstan","localized":"キルギス"},"lb":{"code":"LU","native":"Luxembourg","localized":"ルクセンブルク"},"lg":{"code":"UG","native":"Uganda","localized":"ウガンダ"},"ln":{"code":"CD","native":"Congo - Kinshasa","localized":"コンゴ民主共和国(キンシャサ)"},"lo":{"code":"LA","native":"Laos","localized":"ラオス"},"lt":{"code":"LT","native":"Lithuania","localized":"リトアニア"},"lv":{"code":"LV","native":"Latvia","localized":"ラトビア"},"mai":{"code":"IN","native":"India","localized":"インド"},"mg":{"code":"MG","native":"Madagascar","localized":"マダガスカル"},"mi":{"code":"NZ","native":"New Zealand","localized":"ニュージーランド"},"mk":{"code":"MK","native":"North Macedonia","localized":"北マケドニア"},"ml":{"code":"IN","native":"India","localized":"インド"},"mn":{"code":"MN","native":"Mongolia","localized":"モンゴル"},"mni_Mtei":{"code":"IN","native":"India","localized":"インド"},"mr":{"code":"IN","native":"India","localized":"インド"},"ms":{"code":"MY","native":"Malaysia","localized":"マレーシア"},"mt":{"code":"MT","native":"Malta","localized":"マルタ"},"my":{"code":"MM","native":"Myanmar (Burma)","localized":"ミャンマー (ビルマ)"},"nb":{"code":"NO","native":"Norge","localized":"ノルウェー"},"ne":{"code":"NP","native":"Nepal","localized":"ネパール"},"nl":{"code":"NL","native":"Nederland","localized":"オランダ"},"nn":{"code":"NO","native":"Noreg","localized":"ノルウェー"},"oc":{"code":"FR","native":"France","localized":"フランス"},"om":{"code":"ET","native":"Ethiopia","localized":"エチオピア"},"or":{"code":"IN","native":"India","localized":"インド"},"pa":{"code":"IN","native":"India","localized":"インド"},"pl":{"code":"PL","native":"Polska","localized":"ポーランド"},"ps":{"code":"AF","native":"Afghanistan","localized":"アフガニスタン"},"pt":{"code":"BR","native":"Brasil","localized":"ブラジル"},"pt_BR":{"code":"BR","native":"Brasil","localized":"ブラジル"},"qu":{"code":"PE","native":"Peru","localized":"ペルー"},"ro":{"code":"RO","native":"România","localized":"ルーマニア"},"ru":{"code":"RU","native":"Россия","localized":"ロシア"},"rw":{"code":"RW","native":"Rwanda","localized":"ルワンダ"},"sa":{"code":"IN","native":"India","localized":"インド"},"sc":{"code":"IT","native":"Italy","localized":"イタリア"},"sd":{"code":"PK","native":"Pakistan","localized":"パキスタン"},"si":{"code":"LK","native":"Sri Lanka","localized":"スリランカ"},"sk":{"code":"SK","native":"Slovensko","localized":"スロバキア"},"sl":{"code":"SI","native":"Slovenija","localized":"スロベニア"},"sn":{"code":"ZW","native":"Zimbabwe","localized":"ジンバブエ"},"so":{"code":"SO","native":"Somalia","localized":"ソマリア"},"sq":{"code":"AL","native":"Albania","localized":"アルバニア"},"sr_Cyrl":{"code":"RS","native":"Србија","localized":"セルビア"},"sr_Latn":{"code":"RS","native":"Serbia","localized":"セルビア"},"sr_Latn_ME":{"code":"ME","native":"Montenegro","localized":"モンテネグロ"},"su":{"code":"ID","native":"Indonesia","localized":"インドネシア"},"sv":{"code":"SE","native":"Sverige","localized":"スウェーデン"},"sw":{"code":"TZ","native":"Tanzania","localized":"タンザニア"},"ta":{"code":"IN","native":"India","localized":"インド"},"te":{"code":"IN","native":"India","localized":"インド"},"tg":{"code":"TJ","native":"Tajikistan","localized":"タジキスタン"},"th":{"code":"TH","native":"ไทย","localized":"タイ"},"ti":{"code":"ET","native":"Ethiopia","localized":"エチオピア"},"tk":{"code":"TM","native":"Turkmenistan","localized":"トルクメニスタン"},"tl":{"code":"PH","native":"Philippines","localized":"フィリピン"},"tr":{"code":"TR","native":"Türkiye","localized":"トルコ"},"tt":{"code":"RU","native":"Russia","localized":"ロシア"},"ug":{"code":"CN","native":"China","localized":"中国"},"uk":{"code":"UA","native":"Україна","localized":"ウクライナ"},"ur":{"code":"PK","native":"Pakistan","localized":"パキスタン"},"uz_Cyrl":{"code":"UZ","native":"Uzbekistan","localized":"ウズベキスタン"},"uz_Latn":{"code":"UZ","native":"Uzbekistan","localized":"ウズベキスタン"},"vi":{"code":"VN","native":"Việt Nam","localized":"ベトナム"},"xh":{"code":"ZA","native":"South Africa","localized":"南アフリカ"},"yi":{"code":"001","native":"World","localized":"世界"},"yo":{"code":"NG","native":"Nigeria","localized":"ナイジェリア"},"zh_CN":{"code":"CN","native":"中国","localized":"中国"},"zh_HK":{"code":"HK","native":"中国香港特别行政区","localized":"中華人民共和国香港特別行政区"},"zh_TW":{"code":"TW","native":"台湾","localized":"台湾"},"zu":{"code":"ZA","native":"South Africa","localized":"南アフリカ"}}
