{"af":{"code":"ZA","native":"South Africa","localized":"남아프리카"},"ak":{"code":"GH","native":"Ghana","localized":"가나"},"am":{"code":"ET","native":"Ethiopia","localized":"에티오피아"},"ar":{"code":"EG","native":"مصر","localized":"이집트"},"as":{"code":"IN","native":"India","localized":"인도"},"az":{"code":"AZ","native":"Azerbaijan","localized":"아제르바이잔"},"be":{"code":"BY","native":"Belarus","localized":"벨라루스"},"bg":{"code":"BG","native":"Bulgaria","localized":"불가리아"},"bho":{"code":"IN","native":"India","localized":"인도"},"bm":{"code":"ML","native":"Mali","localized":"말리"},"bn":{"code":"BD","native":"Bangladesh","localized":"방글라데시"},"bs":{"code":"BA","native":"Bosnia & Herzegovina","localized":"보스니아 헤르체고비나"},"ca":{"code":"ES","native":"Espanya","localized":"스페인"},"ceb":{"code":"PH","native":"Philippines","localized":"필리핀"},"ckb":{"code":"IQ","native":"Iraq","localized":"이라크"},"cs":{"code":"CZ","native":"Česko","localized":"체코"},"cy":{"code":"GB","native":"United Kingdom","localized":"영국"},"da":{"code":"DK","native":"Danmark","localized":"덴마크"},"de":{"code":"DE","native":"Deutschland","localized":"독일"},"de_AT":{"code":"AT","native":"Österreich","localized":"오스트리아"},"de_CH":{"code":"CH","native":"Schweiz","localized":"스위스"},"doi":{"code":"IN","native":"India","localized":"인도"},"ee":{"code":"GH","native":"Ghana","localized":"가나"},"el":{"code":"GR","native":"Ελλάδα","localized":"그리스"},"en":{"code":"US","native":"United States","localized":"미국"},"en_CA":{"code":"CA","native":"Canada","localized":"캐나다"},"eo":{"code":"001","native":"World","localized":"세계"},"es":{"code":"ES","native":"España","localized":"스페인"},"et":{"code":"EE","native":"Estonia","localized":"에스토니아"},"eu":{"code":"ES","native":"Spain","localized":"스페인"},"fa":{"code":"IR","native":"Iran","localized":"이란"},"fi":{"code":"FI","native":"Suomi","localized":"핀란드"},"fil":{"code":"PH","native":"Philippines","localized":"필리핀"},"fr":{"code":"FR","native":"France","localized":"프랑스"},"fy":{"code":"NL","native":"Netherlands","localized":"네덜란드"},"ga":{"code":"IE","native":"Ireland","localized":"아일랜드"},"gd":{"code":"GB","native":"United Kingdom","localized":"영국"},"gl":{"code":"ES","native":"Spain","localized":"스페인"},"gu":{"code":"IN","native":"India","localized":"인도"},"ha":{"code":"NG","native":"Nigeria","localized":"나이지리아"},"haw":{"code":"US","native":"United States","localized":"미국"},"he":{"code":"IL","native":"ישראל","localized":"이스라엘"},"hi":{"code":"IN","native":"भारत","localized":"인도"},"hr":{"code":"HR","native":"Hrvatska","localized":"크로아티아"},"ht":{"code":"HT","native":"Haïti","localized":"아이티"},"hu":{"code":"HU","native":"Magyarország","localized":"헝가리"},"hy":{"code":"AM","native":"Armenia","localized":"아르메니아"},"id":{"code":"ID","native":"Indonesia","localized":"인도네시아"},"ig":{"code":"NG","native":"Nigeria","localized":"나이지리아"},"is":{"code":"IS","native":"Iceland","localized":"아이슬란드"},"it":{"code":"IT","native":"Italia","localized":"이탈리아"},"ja":{"code":"JP","native":"日本","localized":"일본"},"ka":{"code":"GE","native":"Georgia","localized":"조지아"},"kk":{"code":"KZ","native":"Kazakhstan","localized":"카자흐스탄"},"km":{"code":"KH","native":"Cambodia","localized":"캄보디아"},"kn":{"code":"IN","native":"India","localized":"인도"},"ko":{"code":"KR","native":"대한민국","localized":"대한민국"},"ku":{"code":"TR","native":"Turkey","localized":"터키"},"ky":{"code":"KG","native":"Kyrgyzstan","localized":"키르기스스탄"},"lb":{"code":"LU","native":"Luxembourg","localized":"룩셈부르크"},"lg":{"code":"UG","native":"Uganda","localized":"우간다"},"ln":{"code":"CD","native":"Congo - Kinshasa","localized":"콩고-킨샤사"},"lo":{"code":"LA","native":"Laos","localized":"라오스"},"lt":{"code":"LT","native":"Lithuania","localized":"리투아니아"},"lv":{"code":"LV","native":"Latvia","localized":"라트비아"},"mai":{"code":"IN","native":"India","localized":"인도"},"mg":{"code":"MG","native":"Madagascar","localized":"마다가스카르"},"mi":{"code":"NZ","native":"New Zealand","localized":"뉴질랜드"},"mk":{"code":"MK","native":"North Macedonia","localized":"북마케도니아"},"ml":{"code":"IN","native":"India","localized":"인도"},"mn":{"code":"MN","native":"Mongolia","localized":"몽골"},"mni_Mtei":{"code":"IN","native":"India","localized":"인도"},"mr":{"code":"IN","native":"India","localized":"인도"},"ms":{"code":"MY","native":"Malaysia","localized":"말레이시아"},"mt":{"code":"MT","native":"Malta","localized":"몰타"},"my":{"code":"MM","native":"Myanmar (Burma)","localized":"미얀마"},"nb":{"code":"NO","native":"Norge","localized":"노르웨이"},"ne":{"code":"NP","native":"Nepal","localized":"네팔"},"nl":{"code":"NL","native":"Nederland","localized":"네덜란드"},"nn":{"code":"NO","native":"Noreg","localized":"노르웨이"},"oc":{"code":"FR","native":"France","localized":"프랑스"},"om":{"code":"ET","native":"Ethiopia","localized":"에티오피아"},"or":{"code":"IN","native":"India","localized":"인도"},"pa":{"code":"IN","native":"India","localized":"인도"},"pl":{"code":"PL","native":"Polska","localized":"폴란드"},"ps":{"code":"AF","native":"Afghanistan","localized":"아프가니스탄"},"pt":{"code":"BR","native":"Brasil","localized":"브라질"},"pt_BR":{"code":"BR","native":"Brasil","localized":"브라질"},"qu":{"code":"PE","native":"Peru","localized":"페루"},"ro":{"code":"RO","native":"România","localized":"루마니아"},"ru":{"code":"RU","native":"Россия","localized":"러시아"},"rw":{"code":"RW","native":"Rwanda","localized":"르완다"},"sa":{"code":"IN","native":"India","localized":"인도"},"sc":{"code":"IT","native":"Italy","localized":"이탈리아"},"sd":{"code":"PK","native":"Pakistan","localized":"파키스탄"},"si":{"code":"LK","native":"Sri Lanka","localized":"스리랑카"},"sk":{"code":"SK","native":"Slovensko","localized":"슬로바키아"},"sl":{"code":"SI","native":"Slovenija","localized":"슬로베니아"},"sn":{"code":"ZW","native":"Zimbabwe","localized":"짐바브웨"},"so":{"code":"SO","native":"Somalia","localized":"소말리아"},"sq":{"code":"AL","native":"Albania","localized":"알바니아"},"sr_Cyrl":{"code":"RS","native":"Србија","localized":"세르비아"},"sr_Latn":{"code":"RS","native":"Serbia","localized":"세르비아"},"sr_Latn_ME":{"code":"ME","native":"Montenegro","localized":"몬테네그로"},"su":{"code":"ID","native":"Indonesia","localized":"인도네시아"},"sv":{"code":"SE","native":"Sverige","localized":"스웨덴"},"sw":{"code":"TZ","native":"Tanzania","localized":"탄자니아"},"ta":{"code":"IN","native":"India","localized":"인도"},"te":{"code":"IN","native":"India","localized":"인도"},"tg":{"code":"TJ","native":"Tajikistan","localized":"타지키스탄"},"th":{"code":"TH","native":"ไทย","localized":"태국"},"ti":{"code":"ET","native":"Ethiopia","localized":"에티오피아"},"tk":{"code":"TM","native":"Turkmenistan","localized":"투르크메니스탄"},"tl":{"code":"PH","native":"Philippines","localized":"필리핀"},"tr":{"code":"TR","native":"Türkiye","localized":"터키"},"tt":{"code":"RU","native":"Russia","localized":"러시아"},"ug":{"code":"CN","native":"China","localized":"중국"},"uk":{"code":"UA","native":"Україна","localized":"우크라이나"},"ur":{"code":"PK","native":"Pakistan","localized":"파키스탄"},"uz_Cyrl":{"code":"UZ","native":"Uzbekistan","localized":"우즈베키스탄"},"uz_Latn":{"code":"UZ","native":"Uzbekistan","localized":"우즈베키스탄"},"vi":{"code":"VN","native":"Việt Nam","localized":"베트남"},"xh":{"code":"ZA","native":"South Africa","localized":"남아프리카"},"yi":{"code":"001","native":"World","localized":"세계"},"yo":{"code":"NG","native":"Nigeria","localized":"나이지리아"},"zh_CN":{"code":"CN","native":"中国","localized":"중국"},"zh_HK":{"code":"HK","native":"中国香港特别行政区","localized":"홍콩(중국 특별행정구)"},"zh_TW":{"code":"TW","native":"台湾","localized":"대만"},"zu":{"code":"ZA","native":"South Africa","localized":"남아프리카"}}
