{"af":{"code":"ZA","native":"South Africa","localized":"Zuid-Afrika"},"ak":{"code":"GH","native":"Ghana","localized":"Ghana"},"am":{"code":"ET","native":"Ethiopia","localized":"Ethiopië"},"ar":{"code":"EG","native":"مصر","localized":"Egypte"},"as":{"code":"IN","native":"India","localized":"India"},"az":{"code":"AZ","native":"Azerbaijan","localized":"Azerbeidzjan"},"be":{"code":"BY","native":"Belarus","localized":"Belarus"},"bg":{"code":"BG","native":"Bulgaria","localized":"Bulgarije"},"bho":{"code":"IN","native":"India","localized":"India"},"bm":{"code":"ML","native":"Mali","localized":"Mali"},"bn":{"code":"BD","native":"Bangladesh","localized":"Bangladesh"},"bs":{"code":"BA","native":"Bosnia & Herzegovina","localized":"Bosnië En Herzegovina"},"ca":{"code":"ES","native":"Espanya","localized":"Spanje"},"ceb":{"code":"PH","native":"Philippines","localized":"Filipijnen"},"ckb":{"code":"IQ","native":"Iraq","localized":"Irak"},"cs":{"code":"CZ","native":"Česko","localized":"Tsjechië"},"cy":{"code":"GB","native":"United Kingdom","localized":"Verenigd Koninkrijk"},"da":{"code":"DK","native":"Danmark","localized":"Denemarken"},"de":{"code":"DE","native":"Deutschland","localized":"Duitsland"},"de_AT":{"code":"AT","native":"Österreich","localized":"Oostenrijk"},"de_CH":{"code":"CH","native":"Schweiz","localized":"Zwitserland"},"doi":{"code":"IN","native":"India","localized":"India"},"ee":{"code":"GH","native":"Ghana","localized":"Ghana"},"el":{"code":"GR","native":"Ελλάδα","localized":"Griekenland"},"en":{"code":"US","native":"United States","localized":"Verenigde Staten"},"en_CA":{"code":"CA","native":"Canada","localized":"Canada"},"eo":{"code":"001","native":"World","localized":"Wereld"},"es":{"code":"ES","native":"España","localized":"Spanje"},"et":{"code":"EE","native":"Estonia","localized":"Estland"},"eu":{"code":"ES","native":"Spain","localized":"Spanje"},"fa":{"code":"IR","native":"Iran","localized":"Iran"},"fi":{"code":"FI","native":"Suomi","localized":"Finland"},"fil":{"code":"PH","native":"Philippines","localized":"Filipijnen"},"fr":{"code":"FR","native":"France","localized":"Frankrijk"},"fy":{"code":"NL","native":"Netherlands","localized":"Nederland"},"ga":{"code":"IE","native":"Ireland","localized":"Ierland"},"gd":{"code":"GB","native":"United Kingdom","localized":"Verenigd Koninkrijk"},"gl":{"code":"ES","native":"Spain","localized":"Spanje"},"gu":{"code":"IN","native":"India","localized":"India"},"ha":{"code":"NG","native":"Nigeria","localized":"Nigeria"},"haw":{"code":"US","native":"United States","localized":"Verenigde Staten"},"he":{"code":"IL","native":"ישראל","localized":"Israël"},"hi":{"code":"IN","native":"भारत","localized":"India"},"hr":{"code":"HR","native":"Hrvatska","localized":"Kroatië"},"ht":{"code":"HT","native":"Haïti","localized":"Haïti"},"hu":{"code":"HU","native":"Magyarország","localized":"Hongarije"},"hy":{"code":"AM","native":"Armenia","localized":"Armenië"},"id":{"code":"ID","native":"Indonesia","localized":"Indonesië"},"ig":{"code":"NG","native":"Nigeria","localized":"Nigeria"},"is":{"code":"IS","native":"Iceland","localized":"Ijsland"},"it":{"code":"IT","native":"Italia","localized":"Italië"},"ja":{"code":"JP","native":"日本","localized":"Japan"},"ka":{"code":"GE","native":"Georgia","localized":"Georgië"},"kk":{"code":"KZ","native":"Kazakhstan","localized":"Kazachstan"},"km":{"code":"KH","native":"Cambodia","localized":"Cambodja"},"kn":{"code":"IN","native":"India","localized":"India"},"ko":{"code":"KR","native":"대한민국","localized":"Zuid-Korea"},"ku":{"code":"TR","native":"Turkey","localized":"Turkije"},"ky":{"code":"KG","native":"Kyrgyzstan","localized":"Kirgizië"},"lb":{"code":"LU","native":"Luxembourg","localized":"Luxemburg"},"lg":{"code":"UG","native":"Uganda","localized":"Oeganda"},"ln":{"code":"CD","native":"Congo - Kinshasa","localized":"Congo-Kinshasa"},"lo":{"code":"LA","native":"Laos","localized":"Laos"},"lt":{"code":"LT","native":"Lithuania","localized":"Litouwen"},"lv":{"code":"LV","native":"Latvia","localized":"Letland"},"mai":{"code":"IN","native":"India","localized":"India"},"mg":{"code":"MG","native":"Madagascar","localized":"Madagaskar"},"mi":{"code":"NZ","native":"New Zealand","localized":"Nieuw-Zeeland"},"mk":{"code":"MK","native":"North Macedonia","localized":"Noord-Macedonië"},"ml":{"code":"IN","native":"India","localized":"India"},"mn":{"code":"MN","native":"Mongolia","localized":"Mongolië"},"mni_Mtei":{"code":"IN","native":"India","localized":"India"},"mr":{"code":"IN","native":"India","localized":"India"},"ms":{"code":"MY","native":"Malaysia","localized":"Maleisië"},"mt":{"code":"MT","native":"Malta","localized":"Malta"},"my":{"code":"MM","native":"Myanmar (Burma)","localized":"Myanmar (Birma)"},"nb":{"code":"NO","native":"Norge","localized":"Noorwegen"},"ne":{"code":"NP","native":"Nepal","localized":"Nepal"},"nl":{"code":"NL","native":"Nederland","localized":"Nederland"},"nn":{"code":"NO","native":"Noreg","localized":"Noorwegen"},"oc":{"code":"FR","native":"France","localized":"Frankrijk"},"om":{"code":"ET","native":"Ethiopia","localized":"Ethiopië"},"or":{"code":"IN","native":"India","localized":"India"},"pa":{"code":"IN","native":"India","localized":"India"},"pl":{"code":"PL","native":"Polska","localized":"Polen"},"ps":{"code":"AF","native":"Afghanistan","localized":"Afghanistan"},"pt":{"code":"BR","native":"Brasil","localized":"Brazilië"},"pt_BR":{"code":"BR","native":"Brasil","localized":"Brazilië"},"qu":{"code":"PE","native":"Peru","localized":"Peru"},"ro":{"code":"RO","native":"România","localized":"Roemenië"},"ru":{"code":"RU","native":"Россия","localized":"Rusland"},"rw":{"code":"RW","native":"Rwanda","localized":"Rwanda"},"sa":{"code":"IN","native":"India","localized":"India"},"sc":{"code":"IT","native":"Italy","localized":"Italië"},"sd":{"code":"PK","native":"Pakistan","localized":"Pakistan"},"si":{"code":"LK","native":"Sri Lanka","localized":"Sri Lanka"},"sk":{"code":"SK","native":"Slovensko","localized":"Slowakije"},"sl":{"code":"SI","native":"Slovenija","localized":"Slovenië"},"sn":{"code":"ZW","native":"Zimbabwe","localized":"Zimbabwe"},"so":{"code":"SO","native":"Somalia","localized":"Somalië"},"sq":{"code":"AL","native":"Albania","localized":"Albanië"},"sr_Cyrl":{"code":"RS","native":"Србија","localized":"Servië"},"sr_Latn":{"code":"RS","native":"Serbia","localized":"Servië"},"sr_Latn_ME":{"code":"ME","native":"Montenegro","localized":"Montenegro"},"su":{"code":"ID","native":"Indonesia","localized":"Indonesië"},"sv":{"code":"SE","native":"Sverige","localized":"Zweden"},"sw":{"code":"TZ","native":"Tanzania","localized":"Tanzania"},"ta":{"code":"IN","native":"India","localized":"India"},"te":{"code":"IN","native":"India","localized":"India"},"tg":{"code":"TJ","native":"Tajikistan","localized":"Tadzjikistan"},"th":{"code":"TH","native":"ไทย","localized":"Thailand"},"ti":{"code":"ET","native":"Ethiopia","localized":"Ethiopië"},"tk":{"code":"TM","native":"Turkmenistan","localized":"Turkmenistan"},"tl":{"code":"PH","native":"Philippines","localized":"Filipijnen"},"tr":{"code":"TR","native":"Türkiye","localized":"Turkije"},"tt":{"code":"RU","native":"Russia","localized":"Rusland"},"ug":{"code":"CN","native":"China","localized":"China"},"uk":{"code":"UA","native":"Україна","localized":"Oekraïne"},"ur":{"code":"PK","native":"Pakistan","localized":"Pakistan"},"uz_Cyrl":{"code":"UZ","native":"Uzbekistan","localized":"Oezbekistan"},"uz_Latn":{"code":"UZ","native":"Uzbekistan","localized":"Oezbekistan"},"vi":{"code":"VN","native":"Việt Nam","localized":"Vietnam"},"xh":{"code":"ZA","native":"South Africa","localized":"Zuid-Afrika"},"yi":{"code":"001","native":"World","localized":"Wereld"},"yo":{"code":"NG","native":"Nigeria","localized":"Nigeria"},"zh_CN":{"code":"CN","native":"中国","localized":"China"},"zh_HK":{"code":"HK","native":"中国香港特别行政区","localized":"Hongkong Sar Van China"},"zh_TW":{"code":"TW","native":"台湾","localized":"Taiwan"},"zu":{"code":"ZA","native":"South Africa","localized":"Zuid-Afrika"}}
