{"af":{"code":"ZA","native":"South Africa","localized":"Sør-Afrika"},"ak":{"code":"GH","native":"Ghana","localized":"Ghana"},"am":{"code":"ET","native":"Ethiopia","localized":"Etiopia"},"ar":{"code":"EG","native":"مصر","localized":"Egypt"},"as":{"code":"IN","native":"India","localized":"India"},"az":{"code":"AZ","native":"Azerbaijan","localized":"Aserbajdsjan"},"be":{"code":"BY","native":"Belarus","localized":"Kviterussland"},"bg":{"code":"BG","native":"Bulgaria","localized":"Bulgaria"},"bho":{"code":"IN","native":"India","localized":"India"},"bm":{"code":"ML","native":"Mali","localized":"Mali"},"bn":{"code":"BD","native":"Bangladesh","localized":"Bangladesh"},"bs":{"code":"BA","native":"Bosnia & Herzegovina","localized":"Bosnia-Hercegovina"},"ca":{"code":"ES","native":"Espanya","localized":"Spania"},"ceb":{"code":"PH","native":"Philippines","localized":"Filippinane"},"ckb":{"code":"IQ","native":"Iraq","localized":"Irak"},"cs":{"code":"CZ","native":"Česko","localized":"Tsjekkia"},"cy":{"code":"GB","native":"United Kingdom","localized":"Storbritannia"},"da":{"code":"DK","native":"Danmark","localized":"Danmark"},"de":{"code":"DE","native":"Deutschland","localized":"Tyskland"},"de_AT":{"code":"AT","native":"Österreich","localized":"Austerrike"},"de_CH":{"code":"CH","native":"Schweiz","localized":"Sveits"},"doi":{"code":"IN","native":"India","localized":"India"},"ee":{"code":"GH","native":"Ghana","localized":"Ghana"},"el":{"code":"GR","native":"Ελλάδα","localized":"Hellas"},"en":{"code":"US","native":"United States","localized":"Usa"},"en_CA":{"code":"CA","native":"Canada","localized":"Canada"},"eo":{"code":"001","native":"World","localized":"Verda"},"es":{"code":"ES","native":"España","localized":"Spania"},"et":{"code":"EE","native":"Estonia","localized":"Estland"},"eu":{"code":"ES","native":"Spain","localized":"Spania"},"fa":{"code":"IR","native":"Iran","localized":"Iran"},"fi":{"code":"FI","native":"Suomi","localized":"Finland"},"fil":{"code":"PH","native":"Philippines","localized":"Filippinane"},"fr":{"code":"FR","native":"France","localized":"Frankrike"},"fy":{"code":"NL","native":"Netherlands","localized":"Nederland"},"ga":{"code":"IE","native":"Ireland","localized":"Irland"},"gd":{"code":"GB","native":"United Kingdom","localized":"Storbritannia"},"gl":{"code":"ES","native":"Spain","localized":"Spania"},"gu":{"code":"IN","native":"India","localized":"India"},"ha":{"code":"NG","native":"Nigeria","localized":"Nigeria"},"haw":{"code":"US","native":"United States","localized":"Usa"},"he":{"code":"IL","native":"ישראל","localized":"Israel"},"hi":{"code":"IN","native":"भारत","localized":"India"},"hr":{"code":"HR","native":"Hrvatska","localized":"Kroatia"},"ht":{"code":"HT","native":"Haïti","localized":"Haiti"},"hu":{"code":"HU","native":"Magyarország","localized":"Ungarn"},"hy":{"code":"AM","native":"Armenia","localized":"Armenia"},"id":{"code":"ID","native":"Indonesia","localized":"Indonesia"},"ig":{"code":"NG","native":"Nigeria","localized":"Nigeria"},"is":{"code":"IS","native":"Iceland","localized":"Island"},"it":{"code":"IT","native":"Italia","localized":"Italia"},"ja":{"code":"JP","native":"日本","localized":"Japan"},"ka":{"code":"GE","native":"Georgia","localized":"Georgia"},"kk":{"code":"KZ","native":"Kazakhstan","localized":"Kasakhstan"},"km":{"code":"KH","native":"Cambodia","localized":"Kambodsja"},"kn":{"code":"IN","native":"India","localized":"India"},"ko":{"code":"KR","native":"대한민국","localized":"Sør-Korea"},"ku":{"code":"TR","native":"Turkey","localized":"Tyrkia"},"ky":{"code":"KG","native":"Kyrgyzstan","localized":"Kirgisistan"},"lb":{"code":"LU","native":"Luxembourg","localized":"Luxembourg"},"lg":{"code":"UG","native":"Uganda","localized":"Uganda"},"ln":{"code":"CD","native":"Congo - Kinshasa","localized":"Kongo-Kinshasa"},"lo":{"code":"LA","native":"Laos","localized":"Laos"},"lt":{"code":"LT","native":"Lithuania","localized":"Litauen"},"lv":{"code":"LV","native":"Latvia","localized":"Latvia"},"mai":{"code":"IN","native":"India","localized":"India"},"mg":{"code":"MG","native":"Madagascar","localized":"Madagaskar"},"mi":{"code":"NZ","native":"New Zealand","localized":"New Zealand"},"mk":{"code":"MK","native":"North Macedonia","localized":"Nord-Makedonia"},"ml":{"code":"IN","native":"India","localized":"India"},"mn":{"code":"MN","native":"Mongolia","localized":"Mongolia"},"mni_Mtei":{"code":"IN","native":"India","localized":"India"},"mr":{"code":"IN","native":"India","localized":"India"},"ms":{"code":"MY","native":"Malaysia","localized":"Malaysia"},"mt":{"code":"MT","native":"Malta","localized":"Malta"},"my":{"code":"MM","native":"Myanmar (Burma)","localized":"Myanmar (Burma)"},"nb":{"code":"NO","native":"Norge","localized":"Noreg"},"ne":{"code":"NP","native":"Nepal","localized":"Nepal"},"nl":{"code":"NL","native":"Nederland","localized":"Nederland"},"nn":{"code":"NO","native":"Noreg","localized":"Noreg"},"oc":{"code":"FR","native":"France","localized":"Frankrike"},"om":{"code":"ET","native":"Ethiopia","localized":"Etiopia"},"or":{"code":"IN","native":"India","localized":"India"},"pa":{"code":"IN","native":"India","localized":"India"},"pl":{"code":"PL","native":"Polska","localized":"Polen"},"ps":{"code":"AF","native":"Afghanistan","localized":"Afghanistan"},"pt":{"code":"BR","native":"Brasil","localized":"Brasil"},"pt_BR":{"code":"BR","native":"Brasil","localized":"Brasil"},"qu":{"code":"PE","native":"Peru","localized":"Peru"},"ro":{"code":"RO","native":"România","localized":"Romania"},"ru":{"code":"RU","native":"Россия","localized":"Russland"},"rw":{"code":"RW","native":"Rwanda","localized":"Rwanda"},"sa":{"code":"IN","native":"India","localized":"India"},"sc":{"code":"IT","native":"Italy","localized":"Italia"},"sd":{"code":"PK","native":"Pakistan","localized":"Pakistan"},"si":{"code":"LK","native":"Sri Lanka","localized":"Sri Lanka"},"sk":{"code":"SK","native":"Slovensko","localized":"Slovakia"},"sl":{"code":"SI","native":"Slovenija","localized":"Slovenia"},"sn":{"code":"ZW","native":"Zimbabwe","localized":"Zimbabwe"},"so":{"code":"SO","native":"Somalia","localized":"Somalia"},"sq":{"code":"AL","native":"Albania","localized":"Albania"},"sr_Cyrl":{"code":"RS","native":"Србија","localized":"Serbia"},"sr_Latn":{"code":"RS","native":"Serbia","localized":"Serbia"},"sr_Latn_ME":{"code":"ME","native":"Montenegro","localized":"Montenegro"},"su":{"code":"ID","native":"Indonesia","localized":"Indonesia"},"sv":{"code":"SE","native":"Sverige","localized":"Sverige"},"sw":{"code":"TZ","native":"Tanzania","localized":"Tanzania"},"ta":{"code":"IN","native":"India","localized":"India"},"te":{"code":"IN","native":"India","localized":"India"},"tg":{"code":"TJ","native":"Tajikistan","localized":"Tadsjikistan"},"th":{"code":"TH","native":"ไทย","localized":"Thailand"},"ti":{"code":"ET","native":"Ethiopia","localized":"Etiopia"},"tk":{"code":"TM","native":"Turkmenistan","localized":"Turkmenistan"},"tl":{"code":"PH","native":"Philippines","localized":"Filippinane"},"tr":{"code":"TR","native":"Türkiye","localized":"Tyrkia"},"tt":{"code":"RU","native":"Russia","localized":"Russland"},"ug":{"code":"CN","native":"China","localized":"Kina"},"uk":{"code":"UA","native":"Україна","localized":"Ukraina"},"ur":{"code":"PK","native":"Pakistan","localized":"Pakistan"},"uz_Cyrl":{"code":"UZ","native":"Uzbekistan","localized":"Usbekistan"},"uz_Latn":{"code":"UZ","native":"Uzbekistan","localized":"Usbekistan"},"vi":{"code":"VN","native":"Việt Nam","localized":"Vietnam"},"xh":{"code":"ZA","native":"South Africa","localized":"Sør-Afrika"},"yi":{"code":"001","native":"World","localized":"Verda"},"yo":{"code":"NG","native":"Nigeria","localized":"Nigeria"},"zh_CN":{"code":"CN","native":"中国","localized":"Kina"},"zh_HK":{"code":"HK","native":"中国香港特别行政区","localized":"Hongkong Sar Kina"},"zh_TW":{"code":"TW","native":"台湾","localized":"Taiwan"},"zu":{"code":"ZA","native":"South Africa","localized":"Sør-Afrika"}}
