{"af":{"code":"ZA","native":"South Africa","localized":"Republika Południowej Afryki"},"ak":{"code":"GH","native":"Ghana","localized":"Ghana"},"am":{"code":"ET","native":"Ethiopia","localized":"Etiopia"},"ar":{"code":"EG","native":"مصر","localized":"Egipt"},"as":{"code":"IN","native":"India","localized":"Indie"},"az":{"code":"AZ","native":"Azerbaijan","localized":"Azerbejdżan"},"be":{"code":"BY","native":"Belarus","localized":"Białoruś"},"bg":{"code":"BG","native":"Bulgaria","localized":"Bułgaria"},"bho":{"code":"IN","native":"India","localized":"Indie"},"bm":{"code":"ML","native":"Mali","localized":"Mali"},"bn":{"code":"BD","native":"Bangladesh","localized":"Bangladesz"},"bs":{"code":"BA","native":"Bosnia & Herzegovina","localized":"Bośnia I Hercegowina"},"ca":{"code":"ES","native":"Espanya","localized":"Hiszpania"},"ceb":{"code":"PH","native":"Philippines","localized":"Filipiny"},"ckb":{"code":"IQ","native":"Iraq","localized":"Irak"},"cs":{"code":"CZ","native":"Česko","localized":"Czechy"},"cy":{"code":"GB","native":"United Kingdom","localized":"Wielka Brytania"},"da":{"code":"DK","native":"Danmark","localized":"Dania"},"de":{"code":"DE","native":"Deutschland","localized":"Niemcy"},"de_AT":{"code":"AT","native":"Österreich","localized":"Austria"},"de_CH":{"code":"CH","native":"Schweiz","localized":"Szwajcaria"},"doi":{"code":"IN","native":"India","localized":"Indie"},"ee":{"code":"GH","native":"Ghana","localized":"Ghana"},"el":{"code":"GR","native":"Ελλάδα","localized":"Grecja"},"en":{"code":"US","native":"United States","localized":"Stany Zjednoczone"},"en_CA":{"code":"CA","native":"Canada","localized":"Kanada"},"eo":{"code":"001","native":"World","localized":"Świat"},"es":{"code":"ES","native":"España","localized":"Hiszpania"},"et":{"code":"EE","native":"Estonia","localized":"Estonia"},"eu":{"code":"ES","native":"Spain","localized":"Hiszpania"},"fa":{"code":"IR","native":"Iran","localized":"Iran"},"fi":{"code":"FI","native":"Suomi","localized":"Finlandia"},"fil":{"code":"PH","native":"Philippines","localized":"Filipiny"},"fr":{"code":"FR","native":"France","localized":"Francja"},"fy":{"code":"NL","native":"Netherlands","localized":"Holandia"},"ga":{"code":"IE","native":"Ireland","localized":"Irlandia"},"gd":{"code":"GB","native":"United Kingdom","localized":"Wielka Brytania"},"gl":{"code":"ES","native":"Spain","localized":"Hiszpania"},"gu":{"code":"IN","native":"India","localized":"Indie"},"ha":{"code":"NG","native":"Nigeria","localized":"Nigeria"},"haw":{"code":"US","native":"United States","localized":"Stany Zjednoczone"},"he":{"code":"IL","native":"ישראל","localized":"Izrael"},"hi":{"code":"IN","native":"भारत","localized":"Indie"},"hr":{"code":"HR","native":"Hrvatska","localized":"Chorwacja"},"ht":{"code":"HT","native":"Haïti","localized":"Haiti"},"hu":{"code":"HU","native":"Magyarország","localized":"Węgry"},"hy":{"code":"AM","native":"Armenia","localized":"Armenia"},"id":{"code":"ID","native":"Indonesia","localized":"Indonezja"},"ig":{"code":"NG","native":"Nigeria","localized":"Nigeria"},"is":{"code":"IS","native":"Iceland","localized":"Islandia"},"it":{"code":"IT","native":"Italia","localized":"Włochy"},"ja":{"code":"JP","native":"日本","localized":"Japonia"},"ka":{"code":"GE","native":"Georgia","localized":"Gruzja"},"kk":{"code":"KZ","native":"Kazakhstan","localized":"Kazachstan"},"km":{"code":"KH","native":"Cambodia","localized":"Kambodża"},"kn":{"code":"IN","native":"India","localized":"Indie"},"ko":{"code":"KR","native":"대한민국","localized":"Korea Południowa"},"ku":{"code":"TR","native":"Turkey","localized":"Turcja"},"ky":{"code":"KG","native":"Kyrgyzstan","localized":"Kirgistan"},"lb":{"code":"LU","native":"Luxembourg","localized":"Luksemburg"},"lg":{"code":"UG","native":"Uganda","localized":"Uganda"},"ln":{"code":"CD","native":"Congo - Kinshasa","localized":"Demokratyczna Republika Konga"},"lo":{"code":"LA","native":"Laos","localized":"Laos"},"lt":{"code":"LT","native":"Lithuania","localized":"Litwa"},"lv":{"code":"LV","native":"Latvia","localized":"Łotwa"},"mai":{"code":"IN","native":"India","localized":"Indie"},"mg":{"code":"MG","native":"Madagascar","localized":"Madagaskar"},"mi":{"code":"NZ","native":"New Zealand","localized":"Nowa Zelandia"},"mk":{"code":"MK","native":"North Macedonia","localized":"Macedonia Północna"},"ml":{"code":"IN","native":"India","localized":"Indie"},"mn":{"code":"MN","native":"Mongolia","localized":"Mongolia"},"mni_Mtei":{"code":"IN","native":"India","localized":"Indie"},"mr":{"code":"IN","native":"India","localized":"Indie"},"ms":{"code":"MY","native":"Malaysia","localized":"Malezja"},"mt":{"code":"MT","native":"Malta","localized":"Malta"},"my":{"code":"MM","native":"Myanmar (Burma)","localized":"Mjanma (Birma)"},"nb":{"code":"NO","native":"Norge","localized":"Norwegia"},"ne":{"code":"NP","native":"Nepal","localized":"Nepal"},"nl":{"code":"NL","native":"Nederland","localized":"Holandia"},"nn":{"code":"NO","native":"Noreg","localized":"Norwegia"},"oc":{"code":"FR","native":"France","localized":"Francja"},"om":{"code":"ET","native":"Ethiopia","localized":"Etiopia"},"or":{"code":"IN","native":"India","localized":"Indie"},"pa":{"code":"IN","native":"India","localized":"Indie"},"pl":{"code":"PL","native":"Polska","localized":"Polska"},"ps":{"code":"AF","native":"Afghanistan","localized":"Afganistan"},"pt":{"code":"BR","native":"Brasil","localized":"Brazylia"},"pt_BR":{"code":"BR","native":"Brasil","localized":"Brazylia"},"qu":{"code":"PE","native":"Peru","localized":"Peru"},"ro":{"code":"RO","native":"România","localized":"Rumunia"},"ru":{"code":"RU","native":"Россия","localized":"Rosja"},"rw":{"code":"RW","native":"Rwanda","localized":"Rwanda"},"sa":{"code":"IN","native":"India","localized":"Indie"},"sc":{"code":"IT","native":"Italy","localized":"Włochy"},"sd":{"code":"PK","native":"Pakistan","localized":"Pakistan"},"si":{"code":"LK","native":"Sri Lanka","localized":"Sri Lanka"},"sk":{"code":"SK","native":"Slovensko","localized":"Słowacja"},"sl":{"code":"SI","native":"Slovenija","localized":"Słowenia"},"sn":{"code":"ZW","native":"Zimbabwe","localized":"Zimbabwe"},"so":{"code":"SO","native":"Somalia","localized":"Somalia"},"sq":{"code":"AL","native":"Albania","localized":"Albania"},"sr_Cyrl":{"code":"RS","native":"Србија","localized":"Serbia"},"sr_Latn":{"code":"RS","native":"Serbia","localized":"Serbia"},"sr_Latn_ME":{"code":"ME","native":"Montenegro","localized":"Czarnogóra"},"su":{"code":"ID","native":"Indonesia","localized":"Indonezja"},"sv":{"code":"SE","native":"Sverige","localized":"Szwecja"},"sw":{"code":"TZ","native":"Tanzania","localized":"Tanzania"},"ta":{"code":"IN","native":"India","localized":"Indie"},"te":{"code":"IN","native":"India","localized":"Indie"},"tg":{"code":"TJ","native":"Tajikistan","localized":"Tadżykistan"},"th":{"code":"TH","native":"ไทย","localized":"Tajlandia"},"ti":{"code":"ET","native":"Ethiopia","localized":"Etiopia"},"tk":{"code":"TM","native":"Turkmenistan","localized":"Turkmenistan"},"tl":{"code":"PH","native":"Philippines","localized":"Filipiny"},"tr":{"code":"TR","native":"Türkiye","localized":"Turcja"},"tt":{"code":"RU","native":"Russia","localized":"Rosja"},"ug":{"code":"CN","native":"China","localized":"Chiny"},"uk":{"code":"UA","native":"Україна","localized":"Ukraina"},"ur":{"code":"PK","native":"Pakistan","localized":"Pakistan"},"uz_Cyrl":{"code":"UZ","native":"Uzbekistan","localized":"Uzbekistan"},"uz_Latn":{"code":"UZ","native":"Uzbekistan","localized":"Uzbekistan"},"vi":{"code":"VN","native":"Việt Nam","localized":"Wietnam"},"xh":{"code":"ZA","native":"South Africa","localized":"Republika Południowej Afryki"},"yi":{"code":"001","native":"World","localized":"Świat"},"yo":{"code":"NG","native":"Nigeria","localized":"Nigeria"},"zh_CN":{"code":"CN","native":"中国","localized":"Chiny"},"zh_HK":{"code":"HK","native":"中国香港特别行政区","localized":"Sra Hongkong (Chiny)"},"zh_TW":{"code":"TW","native":"台湾","localized":"Tajwan"},"zu":{"code":"ZA","native":"South Africa","localized":"Republika Południowej Afryki"}}
