{"af":{"code":"ZA","native":"South Africa","localized":"África Do Sul"},"ak":{"code":"GH","native":"Ghana","localized":"Gana"},"am":{"code":"ET","native":"Ethiopia","localized":"Etiópia"},"ar":{"code":"EG","native":"مصر","localized":"Egito"},"as":{"code":"IN","native":"India","localized":"Índia"},"az":{"code":"AZ","native":"Azerbaijan","localized":"Azerbaijão"},"be":{"code":"BY","native":"Belarus","localized":"Bielorrússia"},"bg":{"code":"BG","native":"Bulgaria","localized":"Bulgária"},"bho":{"code":"IN","native":"India","localized":"Índia"},"bm":{"code":"ML","native":"Mali","localized":"Mali"},"bn":{"code":"BD","native":"Bangladesh","localized":"Bangladesh"},"bs":{"code":"BA","native":"Bosnia & Herzegovina","localized":"Bósnia E Herzegovina"},"ca":{"code":"ES","native":"Espanya","localized":"Espanha"},"ceb":{"code":"PH","native":"Philippines","localized":"Filipinas"},"ckb":{"code":"IQ","native":"Iraq","localized":"Iraque"},"cs":{"code":"CZ","native":"Česko","localized":"Tchéquia"},"cy":{"code":"GB","native":"United Kingdom","localized":"Reino Unido"},"da":{"code":"DK","native":"Danmark","localized":"Dinamarca"},"de":{"code":"DE","native":"Deutschland","localized":"Alemanha"},"de_AT":{"code":"AT","native":"Österreich","localized":"Áustria"},"de_CH":{"code":"CH","native":"Schweiz","localized":"Suíça"},"doi":{"code":"IN","native":"India","localized":"Índia"},"ee":{"code":"GH","native":"Ghana","localized":"Gana"},"el":{"code":"GR","native":"Ελλάδα","localized":"Grécia"},"en":{"code":"US","native":"United States","localized":"Estados Unidos"},"en_CA":{"code":"CA","native":"Canada","localized":"Canadá"},"eo":{"code":"001","native":"World","localized":"Mundo"},"es":{"code":"ES","native":"España","localized":"Espanha"},"et":{"code":"EE","native":"Estonia","localized":"Estônia"},"eu":{"code":"ES","native":"Spain","localized":"Espanha"},"fa":{"code":"IR","native":"Iran","localized":"Irã"},"fi":{"code":"FI","native":"Suomi","localized":"Finlândia"},"fil":{"code":"PH","native":"Philippines","localized":"Filipinas"},"fr":{"code":"FR","native":"France","localized":"França"},"fy":{"code":"NL","native":"Netherlands","localized":"Países Baixos"},"ga":{"code":"IE","native":"Ireland","localized":"Irlanda"},"gd":{"code":"GB","native":"United Kingdom","localized":"Reino Unido"},"gl":{"code":"ES","native":"Spain","localized":"Espanha"},"gu":{"code":"IN","native":"India","localized":"Índia"},"ha":{"code":"NG","native":"Nigeria","localized":"Nigéria"},"haw":{"code":"US","native":"United States","localized":"Estados Unidos"},"he":{"code":"IL","native":"ישראל","localized":"Israel"},"hi":{"code":"IN","native":"भारत","localized":"Índia"},"hr":{"code":"HR","native":"Hrvatska","localized":"Croácia"},"ht":{"code":"HT","native":"Haïti","localized":"Haiti"},"hu":{"code":"HU","native":"Magyarország","localized":"Hungria"},"hy":{"code":"AM","native":"Armenia","localized":"Armênia"},"id":{"code":"ID","native":"Indonesia","localized":"Indonésia"},"ig":{"code":"NG","native":"Nigeria","localized":"Nigéria"},"is":{"code":"IS","native":"Iceland","localized":"Islândia"},"it":{"code":"IT","native":"Italia","localized":"Itália"},"ja":{"code":"JP","native":"日本","localized":"Japão"},"ka":{"code":"GE","native":"Georgia","localized":"Geórgia"},"kk":{"code":"KZ","native":"Kazakhstan","localized":"Cazaquistão"},"km":{"code":"KH","native":"Cambodia","localized":"Camboja"},"kn":{"code":"IN","native":"India","localized":"Índia"},"ko":{"code":"KR","native":"대한민국","localized":"Coreia Do Sul"},"ku":{"code":"TR","native":"Turkey","localized":"Turquia"},"ky":{"code":"KG","native":"Kyrgyzstan","localized":"Quirguistão"},"lb":{"code":"LU","native":"Luxembourg","localized":"Luxemburgo"},"lg":{"code":"UG","native":"Uganda","localized":"Uganda"},"ln":{"code":"CD","native":"Congo - Kinshasa","localized":"Congo - Kinshasa"},"lo":{"code":"LA","native":"Laos","localized":"Laos"},"lt":{"code":"LT","native":"Lithuania","localized":"Lituânia"},"lv":{"code":"LV","native":"Latvia","localized":"Letônia"},"mai":{"code":"IN","native":"India","localized":"Índia"},"mg":{"code":"MG","native":"Madagascar","localized":"Madagascar"},"mi":{"code":"NZ","native":"New Zealand","localized":"Nova Zelândia"},"mk":{"code":"MK","native":"North Macedonia","localized":"Macedônia Do Norte"},"ml":{"code":"IN","native":"India","localized":"Índia"},"mn":{"code":"MN","native":"Mongolia","localized":"Mongólia"},"mni_Mtei":{"code":"IN","native":"India","localized":"Índia"},"mr":{"code":"IN","native":"India","localized":"Índia"},"ms":{"code":"MY","native":"Malaysia","localized":"Malásia"},"mt":{"code":"MT","native":"Malta","localized":"Malta"},"my":{"code":"MM","native":"Myanmar (Burma)","localized":"Mianmar (Birmânia)"},"nb":{"code":"NO","native":"Norge","localized":"Noruega"},"ne":{"code":"NP","native":"Nepal","localized":"Nepal"},"nl":{"code":"NL","native":"Nederland","localized":"Países Baixos"},"nn":{"code":"NO","native":"Noreg","localized":"Noruega"},"oc":{"code":"FR","native":"France","localized":"França"},"om":{"code":"ET","native":"Ethiopia","localized":"Etiópia"},"or":{"code":"IN","native":"India","localized":"Índia"},"pa":{"code":"IN","native":"India","localized":"Índia"},"pl":{"code":"PL","native":"Polska","localized":"Polônia"},"ps":{"code":"AF","native":"Afghanistan","localized":"Afeganistão"},"pt":{"code":"BR","native":"Brasil","localized":"Brasil"},"pt_BR":{"code":"BR","native":"Brasil","localized":"Brasil"},"qu":{"code":"PE","native":"Peru","localized":"Peru"},"ro":{"code":"RO","native":"România","localized":"Romênia"},"ru":{"code":"RU","native":"Россия","localized":"Rússia"},"rw":{"code":"RW","native":"Rwanda","localized":"Ruanda"},"sa":{"code":"IN","native":"India","localized":"Índia"},"sc":{"code":"IT","native":"Italy","localized":"Itália"},"sd":{"code":"PK","native":"Pakistan","localized":"Paquistão"},"si":{"code":"LK","native":"Sri Lanka","localized":"Sri Lanka"},"sk":{"code":"SK","native":"Slovensko","localized":"Eslováquia"},"sl":{"code":"SI","native":"Slovenija","localized":"Eslovênia"},"sn":{"code":"ZW","native":"Zimbabwe","localized":"Zimbábue"},"so":{"code":"SO","native":"Somalia","localized":"Somália"},"sq":{"code":"AL","native":"Albania","localized":"Albânia"},"sr_Cyrl":{"code":"RS","native":"Србија","localized":"Sérvia"},"sr_Latn":{"code":"RS","native":"Serbia","localized":"Sérvia"},"sr_Latn_ME":{"code":"ME","native":"Montenegro","localized":"Montenegro"},"su":{"code":"ID","native":"Indonesia","localized":"Indonésia"},"sv":{"code":"SE","native":"Sverige","localized":"Suécia"},"sw":{"code":"TZ","native":"Tanzania","localized":"Tanzânia"},"ta":{"code":"IN","native":"India","localized":"Índia"},"te":{"code":"IN","native":"India","localized":"Índia"},"tg":{"code":"TJ","native":"Tajikistan","localized":"Tadjiquistão"},"th":{"code":"TH","native":"ไทย","localized":"Tailândia"},"ti":{"code":"ET","native":"Ethiopia","localized":"Etiópia"},"tk":{"code":"TM","native":"Turkmenistan","localized":"Turcomenistão"},"tl":{"code":"PH","native":"Philippines","localized":"Filipinas"},"tr":{"code":"TR","native":"Türkiye","localized":"Turquia"},"tt":{"code":"RU","native":"Russia","localized":"Rússia"},"ug":{"code":"CN","native":"China","localized":"China"},"uk":{"code":"UA","native":"Україна","localized":"Ucrânia"},"ur":{"code":"PK","native":"Pakistan","localized":"Paquistão"},"uz_Cyrl":{"code":"UZ","native":"Uzbekistan","localized":"Uzbequistão"},"uz_Latn":{"code":"UZ","native":"Uzbekistan","localized":"Uzbequistão"},"vi":{"code":"VN","native":"Việt Nam","localized":"Vietnã"},"xh":{"code":"ZA","native":"South Africa","localized":"África Do Sul"},"yi":{"code":"001","native":"World","localized":"Mundo"},"yo":{"code":"NG","native":"Nigeria","localized":"Nigéria"},"zh_CN":{"code":"CN","native":"中国","localized":"China"},"zh_HK":{"code":"HK","native":"中国香港特别行政区","localized":"Hong Kong, Rae Da China"},"zh_TW":{"code":"TW","native":"台湾","localized":"Taiwan"},"zu":{"code":"ZA","native":"South Africa","localized":"África Do Sul"}}
