{"af":{"code":"ZA","native":"South Africa","localized":"Africa De Sud"},"ak":{"code":"GH","native":"Ghana","localized":"Ghana"},"am":{"code":"ET","native":"Ethiopia","localized":"Etiopia"},"ar":{"code":"EG","native":"مصر","localized":"Egipt"},"as":{"code":"IN","native":"India","localized":"India"},"az":{"code":"AZ","native":"Azerbaijan","localized":"Azerbaidjan"},"be":{"code":"BY","native":"Belarus","localized":"Belarus"},"bg":{"code":"BG","native":"Bulgaria","localized":"Bulgaria"},"bho":{"code":"IN","native":"India","localized":"India"},"bm":{"code":"ML","native":"Mali","localized":"Mali"},"bn":{"code":"BD","native":"Bangladesh","localized":"Bangladesh"},"bs":{"code":"BA","native":"Bosnia & Herzegovina","localized":"Bosnia Și Herțegovina"},"ca":{"code":"ES","native":"Espanya","localized":"Spania"},"ceb":{"code":"PH","native":"Philippines","localized":"Filipine"},"ckb":{"code":"IQ","native":"Iraq","localized":"Irak"},"cs":{"code":"CZ","native":"Česko","localized":"Cehia"},"cy":{"code":"GB","native":"United Kingdom","localized":"Regatul Unit"},"da":{"code":"DK","native":"Danmark","localized":"Danemarca"},"de":{"code":"DE","native":"Deutschland","localized":"Germania"},"de_AT":{"code":"AT","native":"Österreich","localized":"Austria"},"de_CH":{"code":"CH","native":"Schweiz","localized":"Elveția"},"doi":{"code":"IN","native":"India","localized":"India"},"ee":{"code":"GH","native":"Ghana","localized":"Ghana"},"el":{"code":"GR","native":"Ελλάδα","localized":"Grecia"},"en":{"code":"US","native":"United States","localized":"Statele Unite Ale Americii"},"en_CA":{"code":"CA","native":"Canada","localized":"Canada"},"eo":{"code":"001","native":"World","localized":"Lume"},"es":{"code":"ES","native":"España","localized":"Spania"},"et":{"code":"EE","native":"Estonia","localized":"Estonia"},"eu":{"code":"ES","native":"Spain","localized":"Spania"},"fa":{"code":"IR","native":"Iran","localized":"Iran"},"fi":{"code":"FI","native":"Suomi","localized":"Finlanda"},"fil":{"code":"PH","native":"Philippines","localized":"Filipine"},"fr":{"code":"FR","native":"France","localized":"Franța"},"fy":{"code":"NL","native":"Netherlands","localized":"Țările De Jos"},"ga":{"code":"IE","native":"Ireland","localized":"Irlanda"},"gd":{"code":"GB","native":"United Kingdom","localized":"Regatul Unit"},"gl":{"code":"ES","native":"Spain","localized":"Spania"},"gu":{"code":"IN","native":"India","localized":"India"},"ha":{"code":"NG","native":"Nigeria","localized":"Nigeria"},"haw":{"code":"US","native":"United States","localized":"Statele Unite Ale Americii"},"he":{"code":"IL","native":"ישראל","localized":"Israel"},"hi":{"code":"IN","native":"भारत","localized":"India"},"hr":{"code":"HR","native":"Hrvatska","localized":"Croația"},"ht":{"code":"HT","native":"Haïti","localized":"Haiti"},"hu":{"code":"HU","native":"Magyarország","localized":"Ungaria"},"hy":{"code":"AM","native":"Armenia","localized":"Armenia"},"id":{"code":"ID","native":"Indonesia","localized":"Indonezia"},"ig":{"code":"NG","native":"Nigeria","localized":"Nigeria"},"is":{"code":"IS","native":"Iceland","localized":"Islanda"},"it":{"code":"IT","native":"Italia","localized":"Italia"},"ja":{"code":"JP","native":"日本","localized":"Japonia"},"ka":{"code":"GE","native":"Georgia","localized":"Georgia"},"kk":{"code":"KZ","native":"Kazakhstan","localized":"Kazahstan"},"km":{"code":"KH","native":"Cambodia","localized":"Cambodgia"},"kn":{"code":"IN","native":"India","localized":"India"},"ko":{"code":"KR","native":"대한민국","localized":"Coreea De Sud"},"ku":{"code":"TR","native":"Turkey","localized":"Turcia"},"ky":{"code":"KG","native":"Kyrgyzstan","localized":"Kârgâzstan"},"lb":{"code":"LU","native":"Luxembourg","localized":"Luxemburg"},"lg":{"code":"UG","native":"Uganda","localized":"Uganda"},"ln":{"code":"CD","native":"Congo - Kinshasa","localized":"Congo - Kinshasa"},"lo":{"code":"LA","native":"Laos","localized":"Laos"},"lt":{"code":"LT","native":"Lithuania","localized":"Lituania"},"lv":{"code":"LV","native":"Latvia","localized":"Letonia"},"mai":{"code":"IN","native":"India","localized":"India"},"mg":{"code":"MG","native":"Madagascar","localized":"Madagascar"},"mi":{"code":"NZ","native":"New Zealand","localized":"Noua Zeelandă"},"mk":{"code":"MK","native":"North Macedonia","localized":"Macedonia De Nord"},"ml":{"code":"IN","native":"India","localized":"India"},"mn":{"code":"MN","native":"Mongolia","localized":"Mongolia"},"mni_Mtei":{"code":"IN","native":"India","localized":"India"},"mr":{"code":"IN","native":"India","localized":"India"},"ms":{"code":"MY","native":"Malaysia","localized":"Malaysia"},"mt":{"code":"MT","native":"Malta","localized":"Malta"},"my":{"code":"MM","native":"Myanmar (Burma)","localized":"Myanmar (Birmania)"},"nb":{"code":"NO","native":"Norge","localized":"Norvegia"},"ne":{"code":"NP","native":"Nepal","localized":"Nepal"},"nl":{"code":"NL","native":"Nederland","localized":"Țările De Jos"},"nn":{"code":"NO","native":"Noreg","localized":"Norvegia"},"oc":{"code":"FR","native":"France","localized":"Franța"},"om":{"code":"ET","native":"Ethiopia","localized":"Etiopia"},"or":{"code":"IN","native":"India","localized":"India"},"pa":{"code":"IN","native":"India","localized":"India"},"pl":{"code":"PL","native":"Polska","localized":"Polonia"},"ps":{"code":"AF","native":"Afghanistan","localized":"Afganistan"},"pt":{"code":"BR","native":"Brasil","localized":"Brazilia"},"pt_BR":{"code":"BR","native":"Brasil","localized":"Brazilia"},"qu":{"code":"PE","native":"Peru","localized":"Peru"},"ro":{"code":"RO","native":"România","localized":"România"},"ru":{"code":"RU","native":"Россия","localized":"Rusia"},"rw":{"code":"RW","native":"Rwanda","localized":"Rwanda"},"sa":{"code":"IN","native":"India","localized":"India"},"sc":{"code":"IT","native":"Italy","localized":"Italia"},"sd":{"code":"PK","native":"Pakistan","localized":"Pakistan"},"si":{"code":"LK","native":"Sri Lanka","localized":"Sri Lanka"},"sk":{"code":"SK","native":"Slovensko","localized":"Slovacia"},"sl":{"code":"SI","native":"Slovenija","localized":"Slovenia"},"sn":{"code":"ZW","native":"Zimbabwe","localized":"Zimbabwe"},"so":{"code":"SO","native":"Somalia","localized":"Somalia"},"sq":{"code":"AL","native":"Albania","localized":"Albania"},"sr_Cyrl":{"code":"RS","native":"Србија","localized":"Serbia"},"sr_Latn":{"code":"RS","native":"Serbia","localized":"Serbia"},"sr_Latn_ME":{"code":"ME","native":"Montenegro","localized":"Muntenegru"},"su":{"code":"ID","native":"Indonesia","localized":"Indonezia"},"sv":{"code":"SE","native":"Sverige","localized":"Suedia"},"sw":{"code":"TZ","native":"Tanzania","localized":"Tanzania"},"ta":{"code":"IN","native":"India","localized":"India"},"te":{"code":"IN","native":"India","localized":"India"},"tg":{"code":"TJ","native":"Tajikistan","localized":"Tadjikistan"},"th":{"code":"TH","native":"ไทย","localized":"Thailanda"},"ti":{"code":"ET","native":"Ethiopia","localized":"Etiopia"},"tk":{"code":"TM","native":"Turkmenistan","localized":"Turkmenistan"},"tl":{"code":"PH","native":"Philippines","localized":"Filipine"},"tr":{"code":"TR","native":"Türkiye","localized":"Turcia"},"tt":{"code":"RU","native":"Russia","localized":"Rusia"},"ug":{"code":"CN","native":"China","localized":"China"},"uk":{"code":"UA","native":"Україна","localized":"Ucraina"},"ur":{"code":"PK","native":"Pakistan","localized":"Pakistan"},"uz_Cyrl":{"code":"UZ","native":"Uzbekistan","localized":"Uzbekistan"},"uz_Latn":{"code":"UZ","native":"Uzbekistan","localized":"Uzbekistan"},"vi":{"code":"VN","native":"Việt Nam","localized":"Vietnam"},"xh":{"code":"ZA","native":"South Africa","localized":"Africa De Sud"},"yi":{"code":"001","native":"World","localized":"Lume"},"yo":{"code":"NG","native":"Nigeria","localized":"Nigeria"},"zh_CN":{"code":"CN","native":"中国","localized":"China"},"zh_HK":{"code":"HK","native":"中国香港特别行政区","localized":"R.a.s. Hong Kong, China"},"zh_TW":{"code":"TW","native":"台湾","localized":"Taiwan"},"zu":{"code":"ZA","native":"South Africa","localized":"Africa De Sud"}}
