{"af":{"code":"ZA","native":"South Africa","localized":"Южно-Африканская Республика"},"ak":{"code":"GH","native":"Ghana","localized":"Гана"},"am":{"code":"ET","native":"Ethiopia","localized":"Эфиопия"},"ar":{"code":"EG","native":"مصر","localized":"Египет"},"as":{"code":"IN","native":"India","localized":"Индия"},"az":{"code":"AZ","native":"Azerbaijan","localized":"Азербайджан"},"be":{"code":"BY","native":"Belarus","localized":"Беларусь"},"bg":{"code":"BG","native":"Bulgaria","localized":"Болгария"},"bho":{"code":"IN","native":"India","localized":"Индия"},"bm":{"code":"ML","native":"Mali","localized":"Мали"},"bn":{"code":"BD","native":"Bangladesh","localized":"Бангладеш"},"bs":{"code":"BA","native":"Bosnia & Herzegovina","localized":"Босния И Герцеговина"},"ca":{"code":"ES","native":"Espanya","localized":"Испания"},"ceb":{"code":"PH","native":"Philippines","localized":"Филиппины"},"ckb":{"code":"IQ","native":"Iraq","localized":"Ирак"},"cs":{"code":"CZ","native":"Česko","localized":"Чехия"},"cy":{"code":"GB","native":"United Kingdom","localized":"Великобритания"},"da":{"code":"DK","native":"Danmark","localized":"Дания"},"de":{"code":"DE","native":"Deutschland","localized":"Германия"},"de_AT":{"code":"AT","native":"Österreich","localized":"Австрия"},"de_CH":{"code":"CH","native":"Schweiz","localized":"Швейцария"},"doi":{"code":"IN","native":"India","localized":"Индия"},"ee":{"code":"GH","native":"Ghana","localized":"Гана"},"el":{"code":"GR","native":"Ελλάδα","localized":"Греция"},"en":{"code":"US","native":"United States","localized":"Соединенные Штаты"},"en_CA":{"code":"CA","native":"Canada","localized":"Канада"},"eo":{"code":"001","native":"World","localized":"Весь Мир"},"es":{"code":"ES","native":"España","localized":"Испания"},"et":{"code":"EE","native":"Estonia","localized":"Эстония"},"eu":{"code":"ES","native":"Spain","localized":"Испания"},"fa":{"code":"IR","native":"Iran","localized":"Иран"},"fi":{"code":"FI","native":"Suomi","localized":"Финляндия"},"fil":{"code":"PH","native":"Philippines","localized":"Филиппины"},"fr":{"code":"FR","native":"France","localized":"Франция"},"fy":{"code":"NL","native":"Netherlands","localized":"Нидерланды"},"ga":{"code":"IE","native":"Ireland","localized":"Ирландия"},"gd":{"code":"GB","native":"United Kingdom","localized":"Великобритания"},"gl":{"code":"ES","native":"Spain","localized":"Испания"},"gu":{"code":"IN","native":"India","localized":"Индия"},"ha":{"code":"NG","native":"Nigeria","localized":"Нигерия"},"haw":{"code":"US","native":"United States","localized":"Соединенные Штаты"},"he":{"code":"IL","native":"ישראל","localized":"Израиль"},"hi":{"code":"IN","native":"भारत","localized":"Индия"},"hr":{"code":"HR","native":"Hrvatska","localized":"Хорватия"},"ht":{"code":"HT","native":"Haïti","localized":"Гаити"},"hu":{"code":"HU","native":"Magyarország","localized":"Венгрия"},"hy":{"code":"AM","native":"Armenia","localized":"Армения"},"id":{"code":"ID","native":"Indonesia","localized":"Индонезия"},"ig":{"code":"NG","native":"Nigeria","localized":"Нигерия"},"is":{"code":"IS","native":"Iceland","localized":"Исландия"},"it":{"code":"IT","native":"Italia","localized":"Италия"},"ja":{"code":"JP","native":"日本","localized":"Япония"},"ka":{"code":"GE","native":"Georgia","localized":"Грузия"},"kk":{"code":"KZ","native":"Kazakhstan","localized":"Казахстан"},"km":{"code":"KH","native":"Cambodia","localized":"Камбоджа"},"kn":{"code":"IN","native":"India","localized":"Индия"},"ko":{"code":"KR","native":"대한민국","localized":"Республика Корея"},"ku":{"code":"TR","native":"Turkey","localized":"Турция"},"ky":{"code":"KG","native":"Kyrgyzstan","localized":"Киргизия"},"lb":{"code":"LU","native":"Luxembourg","localized":"Люксембург"},"lg":{"code":"UG","native":"Uganda","localized":"Уганда"},"ln":{"code":"CD","native":"Congo - Kinshasa","localized":"Конго - Киншаса"},"lo":{"code":"LA","native":"Laos","localized":"Лаос"},"lt":{"code":"LT","native":"Lithuania","localized":"Литва"},"lv":{"code":"LV","native":"Latvia","localized":"Латвия"},"mai":{"code":"IN","native":"India","localized":"Индия"},"mg":{"code":"MG","native":"Madagascar","localized":"Мадагаскар"},"mi":{"code":"NZ","native":"New Zealand","localized":"Новая Зеландия"},"mk":{"code":"MK","native":"North Macedonia","localized":"Северная Македония"},"ml":{"code":"IN","native":"India","localized":"Индия"},"mn":{"code":"MN","native":"Mongolia","localized":"Монголия"},"mni_Mtei":{"code":"IN","native":"India","localized":"Индия"},"mr":{"code":"IN","native":"India","localized":"Индия"},"ms":{"code":"MY","native":"Malaysia","localized":"Малайзия"},"mt":{"code":"MT","native":"Malta","localized":"Мальта"},"my":{"code":"MM","native":"Myanmar (Burma)","localized":"Мьянма (Бирма)"},"nb":{"code":"NO","native":"Norge","localized":"Норвегия"},"ne":{"code":"NP","native":"Nepal","localized":"Непал"},"nl":{"code":"NL","native":"Nederland","localized":"Нидерланды"},"nn":{"code":"NO","native":"Noreg","localized":"Норвегия"},"oc":{"code":"FR","native":"France","localized":"Франция"},"om":{"code":"ET","native":"Ethiopia","localized":"Эфиопия"},"or":{"code":"IN","native":"India","localized":"Индия"},"pa":{"code":"IN","native":"India","localized":"Индия"},"pl":{"code":"PL","native":"Polska","localized":"Польша"},"ps":{"code":"AF","native":"Afghanistan","localized":"Афганистан"},"pt":{"code":"BR","native":"Brasil","localized":"Бразилия"},"pt_BR":{"code":"BR","native":"Brasil","localized":"Бразилия"},"qu":{"code":"PE","native":"Peru","localized":"Перу"},"ro":{"code":"RO","native":"România","localized":"Румыния"},"ru":{"code":"RU","native":"Россия","localized":"Россия"},"rw":{"code":"RW","native":"Rwanda","localized":"Руанда"},"sa":{"code":"IN","native":"India","localized":"Индия"},"sc":{"code":"IT","native":"Italy","localized":"Италия"},"sd":{"code":"PK","native":"Pakistan","localized":"Пакистан"},"si":{"code":"LK","native":"Sri Lanka","localized":"Шри-Ланка"},"sk":{"code":"SK","native":"Slovensko","localized":"Словакия"},"sl":{"code":"SI","native":"Slovenija","localized":"Словения"},"sn":{"code":"ZW","native":"Zimbabwe","localized":"Зимбабве"},"so":{"code":"SO","native":"Somalia","localized":"Сомали"},"sq":{"code":"AL","native":"Albania","localized":"Албания"},"sr_Cyrl":{"code":"RS","native":"Србија","localized":"Сербия"},"sr_Latn":{"code":"RS","native":"Serbia","localized":"Сербия"},"sr_Latn_ME":{"code":"ME","native":"Montenegro","localized":"Черногория"},"su":{"code":"ID","native":"Indonesia","localized":"Индонезия"},"sv":{"code":"SE","native":"Sverige","localized":"Швеция"},"sw":{"code":"TZ","native":"Tanzania","localized":"Танзания"},"ta":{"code":"IN","native":"India","localized":"Индия"},"te":{"code":"IN","native":"India","localized":"Индия"},"tg":{"code":"TJ","native":"Tajikistan","localized":"Таджикистан"},"th":{"code":"TH","native":"ไทย","localized":"Таиланд"},"ti":{"code":"ET","native":"Ethiopia","localized":"Эфиопия"},"tk":{"code":"TM","native":"Turkmenistan","localized":"Туркменистан"},"tl":{"code":"PH","native":"Philippines","localized":"Филиппины"},"tr":{"code":"TR","native":"Türkiye","localized":"Турция"},"tt":{"code":"RU","native":"Russia","localized":"Россия"},"ug":{"code":"CN","native":"China","localized":"Китай"},"uk":{"code":"UA","native":"Україна","localized":"Украина"},"ur":{"code":"PK","native":"Pakistan","localized":"Пакистан"},"uz_Cyrl":{"code":"UZ","native":"Uzbekistan","localized":"Узбекистан"},"uz_Latn":{"code":"UZ","native":"Uzbekistan","localized":"Узбекистан"},"vi":{"code":"VN","native":"Việt Nam","localized":"Вьетнам"},"xh":{"code":"ZA","native":"South Africa","localized":"Южно-Африканская Республика"},"yi":{"code":"001","native":"World","localized":"Весь Мир"},"yo":{"code":"NG","native":"Nigeria","localized":"Нигерия"},"zh_CN":{"code":"CN","native":"中国","localized":"Китай"},"zh_HK":{"code":"HK","native":"中国香港特别行政区","localized":"Гонконг (Сар)"},"zh_TW":{"code":"TW","native":"台湾","localized":"Тайвань"},"zu":{"code":"ZA","native":"South Africa","localized":"Южно-Африканская Республика"}}
