{"af":{"code":"ZA","native":"South Africa","localized":"Južná Afrika"},"ak":{"code":"GH","native":"Ghana","localized":"Ghana"},"am":{"code":"ET","native":"Ethiopia","localized":"Etiópia"},"ar":{"code":"EG","native":"مصر","localized":"Egypt"},"as":{"code":"IN","native":"India","localized":"India"},"az":{"code":"AZ","native":"Azerbaijan","localized":"Azerbajdžan"},"be":{"code":"BY","native":"Belarus","localized":"Bielorusko"},"bg":{"code":"BG","native":"Bulgaria","localized":"Bulharsko"},"bho":{"code":"IN","native":"India","localized":"India"},"bm":{"code":"ML","native":"Mali","localized":"Mali"},"bn":{"code":"BD","native":"Bangladesh","localized":"Bangladéš"},"bs":{"code":"BA","native":"Bosnia & Herzegovina","localized":"Bosna A Hercegovina"},"ca":{"code":"ES","native":"Espanya","localized":"Španielsko"},"ceb":{"code":"PH","native":"Philippines","localized":"Filipíny"},"ckb":{"code":"IQ","native":"Iraq","localized":"Irak"},"cs":{"code":"CZ","native":"Česko","localized":"Česko"},"cy":{"code":"GB","native":"United Kingdom","localized":"Spojené Kráľovstvo"},"da":{"code":"DK","native":"Danmark","localized":"Dánsko"},"de":{"code":"DE","native":"Deutschland","localized":"Nemecko"},"de_AT":{"code":"AT","native":"Österreich","localized":"Rakúsko"},"de_CH":{"code":"CH","native":"Schweiz","localized":"Švajčiarsko"},"doi":{"code":"IN","native":"India","localized":"India"},"ee":{"code":"GH","native":"Ghana","localized":"Ghana"},"el":{"code":"GR","native":"Ελλάδα","localized":"Grécko"},"en":{"code":"US","native":"United States","localized":"Spojené Štáty"},"en_CA":{"code":"CA","native":"Canada","localized":"Kanada"},"eo":{"code":"001","native":"World","localized":"Svet"},"es":{"code":"ES","native":"España","localized":"Španielsko"},"et":{"code":"EE","native":"Estonia","localized":"Estónsko"},"eu":{"code":"ES","native":"Spain","localized":"Španielsko"},"fa":{"code":"IR","native":"Iran","localized":"Irán"},"fi":{"code":"FI","native":"Suomi","localized":"Fínsko"},"fil":{"code":"PH","native":"Philippines","localized":"Filipíny"},"fr":{"code":"FR","native":"France","localized":"Francúzsko"},"fy":{"code":"NL","native":"Netherlands","localized":"Holandsko"},"ga":{"code":"IE","native":"Ireland","localized":"Írsko"},"gd":{"code":"GB","native":"United Kingdom","localized":"Spojené Kráľovstvo"},"gl":{"code":"ES","native":"Spain","localized":"Španielsko"},"gu":{"code":"IN","native":"India","localized":"India"},"ha":{"code":"NG","native":"Nigeria","localized":"Nigéria"},"haw":{"code":"US","native":"United States","localized":"Spojené Štáty"},"he":{"code":"IL","native":"ישראל","localized":"Izrael"},"hi":{"code":"IN","native":"भारत","localized":"India"},"hr":{"code":"HR","native":"Hrvatska","localized":"Chorvátsko"},"ht":{"code":"HT","native":"Haïti","localized":"Haiti"},"hu":{"code":"HU","native":"Magyarország","localized":"Maďarsko"},"hy":{"code":"AM","native":"Armenia","localized":"Arménsko"},"id":{"code":"ID","native":"Indonesia","localized":"Indonézia"},"ig":{"code":"NG","native":"Nigeria","localized":"Nigéria"},"is":{"code":"IS","native":"Iceland","localized":"Island"},"it":{"code":"IT","native":"Italia","localized":"Taliansko"},"ja":{"code":"JP","native":"日本","localized":"Japonsko"},"ka":{"code":"GE","native":"Georgia","localized":"Gruzínsko"},"kk":{"code":"KZ","native":"Kazakhstan","localized":"Kazachstan"},"km":{"code":"KH","native":"Cambodia","localized":"Kambodža"},"kn":{"code":"IN","native":"India","localized":"India"},"ko":{"code":"KR","native":"대한민국","localized":"Južná Kórea"},"ku":{"code":"TR","native":"Turkey","localized":"Turecko"},"ky":{"code":"KG","native":"Kyrgyzstan","localized":"Kirgizsko"},"lb":{"code":"LU","native":"Luxembourg","localized":"Luxembursko"},"lg":{"code":"UG","native":"Uganda","localized":"Uganda"},"ln":{"code":"CD","native":"Congo - Kinshasa","localized":"Konžská Demokratická Republika"},"lo":{"code":"LA","native":"Laos","localized":"Laos"},"lt":{"code":"LT","native":"Lithuania","localized":"Litva"},"lv":{"code":"LV","native":"Latvia","localized":"Lotyšsko"},"mai":{"code":"IN","native":"India","localized":"India"},"mg":{"code":"MG","native":"Madagascar","localized":"Madagaskar"},"mi":{"code":"NZ","native":"New Zealand","localized":"Nový Zéland"},"mk":{"code":"MK","native":"North Macedonia","localized":"Severné Macedónsko"},"ml":{"code":"IN","native":"India","localized":"India"},"mn":{"code":"MN","native":"Mongolia","localized":"Mongolsko"},"mni_Mtei":{"code":"IN","native":"India","localized":"India"},"mr":{"code":"IN","native":"India","localized":"India"},"ms":{"code":"MY","native":"Malaysia","localized":"Malajzia"},"mt":{"code":"MT","native":"Malta","localized":"Malta"},"my":{"code":"MM","native":"Myanmar (Burma)","localized":"Mjanmarsko"},"nb":{"code":"NO","native":"Norge","localized":"Nórsko"},"ne":{"code":"NP","native":"Nepal","localized":"Nepál"},"nl":{"code":"NL","native":"Nederland","localized":"Holandsko"},"nn":{"code":"NO","native":"Noreg","localized":"Nórsko"},"oc":{"code":"FR","native":"France","localized":"Francúzsko"},"om":{"code":"ET","native":"Ethiopia","localized":"Etiópia"},"or":{"code":"IN","native":"India","localized":"India"},"pa":{"code":"IN","native":"India","localized":"India"},"pl":{"code":"PL","native":"Polska","localized":"Poľsko"},"ps":{"code":"AF","native":"Afghanistan","localized":"Afganistan"},"pt":{"code":"BR","native":"Brasil","localized":"Brazília"},"pt_BR":{"code":"BR","native":"Brasil","localized":"Brazília"},"qu":{"code":"PE","native":"Peru","localized":"Peru"},"ro":{"code":"RO","native":"România","localized":"Rumunsko"},"ru":{"code":"RU","native":"Россия","localized":"Rusko"},"rw":{"code":"RW","native":"Rwanda","localized":"Rwanda"},"sa":{"code":"IN","native":"India","localized":"India"},"sc":{"code":"IT","native":"Italy","localized":"Taliansko"},"sd":{"code":"PK","native":"Pakistan","localized":"Pakistan"},"si":{"code":"LK","native":"Sri Lanka","localized":"Srí Lanka"},"sk":{"code":"SK","native":"Slovensko","localized":"Slovensko"},"sl":{"code":"SI","native":"Slovenija","localized":"Slovinsko"},"sn":{"code":"ZW","native":"Zimbabwe","localized":"Zimbabwe"},"so":{"code":"SO","native":"Somalia","localized":"Somálsko"},"sq":{"code":"AL","native":"Albania","localized":"Albánsko"},"sr_Cyrl":{"code":"RS","native":"Србија","localized":"Srbsko"},"sr_Latn":{"code":"RS","native":"Serbia","localized":"Srbsko"},"sr_Latn_ME":{"code":"ME","native":"Montenegro","localized":"Čierna Hora"},"su":{"code":"ID","native":"Indonesia","localized":"Indonézia"},"sv":{"code":"SE","native":"Sverige","localized":"Švédsko"},"sw":{"code":"TZ","native":"Tanzania","localized":"Tanzánia"},"ta":{"code":"IN","native":"India","localized":"India"},"te":{"code":"IN","native":"India","localized":"India"},"tg":{"code":"TJ","native":"Tajikistan","localized":"Tadžikistan"},"th":{"code":"TH","native":"ไทย","localized":"Thajsko"},"ti":{"code":"ET","native":"Ethiopia","localized":"Etiópia"},"tk":{"code":"TM","native":"Turkmenistan","localized":"Turkménsko"},"tl":{"code":"PH","native":"Philippines","localized":"Filipíny"},"tr":{"code":"TR","native":"Türkiye","localized":"Turecko"},"tt":{"code":"RU","native":"Russia","localized":"Rusko"},"ug":{"code":"CN","native":"China","localized":"Čína"},"uk":{"code":"UA","native":"Україна","localized":"Ukrajina"},"ur":{"code":"PK","native":"Pakistan","localized":"Pakistan"},"uz_Cyrl":{"code":"UZ","native":"Uzbekistan","localized":"Uzbekistan"},"uz_Latn":{"code":"UZ","native":"Uzbekistan","localized":"Uzbekistan"},"vi":{"code":"VN","native":"Việt Nam","localized":"Vietnam"},"xh":{"code":"ZA","native":"South Africa","localized":"Južná Afrika"},"yi":{"code":"001","native":"World","localized":"Svet"},"yo":{"code":"NG","native":"Nigeria","localized":"Nigéria"},"zh_CN":{"code":"CN","native":"中国","localized":"Čína"},"zh_HK":{"code":"HK","native":"中国香港特别行政区","localized":"Hongkong – Oao Číny"},"zh_TW":{"code":"TW","native":"台湾","localized":"Taiwan"},"zu":{"code":"ZA","native":"South Africa","localized":"Južná Afrika"}}
