{"af":{"code":"ZA","native":"South Africa","localized":"Јужноафричка Република"},"ak":{"code":"GH","native":"Ghana","localized":"Гана"},"am":{"code":"ET","native":"Ethiopia","localized":"Етиопија"},"ar":{"code":"EG","native":"مصر","localized":"Египат"},"as":{"code":"IN","native":"India","localized":"Индија"},"az":{"code":"AZ","native":"Azerbaijan","localized":"Азербејџан"},"be":{"code":"BY","native":"Belarus","localized":"Белорусија"},"bg":{"code":"BG","native":"Bulgaria","localized":"Бугарска"},"bho":{"code":"IN","native":"India","localized":"Индија"},"bm":{"code":"ML","native":"Mali","localized":"Мали"},"bn":{"code":"BD","native":"Bangladesh","localized":"Бангладеш"},"bs":{"code":"BA","native":"Bosnia & Herzegovina","localized":"Босна И Херцеговина"},"ca":{"code":"ES","native":"Espanya","localized":"Шпанија"},"ceb":{"code":"PH","native":"Philippines","localized":"Филипини"},"ckb":{"code":"IQ","native":"Iraq","localized":"Ирак"},"cs":{"code":"CZ","native":"Česko","localized":"Чешка"},"cy":{"code":"GB","native":"United Kingdom","localized":"Уједињено Краљевство"},"da":{"code":"DK","native":"Danmark","localized":"Данска"},"de":{"code":"DE","native":"Deutschland","localized":"Немачка"},"de_AT":{"code":"AT","native":"Österreich","localized":"Аустрија"},"de_CH":{"code":"CH","native":"Schweiz","localized":"Швајцарска"},"doi":{"code":"IN","native":"India","localized":"Индија"},"ee":{"code":"GH","native":"Ghana","localized":"Гана"},"el":{"code":"GR","native":"Ελλάδα","localized":"Грчка"},"en":{"code":"US","native":"United States","localized":"Сједињене Државе"},"en_CA":{"code":"CA","native":"Canada","localized":"Канада"},"eo":{"code":"001","native":"World","localized":"Свет"},"es":{"code":"ES","native":"España","localized":"Шпанија"},"et":{"code":"EE","native":"Estonia","localized":"Естонија"},"eu":{"code":"ES","native":"Spain","localized":"Шпанија"},"fa":{"code":"IR","native":"Iran","localized":"Иран"},"fi":{"code":"FI","native":"Suomi","localized":"Финска"},"fil":{"code":"PH","native":"Philippines","localized":"Филипини"},"fr":{"code":"FR","native":"France","localized":"Француска"},"fy":{"code":"NL","native":"Netherlands","localized":"Холандија"},"ga":{"code":"IE","native":"Ireland","localized":"Ирска"},"gd":{"code":"GB","native":"United Kingdom","localized":"Уједињено Краљевство"},"gl":{"code":"ES","native":"Spain","localized":"Шпанија"},"gu":{"code":"IN","native":"India","localized":"Индија"},"ha":{"code":"NG","native":"Nigeria","localized":"Нигерија"},"haw":{"code":"US","native":"United States","localized":"Сједињене Државе"},"he":{"code":"IL","native":"ישראל","localized":"Израел"},"hi":{"code":"IN","native":"भारत","localized":"Индија"},"hr":{"code":"HR","native":"Hrvatska","localized":"Хрватска"},"ht":{"code":"HT","native":"Haïti","localized":"Хаити"},"hu":{"code":"HU","native":"Magyarország","localized":"Мађарска"},"hy":{"code":"AM","native":"Armenia","localized":"Јерменија"},"id":{"code":"ID","native":"Indonesia","localized":"Индонезија"},"ig":{"code":"NG","native":"Nigeria","localized":"Нигерија"},"is":{"code":"IS","native":"Iceland","localized":"Исланд"},"it":{"code":"IT","native":"Italia","localized":"Италија"},"ja":{"code":"JP","native":"日本","localized":"Јапан"},"ka":{"code":"GE","native":"Georgia","localized":"Грузија"},"kk":{"code":"KZ","native":"Kazakhstan","localized":"Казахстан"},"km":{"code":"KH","native":"Cambodia","localized":"Камбоџа"},"kn":{"code":"IN","native":"India","localized":"Индија"},"ko":{"code":"KR","native":"대한민국","localized":"Јужна Кореја"},"ku":{"code":"TR","native":"Turkey","localized":"Турска"},"ky":{"code":"KG","native":"Kyrgyzstan","localized":"Киргистан"},"lb":{"code":"LU","native":"Luxembourg","localized":"Луксембург"},"lg":{"code":"UG","native":"Uganda","localized":"Уганда"},"ln":{"code":"CD","native":"Congo - Kinshasa","localized":"Конго - Киншаса"},"lo":{"code":"LA","native":"Laos","localized":"Лаос"},"lt":{"code":"LT","native":"Lithuania","localized":"Литванија"},"lv":{"code":"LV","native":"Latvia","localized":"Летонија"},"mai":{"code":"IN","native":"India","localized":"Индија"},"mg":{"code":"MG","native":"Madagascar","localized":"Мадагаскар"},"mi":{"code":"NZ","native":"New Zealand","localized":"Нови Зеланд"},"mk":{"code":"MK","native":"North Macedonia","localized":"Северна Македонија"},"ml":{"code":"IN","native":"India","localized":"Индија"},"mn":{"code":"MN","native":"Mongolia","localized":"Монголија"},"mni_Mtei":{"code":"IN","native":"India","localized":"Индија"},"mr":{"code":"IN","native":"India","localized":"Индија"},"ms":{"code":"MY","native":"Malaysia","localized":"Малезија"},"mt":{"code":"MT","native":"Malta","localized":"Малта"},"my":{"code":"MM","native":"Myanmar (Burma)","localized":"Мијанмар (Бурма)"},"nb":{"code":"NO","native":"Norge","localized":"Норвешка"},"ne":{"code":"NP","native":"Nepal","localized":"Непал"},"nl":{"code":"NL","native":"Nederland","localized":"Холандија"},"nn":{"code":"NO","native":"Noreg","localized":"Норвешка"},"oc":{"code":"FR","native":"France","localized":"Француска"},"om":{"code":"ET","native":"Ethiopia","localized":"Етиопија"},"or":{"code":"IN","native":"India","localized":"Индија"},"pa":{"code":"IN","native":"India","localized":"Индија"},"pl":{"code":"PL","native":"Polska","localized":"Пољска"},"ps":{"code":"AF","native":"Afghanistan","localized":"Авганистан"},"pt":{"code":"BR","native":"Brasil","localized":"Бразил"},"pt_BR":{"code":"BR","native":"Brasil","localized":"Бразил"},"qu":{"code":"PE","native":"Peru","localized":"Перу"},"ro":{"code":"RO","native":"România","localized":"Румунија"},"ru":{"code":"RU","native":"Россия","localized":"Русија"},"rw":{"code":"RW","native":"Rwanda","localized":"Руанда"},"sa":{"code":"IN","native":"India","localized":"Индија"},"sc":{"code":"IT","native":"Italy","localized":"Италија"},"sd":{"code":"PK","native":"Pakistan","localized":"Пакистан"},"si":{"code":"LK","native":"Sri Lanka","localized":"Шри Ланка"},"sk":{"code":"SK","native":"Slovensko","localized":"Словачка"},"sl":{"code":"SI","native":"Slovenija","localized":"Словенија"},"sn":{"code":"ZW","native":"Zimbabwe","localized":"Зимбабве"},"so":{"code":"SO","native":"Somalia","localized":"Сомалија"},"sq":{"code":"AL","native":"Albania","localized":"Албанија"},"sr_Cyrl":{"code":"RS","native":"Србија","localized":"Србија"},"sr_Latn":{"code":"RS","native":"Serbia","localized":"Србија"},"sr_Latn_ME":{"code":"ME","native":"Montenegro","localized":"Црна Гора"},"su":{"code":"ID","native":"Indonesia","localized":"Индонезија"},"sv":{"code":"SE","native":"Sverige","localized":"Шведска"},"sw":{"code":"TZ","native":"Tanzania","localized":"Танзанија"},"ta":{"code":"IN","native":"India","localized":"Индија"},"te":{"code":"IN","native":"India","localized":"Индија"},"tg":{"code":"TJ","native":"Tajikistan","localized":"Таџикистан"},"th":{"code":"TH","native":"ไทย","localized":"Тајланд"},"ti":{"code":"ET","native":"Ethiopia","localized":"Етиопија"},"tk":{"code":"TM","native":"Turkmenistan","localized":"Туркменистан"},"tl":{"code":"PH","native":"Philippines","localized":"Филипини"},"tr":{"code":"TR","native":"Türkiye","localized":"Турска"},"tt":{"code":"RU","native":"Russia","localized":"Русија"},"ug":{"code":"CN","native":"China","localized":"Кина"},"uk":{"code":"UA","native":"Україна","localized":"Украјина"},"ur":{"code":"PK","native":"Pakistan","localized":"Пакистан"},"uz_Cyrl":{"code":"UZ","native":"Uzbekistan","localized":"Узбекистан"},"uz_Latn":{"code":"UZ","native":"Uzbekistan","localized":"Узбекистан"},"vi":{"code":"VN","native":"Việt Nam","localized":"Вијетнам"},"xh":{"code":"ZA","native":"South Africa","localized":"Јужноафричка Република"},"yi":{"code":"001","native":"World","localized":"Свет"},"yo":{"code":"NG","native":"Nigeria","localized":"Нигерија"},"zh_CN":{"code":"CN","native":"中国","localized":"Кина"},"zh_HK":{"code":"HK","native":"中国香港特别行政区","localized":"Сар Хонгконг (Кина)"},"zh_TW":{"code":"TW","native":"台湾","localized":"Тајван"},"zu":{"code":"ZA","native":"South Africa","localized":"Јужноафричка Република"}}
