{"af":{"code":"ZA","native":"South Africa","localized":"แอฟริกาใต้"},"ak":{"code":"GH","native":"Ghana","localized":"กานา"},"am":{"code":"ET","native":"Ethiopia","localized":"เอธิโอเปีย"},"ar":{"code":"EG","native":"مصر","localized":"อียิปต์"},"as":{"code":"IN","native":"India","localized":"อินเดีย"},"az":{"code":"AZ","native":"Azerbaijan","localized":"อาเซอร์ไบจาน"},"be":{"code":"BY","native":"Belarus","localized":"เบลารุส"},"bg":{"code":"BG","native":"Bulgaria","localized":"บัลแกเรีย"},"bho":{"code":"IN","native":"India","localized":"อินเดีย"},"bm":{"code":"ML","native":"Mali","localized":"มาลี"},"bn":{"code":"BD","native":"Bangladesh","localized":"บังกลาเทศ"},"bs":{"code":"BA","native":"Bosnia & Herzegovina","localized":"บอสเนียและเฮอร์เซโกวีนา"},"ca":{"code":"ES","native":"Espanya","localized":"สเปน"},"ceb":{"code":"PH","native":"Philippines","localized":"ฟิลิปปินส์"},"ckb":{"code":"IQ","native":"Iraq","localized":"อิรัก"},"cs":{"code":"CZ","native":"Česko","localized":"เช็ก"},"cy":{"code":"GB","native":"United Kingdom","localized":"สหราชอาณาจักร"},"da":{"code":"DK","native":"Danmark","localized":"เดนมาร์ก"},"de":{"code":"DE","native":"Deutschland","localized":"เยอรมนี"},"de_AT":{"code":"AT","native":"Österreich","localized":"ออสเตรีย"},"de_CH":{"code":"CH","native":"Schweiz","localized":"สวิตเซอร์แลนด์"},"doi":{"code":"IN","native":"India","localized":"อินเดีย"},"ee":{"code":"GH","native":"Ghana","localized":"กานา"},"el":{"code":"GR","native":"Ελλάδα","localized":"กรีซ"},"en":{"code":"US","native":"United States","localized":"สหรัฐอเมริกา"},"en_CA":{"code":"CA","native":"Canada","localized":"แคนาดา"},"eo":{"code":"001","native":"World","localized":"โลก"},"es":{"code":"ES","native":"España","localized":"สเปน"},"et":{"code":"EE","native":"Estonia","localized":"เอสโตเนีย"},"eu":{"code":"ES","native":"Spain","localized":"สเปน"},"fa":{"code":"IR","native":"Iran","localized":"อิหร่าน"},"fi":{"code":"FI","native":"Suomi","localized":"ฟินแลนด์"},"fil":{"code":"PH","native":"Philippines","localized":"ฟิลิปปินส์"},"fr":{"code":"FR","native":"France","localized":"ฝรั่งเศส"},"fy":{"code":"NL","native":"Netherlands","localized":"เนเธอร์แลนด์"},"ga":{"code":"IE","native":"Ireland","localized":"ไอร์แลนด์"},"gd":{"code":"GB","native":"United Kingdom","localized":"สหราชอาณาจักร"},"gl":{"code":"ES","native":"Spain","localized":"สเปน"},"gu":{"code":"IN","native":"India","localized":"อินเดีย"},"ha":{"code":"NG","native":"Nigeria","localized":"ไนจีเรีย"},"haw":{"code":"US","native":"United States","localized":"สหรัฐอเมริกา"},"he":{"code":"IL","native":"ישראל","localized":"อิสราเอล"},"hi":{"code":"IN","native":"भारत","localized":"อินเดีย"},"hr":{"code":"HR","native":"Hrvatska","localized":"โครเอเชีย"},"ht":{"code":"HT","native":"Haïti","localized":"เฮติ"},"hu":{"code":"HU","native":"Magyarország","localized":"ฮังการี"},"hy":{"code":"AM","native":"Armenia","localized":"อาร์เมเนีย"},"id":{"code":"ID","native":"Indonesia","localized":"อินโดนีเซีย"},"ig":{"code":"NG","native":"Nigeria","localized":"ไนจีเรีย"},"is":{"code":"IS","native":"Iceland","localized":"ไอซ์แลนด์"},"it":{"code":"IT","native":"Italia","localized":"อิตาลี"},"ja":{"code":"JP","native":"日本","localized":"ญี่ปุ่น"},"ka":{"code":"GE","native":"Georgia","localized":"จอร์เจีย"},"kk":{"code":"KZ","native":"Kazakhstan","localized":"คาซัคสถาน"},"km":{"code":"KH","native":"Cambodia","localized":"กัมพูชา"},"kn":{"code":"IN","native":"India","localized":"อินเดีย"},"ko":{"code":"KR","native":"대한민국","localized":"เกาหลีใต้"},"ku":{"code":"TR","native":"Turkey","localized":"ตุรกี"},"ky":{"code":"KG","native":"Kyrgyzstan","localized":"คีร์กีซสถาน"},"lb":{"code":"LU","native":"Luxembourg","localized":"ลักเซมเบิร์ก"},"lg":{"code":"UG","native":"Uganda","localized":"ยูกันดา"},"ln":{"code":"CD","native":"Congo - Kinshasa","localized":"คองโก - กินชาซา"},"lo":{"code":"LA","native":"Laos","localized":"ลาว"},"lt":{"code":"LT","native":"Lithuania","localized":"ลิทัวเนีย"},"lv":{"code":"LV","native":"Latvia","localized":"ลัตเวีย"},"mai":{"code":"IN","native":"India","localized":"อินเดีย"},"mg":{"code":"MG","native":"Madagascar","localized":"มาดากัสการ์"},"mi":{"code":"NZ","native":"New Zealand","localized":"นิวซีแลนด์"},"mk":{"code":"MK","native":"North Macedonia","localized":"มาซิโดเนียเหนือ"},"ml":{"code":"IN","native":"India","localized":"อินเดีย"},"mn":{"code":"MN","native":"Mongolia","localized":"มองโกเลีย"},"mni_Mtei":{"code":"IN","native":"India","localized":"อินเดีย"},"mr":{"code":"IN","native":"India","localized":"อินเดีย"},"ms":{"code":"MY","native":"Malaysia","localized":"มาเลเซีย"},"mt":{"code":"MT","native":"Malta","localized":"มอลตา"},"my":{"code":"MM","native":"Myanmar (Burma)","localized":"เมียนมา (พม่า)"},"nb":{"code":"NO","native":"Norge","localized":"นอร์เวย์"},"ne":{"code":"NP","native":"Nepal","localized":"เนปาล"},"nl":{"code":"NL","native":"Nederland","localized":"เนเธอร์แลนด์"},"nn":{"code":"NO","native":"Noreg","localized":"นอร์เวย์"},"oc":{"code":"FR","native":"France","localized":"ฝรั่งเศส"},"om":{"code":"ET","native":"Ethiopia","localized":"เอธิโอเปีย"},"or":{"code":"IN","native":"India","localized":"อินเดีย"},"pa":{"code":"IN","native":"India","localized":"อินเดีย"},"pl":{"code":"PL","native":"Polska","localized":"โปแลนด์"},"ps":{"code":"AF","native":"Afghanistan","localized":"อัฟกานิสถาน"},"pt":{"code":"BR","native":"Brasil","localized":"บราซิล"},"pt_BR":{"code":"BR","native":"Brasil","localized":"บราซิล"},"qu":{"code":"PE","native":"Peru","localized":"เปรู"},"ro":{"code":"RO","native":"România","localized":"โรมาเนีย"},"ru":{"code":"RU","native":"Россия","localized":"รัสเซีย"},"rw":{"code":"RW","native":"Rwanda","localized":"รวันดา"},"sa":{"code":"IN","native":"India","localized":"อินเดีย"},"sc":{"code":"IT","native":"Italy","localized":"อิตาลี"},"sd":{"code":"PK","native":"Pakistan","localized":"ปากีสถาน"},"si":{"code":"LK","native":"Sri Lanka","localized":"ศรีลังกา"},"sk":{"code":"SK","native":"Slovensko","localized":"สโลวะเกีย"},"sl":{"code":"SI","native":"Slovenija","localized":"สโลวีเนีย"},"sn":{"code":"ZW","native":"Zimbabwe","localized":"ซิมบับเว"},"so":{"code":"SO","native":"Somalia","localized":"โซมาเลีย"},"sq":{"code":"AL","native":"Albania","localized":"แอลเบเนีย"},"sr_Cyrl":{"code":"RS","native":"Србија","localized":"เซอร์เบีย"},"sr_Latn":{"code":"RS","native":"Serbia","localized":"เซอร์เบีย"},"sr_Latn_ME":{"code":"ME","native":"Montenegro","localized":"มอนเตเนโกร"},"su":{"code":"ID","native":"Indonesia","localized":"อินโดนีเซีย"},"sv":{"code":"SE","native":"Sverige","localized":"สวีเดน"},"sw":{"code":"TZ","native":"Tanzania","localized":"แทนซาเนีย"},"ta":{"code":"IN","native":"India","localized":"อินเดีย"},"te":{"code":"IN","native":"India","localized":"อินเดีย"},"tg":{"code":"TJ","native":"Tajikistan","localized":"ทาจิกิสถาน"},"th":{"code":"TH","native":"ไทย","localized":"ไทย"},"ti":{"code":"ET","native":"Ethiopia","localized":"เอธิโอเปีย"},"tk":{"code":"TM","native":"Turkmenistan","localized":"เติร์กเมนิสถาน"},"tl":{"code":"PH","native":"Philippines","localized":"ฟิลิปปินส์"},"tr":{"code":"TR","native":"Türkiye","localized":"ตุรกี"},"tt":{"code":"RU","native":"Russia","localized":"รัสเซีย"},"ug":{"code":"CN","native":"China","localized":"จีน"},"uk":{"code":"UA","native":"Україна","localized":"ยูเครน"},"ur":{"code":"PK","native":"Pakistan","localized":"ปากีสถาน"},"uz_Cyrl":{"code":"UZ","native":"Uzbekistan","localized":"อุซเบกิสถาน"},"uz_Latn":{"code":"UZ","native":"Uzbekistan","localized":"อุซเบกิสถาน"},"vi":{"code":"VN","native":"Việt Nam","localized":"เวียดนาม"},"xh":{"code":"ZA","native":"South Africa","localized":"แอฟริกาใต้"},"yi":{"code":"001","native":"World","localized":"โลก"},"yo":{"code":"NG","native":"Nigeria","localized":"ไนจีเรีย"},"zh_CN":{"code":"CN","native":"中国","localized":"จีน"},"zh_HK":{"code":"HK","native":"中国香港特别行政区","localized":"เขตปกครองพิเศษฮ่องกงแห่งสาธารณรัฐประชาชนจีน"},"zh_TW":{"code":"TW","native":"台湾","localized":"ไต้หวัน"},"zu":{"code":"ZA","native":"South Africa","localized":"แอฟริกาใต้"}}
