{"af":{"code":"ZA","native":"South Africa","localized":"Güney Afrika"},"ak":{"code":"GH","native":"Ghana","localized":"Gana"},"am":{"code":"ET","native":"Ethiopia","localized":"Etiyopya"},"ar":{"code":"EG","native":"مصر","localized":"Mısır"},"as":{"code":"IN","native":"India","localized":"Hindistan"},"az":{"code":"AZ","native":"Azerbaijan","localized":"Azerbaycan"},"be":{"code":"BY","native":"Belarus","localized":"Belarus"},"bg":{"code":"BG","native":"Bulgaria","localized":"Bulgaristan"},"bho":{"code":"IN","native":"India","localized":"Hindistan"},"bm":{"code":"ML","native":"Mali","localized":"Mali"},"bn":{"code":"BD","native":"Bangladesh","localized":"Bangladeş"},"bs":{"code":"BA","native":"Bosnia & Herzegovina","localized":"Bosna-Hersek"},"ca":{"code":"ES","native":"Espanya","localized":"İspanya"},"ceb":{"code":"PH","native":"Philippines","localized":"Filipinler"},"ckb":{"code":"IQ","native":"Iraq","localized":"Irak"},"cs":{"code":"CZ","native":"Česko","localized":"Çekya"},"cy":{"code":"GB","native":"United Kingdom","localized":"Birleşik Krallık"},"da":{"code":"DK","native":"Danmark","localized":"Danimarka"},"de":{"code":"DE","native":"Deutschland","localized":"Almanya"},"de_AT":{"code":"AT","native":"Österreich","localized":"Avusturya"},"de_CH":{"code":"CH","native":"Schweiz","localized":"İsviçre"},"doi":{"code":"IN","native":"India","localized":"Hindistan"},"ee":{"code":"GH","native":"Ghana","localized":"Gana"},"el":{"code":"GR","native":"Ελλάδα","localized":"Yunanistan"},"en":{"code":"US","native":"United States","localized":"Amerika Birleşik Devletleri"},"en_CA":{"code":"CA","native":"Canada","localized":"Kanada"},"eo":{"code":"001","native":"World","localized":"Dünya"},"es":{"code":"ES","native":"España","localized":"İspanya"},"et":{"code":"EE","native":"Estonia","localized":"Estonya"},"eu":{"code":"ES","native":"Spain","localized":"İspanya"},"fa":{"code":"IR","native":"Iran","localized":"İran"},"fi":{"code":"FI","native":"Suomi","localized":"Finlandiya"},"fil":{"code":"PH","native":"Philippines","localized":"Filipinler"},"fr":{"code":"FR","native":"France","localized":"Fransa"},"fy":{"code":"NL","native":"Netherlands","localized":"Hollanda"},"ga":{"code":"IE","native":"Ireland","localized":"İrlanda"},"gd":{"code":"GB","native":"United Kingdom","localized":"Birleşik Krallık"},"gl":{"code":"ES","native":"Spain","localized":"İspanya"},"gu":{"code":"IN","native":"India","localized":"Hindistan"},"ha":{"code":"NG","native":"Nigeria","localized":"Nijerya"},"haw":{"code":"US","native":"United States","localized":"Amerika Birleşik Devletleri"},"he":{"code":"IL","native":"ישראל","localized":"İsrail"},"hi":{"code":"IN","native":"भारत","localized":"Hindistan"},"hr":{"code":"HR","native":"Hrvatska","localized":"Hırvatistan"},"ht":{"code":"HT","native":"Haïti","localized":"Haiti"},"hu":{"code":"HU","native":"Magyarország","localized":"Macaristan"},"hy":{"code":"AM","native":"Armenia","localized":"Ermenistan"},"id":{"code":"ID","native":"Indonesia","localized":"Endonezya"},"ig":{"code":"NG","native":"Nigeria","localized":"Nijerya"},"is":{"code":"IS","native":"Iceland","localized":"İzlanda"},"it":{"code":"IT","native":"Italia","localized":"İtalya"},"ja":{"code":"JP","native":"日本","localized":"Japonya"},"ka":{"code":"GE","native":"Georgia","localized":"Gürcistan"},"kk":{"code":"KZ","native":"Kazakhstan","localized":"Kazakistan"},"km":{"code":"KH","native":"Cambodia","localized":"Kamboçya"},"kn":{"code":"IN","native":"India","localized":"Hindistan"},"ko":{"code":"KR","native":"대한민국","localized":"Güney Kore"},"ku":{"code":"TR","native":"Turkey","localized":"Türkiye"},"ky":{"code":"KG","native":"Kyrgyzstan","localized":"Kırgızistan"},"lb":{"code":"LU","native":"Luxembourg","localized":"Lüksemburg"},"lg":{"code":"UG","native":"Uganda","localized":"Uganda"},"ln":{"code":"CD","native":"Congo - Kinshasa","localized":"Kongo - Kinşasa"},"lo":{"code":"LA","native":"Laos","localized":"Laos"},"lt":{"code":"LT","native":"Lithuania","localized":"Litvanya"},"lv":{"code":"LV","native":"Latvia","localized":"Letonya"},"mai":{"code":"IN","native":"India","localized":"Hindistan"},"mg":{"code":"MG","native":"Madagascar","localized":"Madagaskar"},"mi":{"code":"NZ","native":"New Zealand","localized":"Yeni Zelanda"},"mk":{"code":"MK","native":"North Macedonia","localized":"Kuzey Makedonya"},"ml":{"code":"IN","native":"India","localized":"Hindistan"},"mn":{"code":"MN","native":"Mongolia","localized":"Moğolistan"},"mni_Mtei":{"code":"IN","native":"India","localized":"Hindistan"},"mr":{"code":"IN","native":"India","localized":"Hindistan"},"ms":{"code":"MY","native":"Malaysia","localized":"Malezya"},"mt":{"code":"MT","native":"Malta","localized":"Malta"},"my":{"code":"MM","native":"Myanmar (Burma)","localized":"Myanmar (Burma)"},"nb":{"code":"NO","native":"Norge","localized":"Norveç"},"ne":{"code":"NP","native":"Nepal","localized":"Nepal"},"nl":{"code":"NL","native":"Nederland","localized":"Hollanda"},"nn":{"code":"NO","native":"Noreg","localized":"Norveç"},"oc":{"code":"FR","native":"France","localized":"Fransa"},"om":{"code":"ET","native":"Ethiopia","localized":"Etiyopya"},"or":{"code":"IN","native":"India","localized":"Hindistan"},"pa":{"code":"IN","native":"India","localized":"Hindistan"},"pl":{"code":"PL","native":"Polska","localized":"Polonya"},"ps":{"code":"AF","native":"Afghanistan","localized":"Afganistan"},"pt":{"code":"BR","native":"Brasil","localized":"Brezilya"},"pt_BR":{"code":"BR","native":"Brasil","localized":"Brezilya"},"qu":{"code":"PE","native":"Peru","localized":"Peru"},"ro":{"code":"RO","native":"România","localized":"Romanya"},"ru":{"code":"RU","native":"Россия","localized":"Rusya"},"rw":{"code":"RW","native":"Rwanda","localized":"Ruanda"},"sa":{"code":"IN","native":"India","localized":"Hindistan"},"sc":{"code":"IT","native":"Italy","localized":"İtalya"},"sd":{"code":"PK","native":"Pakistan","localized":"Pakistan"},"si":{"code":"LK","native":"Sri Lanka","localized":"Sri Lanka"},"sk":{"code":"SK","native":"Slovensko","localized":"Slovakya"},"sl":{"code":"SI","native":"Slovenija","localized":"Slovenya"},"sn":{"code":"ZW","native":"Zimbabwe","localized":"Zimbabve"},"so":{"code":"SO","native":"Somalia","localized":"Somali"},"sq":{"code":"AL","native":"Albania","localized":"Arnavutluk"},"sr_Cyrl":{"code":"RS","native":"Србија","localized":"Sırbistan"},"sr_Latn":{"code":"RS","native":"Serbia","localized":"Sırbistan"},"sr_Latn_ME":{"code":"ME","native":"Montenegro","localized":"Karadağ"},"su":{"code":"ID","native":"Indonesia","localized":"Endonezya"},"sv":{"code":"SE","native":"Sverige","localized":"İsveç"},"sw":{"code":"TZ","native":"Tanzania","localized":"Tanzanya"},"ta":{"code":"IN","native":"India","localized":"Hindistan"},"te":{"code":"IN","native":"India","localized":"Hindistan"},"tg":{"code":"TJ","native":"Tajikistan","localized":"Tacikistan"},"th":{"code":"TH","native":"ไทย","localized":"Tayland"},"ti":{"code":"ET","native":"Ethiopia","localized":"Etiyopya"},"tk":{"code":"TM","native":"Turkmenistan","localized":"Türkmenistan"},"tl":{"code":"PH","native":"Philippines","localized":"Filipinler"},"tr":{"code":"TR","native":"Türkiye","localized":"Türkiye"},"tt":{"code":"RU","native":"Russia","localized":"Rusya"},"ug":{"code":"CN","native":"China","localized":"Çin"},"uk":{"code":"UA","native":"Україна","localized":"Ukrayna"},"ur":{"code":"PK","native":"Pakistan","localized":"Pakistan"},"uz_Cyrl":{"code":"UZ","native":"Uzbekistan","localized":"Özbekistan"},"uz_Latn":{"code":"UZ","native":"Uzbekistan","localized":"Özbekistan"},"vi":{"code":"VN","native":"Việt Nam","localized":"Vietnam"},"xh":{"code":"ZA","native":"South Africa","localized":"Güney Afrika"},"yi":{"code":"001","native":"World","localized":"Dünya"},"yo":{"code":"NG","native":"Nigeria","localized":"Nijerya"},"zh_CN":{"code":"CN","native":"中国","localized":"Çin"},"zh_HK":{"code":"HK","native":"中国香港特别行政区","localized":"Çin Hong Kong Öi̇b"},"zh_TW":{"code":"TW","native":"台湾","localized":"Tayvan"},"zu":{"code":"ZA","native":"South Africa","localized":"Güney Afrika"}}
