{"af":{"code":"ZA","native":"South Africa","localized":"Південно-Африканська Республіка"},"ak":{"code":"GH","native":"Ghana","localized":"Гана"},"am":{"code":"ET","native":"Ethiopia","localized":"Ефіопія"},"ar":{"code":"EG","native":"مصر","localized":"Єгипет"},"as":{"code":"IN","native":"India","localized":"Індія"},"az":{"code":"AZ","native":"Azerbaijan","localized":"Азербайджан"},"be":{"code":"BY","native":"Belarus","localized":"Білорусь"},"bg":{"code":"BG","native":"Bulgaria","localized":"Болгарія"},"bho":{"code":"IN","native":"India","localized":"Індія"},"bm":{"code":"ML","native":"Mali","localized":"Малі"},"bn":{"code":"BD","native":"Bangladesh","localized":"Бангладеш"},"bs":{"code":"BA","native":"Bosnia & Herzegovina","localized":"Боснія І Герцеговина"},"ca":{"code":"ES","native":"Espanya","localized":"Іспанія"},"ceb":{"code":"PH","native":"Philippines","localized":"Філіппіни"},"ckb":{"code":"IQ","native":"Iraq","localized":"Ірак"},"cs":{"code":"CZ","native":"Česko","localized":"Чехія"},"cy":{"code":"GB","native":"United Kingdom","localized":"Велика Британія"},"da":{"code":"DK","native":"Danmark","localized":"Данія"},"de":{"code":"DE","native":"Deutschland","localized":"Німеччина"},"de_AT":{"code":"AT","native":"Österreich","localized":"Австрія"},"de_CH":{"code":"CH","native":"Schweiz","localized":"Швейцарія"},"doi":{"code":"IN","native":"India","localized":"Індія"},"ee":{"code":"GH","native":"Ghana","localized":"Гана"},"el":{"code":"GR","native":"Ελλάδα","localized":"Греція"},"en":{"code":"US","native":"United States","localized":"Сполучені Штати"},"en_CA":{"code":"CA","native":"Canada","localized":"Канада"},"eo":{"code":"001","native":"World","localized":"Світ"},"es":{"code":"ES","native":"España","localized":"Іспанія"},"et":{"code":"EE","native":"Estonia","localized":"Естонія"},"eu":{"code":"ES","native":"Spain","localized":"Іспанія"},"fa":{"code":"IR","native":"Iran","localized":"Іран"},"fi":{"code":"FI","native":"Suomi","localized":"Фінляндія"},"fil":{"code":"PH","native":"Philippines","localized":"Філіппіни"},"fr":{"code":"FR","native":"France","localized":"Франція"},"fy":{"code":"NL","native":"Netherlands","localized":"Нідерланди"},"ga":{"code":"IE","native":"Ireland","localized":"Ірландія"},"gd":{"code":"GB","native":"United Kingdom","localized":"Велика Британія"},"gl":{"code":"ES","native":"Spain","localized":"Іспанія"},"gu":{"code":"IN","native":"India","localized":"Індія"},"ha":{"code":"NG","native":"Nigeria","localized":"Нігерія"},"haw":{"code":"US","native":"United States","localized":"Сполучені Штати"},"he":{"code":"IL","native":"ישראל","localized":"Ізраїль"},"hi":{"code":"IN","native":"भारत","localized":"Індія"},"hr":{"code":"HR","native":"Hrvatska","localized":"Хорватія"},"ht":{"code":"HT","native":"Haïti","localized":"Гаїті"},"hu":{"code":"HU","native":"Magyarország","localized":"Угорщина"},"hy":{"code":"AM","native":"Armenia","localized":"Вірменія"},"id":{"code":"ID","native":"Indonesia","localized":"Індонезія"},"ig":{"code":"NG","native":"Nigeria","localized":"Нігерія"},"is":{"code":"IS","native":"Iceland","localized":"Ісландія"},"it":{"code":"IT","native":"Italia","localized":"Італія"},"ja":{"code":"JP","native":"日本","localized":"Японія"},"ka":{"code":"GE","native":"Georgia","localized":"Грузія"},"kk":{"code":"KZ","native":"Kazakhstan","localized":"Казахстан"},"km":{"code":"KH","native":"Cambodia","localized":"Камбоджа"},"kn":{"code":"IN","native":"India","localized":"Індія"},"ko":{"code":"KR","native":"대한민국","localized":"Південна Корея"},"ku":{"code":"TR","native":"Turkey","localized":"Туреччина"},"ky":{"code":"KG","native":"Kyrgyzstan","localized":"Киргизстан"},"lb":{"code":"LU","native":"Luxembourg","localized":"Люксембург"},"lg":{"code":"UG","native":"Uganda","localized":"Уганда"},"ln":{"code":"CD","native":"Congo - Kinshasa","localized":"Конго – Кіншаса"},"lo":{"code":"LA","native":"Laos","localized":"Лаос"},"lt":{"code":"LT","native":"Lithuania","localized":"Литва"},"lv":{"code":"LV","native":"Latvia","localized":"Латвія"},"mai":{"code":"IN","native":"India","localized":"Індія"},"mg":{"code":"MG","native":"Madagascar","localized":"Мадагаскар"},"mi":{"code":"NZ","native":"New Zealand","localized":"Нова Зеландія"},"mk":{"code":"MK","native":"North Macedonia","localized":"Північна Македонія"},"ml":{"code":"IN","native":"India","localized":"Індія"},"mn":{"code":"MN","native":"Mongolia","localized":"Монголія"},"mni_Mtei":{"code":"IN","native":"India","localized":"Індія"},"mr":{"code":"IN","native":"India","localized":"Індія"},"ms":{"code":"MY","native":"Malaysia","localized":"Малайзія"},"mt":{"code":"MT","native":"Malta","localized":"Мальта"},"my":{"code":"MM","native":"Myanmar (Burma)","localized":"Мʼянма (Бірма)"},"nb":{"code":"NO","native":"Norge","localized":"Норвегія"},"ne":{"code":"NP","native":"Nepal","localized":"Непал"},"nl":{"code":"NL","native":"Nederland","localized":"Нідерланди"},"nn":{"code":"NO","native":"Noreg","localized":"Норвегія"},"oc":{"code":"FR","native":"France","localized":"Франція"},"om":{"code":"ET","native":"Ethiopia","localized":"Ефіопія"},"or":{"code":"IN","native":"India","localized":"Індія"},"pa":{"code":"IN","native":"India","localized":"Індія"},"pl":{"code":"PL","native":"Polska","localized":"Польща"},"ps":{"code":"AF","native":"Afghanistan","localized":"Афганістан"},"pt":{"code":"BR","native":"Brasil","localized":"Бразилія"},"pt_BR":{"code":"BR","native":"Brasil","localized":"Бразилія"},"qu":{"code":"PE","native":"Peru","localized":"Перу"},"ro":{"code":"RO","native":"România","localized":"Румунія"},"ru":{"code":"RU","native":"Россия","localized":"Росія"},"rw":{"code":"RW","native":"Rwanda","localized":"Руанда"},"sa":{"code":"IN","native":"India","localized":"Індія"},"sc":{"code":"IT","native":"Italy","localized":"Італія"},"sd":{"code":"PK","native":"Pakistan","localized":"Пакистан"},"si":{"code":"LK","native":"Sri Lanka","localized":"Шрі-Ланка"},"sk":{"code":"SK","native":"Slovensko","localized":"Словаччина"},"sl":{"code":"SI","native":"Slovenija","localized":"Словенія"},"sn":{"code":"ZW","native":"Zimbabwe","localized":"Зімбабве"},"so":{"code":"SO","native":"Somalia","localized":"Сомалі"},"sq":{"code":"AL","native":"Albania","localized":"Албанія"},"sr_Cyrl":{"code":"RS","native":"Србија","localized":"Сербія"},"sr_Latn":{"code":"RS","native":"Serbia","localized":"Сербія"},"sr_Latn_ME":{"code":"ME","native":"Montenegro","localized":"Чорногорія"},"su":{"code":"ID","native":"Indonesia","localized":"Індонезія"},"sv":{"code":"SE","native":"Sverige","localized":"Швеція"},"sw":{"code":"TZ","native":"Tanzania","localized":"Танзанія"},"ta":{"code":"IN","native":"India","localized":"Індія"},"te":{"code":"IN","native":"India","localized":"Індія"},"tg":{"code":"TJ","native":"Tajikistan","localized":"Таджикистан"},"th":{"code":"TH","native":"ไทย","localized":"Таїланд"},"ti":{"code":"ET","native":"Ethiopia","localized":"Ефіопія"},"tk":{"code":"TM","native":"Turkmenistan","localized":"Туркменістан"},"tl":{"code":"PH","native":"Philippines","localized":"Філіппіни"},"tr":{"code":"TR","native":"Türkiye","localized":"Туреччина"},"tt":{"code":"RU","native":"Russia","localized":"Росія"},"ug":{"code":"CN","native":"China","localized":"Китай"},"uk":{"code":"UA","native":"Україна","localized":"Україна"},"ur":{"code":"PK","native":"Pakistan","localized":"Пакистан"},"uz_Cyrl":{"code":"UZ","native":"Uzbekistan","localized":"Узбекистан"},"uz_Latn":{"code":"UZ","native":"Uzbekistan","localized":"Узбекистан"},"vi":{"code":"VN","native":"Việt Nam","localized":"Вʼєтнам"},"xh":{"code":"ZA","native":"South Africa","localized":"Південно-Африканська Республіка"},"yi":{"code":"001","native":"World","localized":"Світ"},"yo":{"code":"NG","native":"Nigeria","localized":"Нігерія"},"zh_CN":{"code":"CN","native":"中国","localized":"Китай"},"zh_HK":{"code":"HK","native":"中国香港特别行政区","localized":"Гонконг, Оар Китаю"},"zh_TW":{"code":"TW","native":"台湾","localized":"Тайвань"},"zu":{"code":"ZA","native":"South Africa","localized":"Південно-Африканська Республіка"}}
