{"af":{"code":"ZA","native":"South Africa","localized":"Nam Phi"},"ak":{"code":"GH","native":"Ghana","localized":"Ghana"},"am":{"code":"ET","native":"Ethiopia","localized":"Ethiopia"},"ar":{"code":"EG","native":"مصر","localized":"Ai Cập"},"as":{"code":"IN","native":"India","localized":"Ấn Độ"},"az":{"code":"AZ","native":"Azerbaijan","localized":"Azerbaijan"},"be":{"code":"BY","native":"Belarus","localized":"Belarus"},"bg":{"code":"BG","native":"Bulgaria","localized":"Bulgaria"},"bho":{"code":"IN","native":"India","localized":"Ấn Độ"},"bm":{"code":"ML","native":"Mali","localized":"Mali"},"bn":{"code":"BD","native":"Bangladesh","localized":"Bangladesh"},"bs":{"code":"BA","native":"Bosnia & Herzegovina","localized":"Bosnia Và Herzegovina"},"ca":{"code":"ES","native":"Espanya","localized":"Tây Ban Nha"},"ceb":{"code":"PH","native":"Philippines","localized":"Philippines"},"ckb":{"code":"IQ","native":"Iraq","localized":"Iraq"},"cs":{"code":"CZ","native":"Česko","localized":"Séc"},"cy":{"code":"GB","native":"United Kingdom","localized":"Vương Quốc Anh"},"da":{"code":"DK","native":"Danmark","localized":"Đan Mạch"},"de":{"code":"DE","native":"Deutschland","localized":"Đức"},"de_AT":{"code":"AT","native":"Österreich","localized":"Áo"},"de_CH":{"code":"CH","native":"Schweiz","localized":"Thụy Sĩ"},"doi":{"code":"IN","native":"India","localized":"Ấn Độ"},"ee":{"code":"GH","native":"Ghana","localized":"Ghana"},"el":{"code":"GR","native":"Ελλάδα","localized":"Hy Lạp"},"en":{"code":"US","native":"United States","localized":"Hoa Kỳ"},"en_CA":{"code":"CA","native":"Canada","localized":"Canada"},"eo":{"code":"001","native":"World","localized":"Thế Giới"},"es":{"code":"ES","native":"España","localized":"Tây Ban Nha"},"et":{"code":"EE","native":"Estonia","localized":"Estonia"},"eu":{"code":"ES","native":"Spain","localized":"Tây Ban Nha"},"fa":{"code":"IR","native":"Iran","localized":"Iran"},"fi":{"code":"FI","native":"Suomi","localized":"Phần Lan"},"fil":{"code":"PH","native":"Philippines","localized":"Philippines"},"fr":{"code":"FR","native":"France","localized":"Pháp"},"fy":{"code":"NL","native":"Netherlands","localized":"Hà Lan"},"ga":{"code":"IE","native":"Ireland","localized":"Ireland"},"gd":{"code":"GB","native":"United Kingdom","localized":"Vương Quốc Anh"},"gl":{"code":"ES","native":"Spain","localized":"Tây Ban Nha"},"gu":{"code":"IN","native":"India","localized":"Ấn Độ"},"ha":{"code":"NG","native":"Nigeria","localized":"Nigeria"},"haw":{"code":"US","native":"United States","localized":"Hoa Kỳ"},"he":{"code":"IL","native":"ישראל","localized":"Israel"},"hi":{"code":"IN","native":"भारत","localized":"Ấn Độ"},"hr":{"code":"HR","native":"Hrvatska","localized":"Croatia"},"ht":{"code":"HT","native":"Haïti","localized":"Haiti"},"hu":{"code":"HU","native":"Magyarország","localized":"Hungary"},"hy":{"code":"AM","native":"Armenia","localized":"Armenia"},"id":{"code":"ID","native":"Indonesia","localized":"Indonesia"},"ig":{"code":"NG","native":"Nigeria","localized":"Nigeria"},"is":{"code":"IS","native":"Iceland","localized":"Iceland"},"it":{"code":"IT","native":"Italia","localized":"Italy"},"ja":{"code":"JP","native":"日本","localized":"Nhật Bản"},"ka":{"code":"GE","native":"Georgia","localized":"Georgia"},"kk":{"code":"KZ","native":"Kazakhstan","localized":"Kazakhstan"},"km":{"code":"KH","native":"Cambodia","localized":"Campuchia"},"kn":{"code":"IN","native":"India","localized":"Ấn Độ"},"ko":{"code":"KR","native":"대한민국","localized":"Hàn Quốc"},"ku":{"code":"TR","native":"Turkey","localized":"Thổ Nhĩ Kỳ"},"ky":{"code":"KG","native":"Kyrgyzstan","localized":"Kyrgyzstan"},"lb":{"code":"LU","native":"Luxembourg","localized":"Luxembourg"},"lg":{"code":"UG","native":"Uganda","localized":"Uganda"},"ln":{"code":"CD","native":"Congo - Kinshasa","localized":"Congo - Kinshasa"},"lo":{"code":"LA","native":"Laos","localized":"Lào"},"lt":{"code":"LT","native":"Lithuania","localized":"Litva"},"lv":{"code":"LV","native":"Latvia","localized":"Latvia"},"mai":{"code":"IN","native":"India","localized":"Ấn Độ"},"mg":{"code":"MG","native":"Madagascar","localized":"Madagascar"},"mi":{"code":"NZ","native":"New Zealand","localized":"New Zealand"},"mk":{"code":"MK","native":"North Macedonia","localized":"Bắc Macedonia"},"ml":{"code":"IN","native":"India","localized":"Ấn Độ"},"mn":{"code":"MN","native":"Mongolia","localized":"Mông Cổ"},"mni_Mtei":{"code":"IN","native":"India","localized":"Ấn Độ"},"mr":{"code":"IN","native":"India","localized":"Ấn Độ"},"ms":{"code":"MY","native":"Malaysia","localized":"Malaysia"},"mt":{"code":"MT","native":"Malta","localized":"Malta"},"my":{"code":"MM","native":"Myanmar (Burma)","localized":"Myanmar (Miến Điện)"},"nb":{"code":"NO","native":"Norge","localized":"Na Uy"},"ne":{"code":"NP","native":"Nepal","localized":"Nepal"},"nl":{"code":"NL","native":"Nederland","localized":"Hà Lan"},"nn":{"code":"NO","native":"Noreg","localized":"Na Uy"},"oc":{"code":"FR","native":"France","localized":"Pháp"},"om":{"code":"ET","native":"Ethiopia","localized":"Ethiopia"},"or":{"code":"IN","native":"India","localized":"Ấn Độ"},"pa":{"code":"IN","native":"India","localized":"Ấn Độ"},"pl":{"code":"PL","native":"Polska","localized":"Ba Lan"},"ps":{"code":"AF","native":"Afghanistan","localized":"Afghanistan"},"pt":{"code":"BR","native":"Brasil","localized":"Brazil"},"pt_BR":{"code":"BR","native":"Brasil","localized":"Brazil"},"qu":{"code":"PE","native":"Peru","localized":"Peru"},"ro":{"code":"RO","native":"România","localized":"Romania"},"ru":{"code":"RU","native":"Россия","localized":"Nga"},"rw":{"code":"RW","native":"Rwanda","localized":"Rwanda"},"sa":{"code":"IN","native":"India","localized":"Ấn Độ"},"sc":{"code":"IT","native":"Italy","localized":"Italy"},"sd":{"code":"PK","native":"Pakistan","localized":"Pakistan"},"si":{"code":"LK","native":"Sri Lanka","localized":"Sri Lanka"},"sk":{"code":"SK","native":"Slovensko","localized":"Slovakia"},"sl":{"code":"SI","native":"Slovenija","localized":"Slovenia"},"sn":{"code":"ZW","native":"Zimbabwe","localized":"Zimbabwe"},"so":{"code":"SO","native":"Somalia","localized":"Somalia"},"sq":{"code":"AL","native":"Albania","localized":"Albania"},"sr_Cyrl":{"code":"RS","native":"Србија","localized":"Serbia"},"sr_Latn":{"code":"RS","native":"Serbia","localized":"Serbia"},"sr_Latn_ME":{"code":"ME","native":"Montenegro","localized":"Montenegro"},"su":{"code":"ID","native":"Indonesia","localized":"Indonesia"},"sv":{"code":"SE","native":"Sverige","localized":"Thụy Điển"},"sw":{"code":"TZ","native":"Tanzania","localized":"Tanzania"},"ta":{"code":"IN","native":"India","localized":"Ấn Độ"},"te":{"code":"IN","native":"India","localized":"Ấn Độ"},"tg":{"code":"TJ","native":"Tajikistan","localized":"Tajikistan"},"th":{"code":"TH","native":"ไทย","localized":"Thái Lan"},"ti":{"code":"ET","native":"Ethiopia","localized":"Ethiopia"},"tk":{"code":"TM","native":"Turkmenistan","localized":"Turkmenistan"},"tl":{"code":"PH","native":"Philippines","localized":"Philippines"},"tr":{"code":"TR","native":"Türkiye","localized":"Thổ Nhĩ Kỳ"},"tt":{"code":"RU","native":"Russia","localized":"Nga"},"ug":{"code":"CN","native":"China","localized":"Trung Quốc"},"uk":{"code":"UA","native":"Україна","localized":"Ukraina"},"ur":{"code":"PK","native":"Pakistan","localized":"Pakistan"},"uz_Cyrl":{"code":"UZ","native":"Uzbekistan","localized":"Uzbekistan"},"uz_Latn":{"code":"UZ","native":"Uzbekistan","localized":"Uzbekistan"},"vi":{"code":"VN","native":"Việt Nam","localized":"Việt Nam"},"xh":{"code":"ZA","native":"South Africa","localized":"Nam Phi"},"yi":{"code":"001","native":"World","localized":"Thế Giới"},"yo":{"code":"NG","native":"Nigeria","localized":"Nigeria"},"zh_CN":{"code":"CN","native":"中国","localized":"Trung Quốc"},"zh_HK":{"code":"HK","native":"中国香港特别行政区","localized":"Đặc Khu Hành Chính Hồng Kông, Trung Quốc"},"zh_TW":{"code":"TW","native":"台湾","localized":"Đài Loan"},"zu":{"code":"ZA","native":"South Africa","localized":"Nam Phi"}}
