{"af":{"code":"ZA","native":"South Africa","localized":"南非"},"ak":{"code":"GH","native":"Ghana","localized":"加纳"},"am":{"code":"ET","native":"Ethiopia","localized":"埃塞俄比亚"},"ar":{"code":"EG","native":"مصر","localized":"埃及"},"as":{"code":"IN","native":"India","localized":"印度"},"az":{"code":"AZ","native":"Azerbaijan","localized":"阿塞拜疆"},"be":{"code":"BY","native":"Belarus","localized":"白俄罗斯"},"bg":{"code":"BG","native":"Bulgaria","localized":"保加利亚"},"bho":{"code":"IN","native":"India","localized":"印度"},"bm":{"code":"ML","native":"Mali","localized":"马里"},"bn":{"code":"BD","native":"Bangladesh","localized":"孟加拉国"},"bs":{"code":"BA","native":"Bosnia & Herzegovina","localized":"波斯尼亚和黑塞哥维那"},"ca":{"code":"ES","native":"Espanya","localized":"西班牙"},"ceb":{"code":"PH","native":"Philippines","localized":"菲律宾"},"ckb":{"code":"IQ","native":"Iraq","localized":"伊拉克"},"cs":{"code":"CZ","native":"Česko","localized":"捷克"},"cy":{"code":"GB","native":"United Kingdom","localized":"英国"},"da":{"code":"DK","native":"Danmark","localized":"丹麦"},"de":{"code":"DE","native":"Deutschland","localized":"德国"},"de_AT":{"code":"AT","native":"Österreich","localized":"奥地利"},"de_CH":{"code":"CH","native":"Schweiz","localized":"瑞士"},"doi":{"code":"IN","native":"India","localized":"印度"},"ee":{"code":"GH","native":"Ghana","localized":"加纳"},"el":{"code":"GR","native":"Ελλάδα","localized":"希腊"},"en":{"code":"US","native":"United States","localized":"美国"},"en_CA":{"code":"CA","native":"Canada","localized":"加拿大"},"eo":{"code":"001","native":"World","localized":"世界"},"es":{"code":"ES","native":"España","localized":"西班牙"},"et":{"code":"EE","native":"Estonia","localized":"爱沙尼亚"},"eu":{"code":"ES","native":"Spain","localized":"西班牙"},"fa":{"code":"IR","native":"Iran","localized":"伊朗"},"fi":{"code":"FI","native":"Suomi","localized":"芬兰"},"fil":{"code":"PH","native":"Philippines","localized":"菲律宾"},"fr":{"code":"FR","native":"France","localized":"法国"},"fy":{"code":"NL","native":"Netherlands","localized":"荷兰"},"ga":{"code":"IE","native":"Ireland","localized":"爱尔兰"},"gd":{"code":"GB","native":"United Kingdom","localized":"英国"},"gl":{"code":"ES","native":"Spain","localized":"西班牙"},"gu":{"code":"IN","native":"India","localized":"印度"},"ha":{"code":"NG","native":"Nigeria","localized":"尼日利亚"},"haw":{"code":"US","native":"United States","localized":"美国"},"he":{"code":"IL","native":"ישראל","localized":"以色列"},"hi":{"code":"IN","native":"भारत","localized":"印度"},"hr":{"code":"HR","native":"Hrvatska","localized":"克罗地亚"},"ht":{"code":"HT","native":"Haïti","localized":"海地"},"hu":{"code":"HU","native":"Magyarország","localized":"匈牙利"},"hy":{"code":"AM","native":"Armenia","localized":"亚美尼亚"},"id":{"code":"ID","native":"Indonesia","localized":"印度尼西亚"},"ig":{"code":"NG","native":"Nigeria","localized":"尼日利亚"},"is":{"code":"IS","native":"Iceland","localized":"冰岛"},"it":{"code":"IT","native":"Italia","localized":"意大利"},"ja":{"code":"JP","native":"日本","localized":"日本"},"ka":{"code":"GE","native":"Georgia","localized":"格鲁吉亚"},"kk":{"code":"KZ","native":"Kazakhstan","localized":"哈萨克斯坦"},"km":{"code":"KH","native":"Cambodia","localized":"柬埔寨"},"kn":{"code":"IN","native":"India","localized":"印度"},"ko":{"code":"KR","native":"대한민국","localized":"韩国"},"ku":{"code":"TR","native":"Turkey","localized":"土耳其"},"ky":{"code":"KG","native":"Kyrgyzstan","localized":"吉尔吉斯斯坦"},"lb":{"code":"LU","native":"Luxembourg","localized":"卢森堡"},"lg":{"code":"UG","native":"Uganda","localized":"乌干达"},"ln":{"code":"CD","native":"Congo - Kinshasa","localized":"刚果（金）"},"lo":{"code":"LA","native":"Laos","localized":"老挝"},"lt":{"code":"LT","native":"Lithuania","localized":"立陶宛"},"lv":{"code":"LV","native":"Latvia","localized":"拉脱维亚"},"mai":{"code":"IN","native":"India","localized":"印度"},"mg":{"code":"MG","native":"Madagascar","localized":"马达加斯加"},"mi":{"code":"NZ","native":"New Zealand","localized":"新西兰"},"mk":{"code":"MK","native":"North Macedonia","localized":"北马其顿"},"ml":{"code":"IN","native":"India","localized":"印度"},"mn":{"code":"MN","native":"Mongolia","localized":"蒙古"},"mni_Mtei":{"code":"IN","native":"India","localized":"印度"},"mr":{"code":"IN","native":"India","localized":"印度"},"ms":{"code":"MY","native":"Malaysia","localized":"马来西亚"},"mt":{"code":"MT","native":"Malta","localized":"马耳他"},"my":{"code":"MM","native":"Myanmar (Burma)","localized":"缅甸"},"nb":{"code":"NO","native":"Norge","localized":"挪威"},"ne":{"code":"NP","native":"Nepal","localized":"尼泊尔"},"nl":{"code":"NL","native":"Nederland","localized":"荷兰"},"nn":{"code":"NO","native":"Noreg","localized":"挪威"},"oc":{"code":"FR","native":"France","localized":"法国"},"om":{"code":"ET","native":"Ethiopia","localized":"埃塞俄比亚"},"or":{"code":"IN","native":"India","localized":"印度"},"pa":{"code":"IN","native":"India","localized":"印度"},"pl":{"code":"PL","native":"Polska","localized":"波兰"},"ps":{"code":"AF","native":"Afghanistan","localized":"阿富汗"},"pt":{"code":"BR","native":"Brasil","localized":"巴西"},"pt_BR":{"code":"BR","native":"Brasil","localized":"巴西"},"qu":{"code":"PE","native":"Peru","localized":"秘鲁"},"ro":{"code":"RO","native":"România","localized":"罗马尼亚"},"ru":{"code":"RU","native":"Россия","localized":"俄罗斯"},"rw":{"code":"RW","native":"Rwanda","localized":"卢旺达"},"sa":{"code":"IN","native":"India","localized":"印度"},"sc":{"code":"IT","native":"Italy","localized":"意大利"},"sd":{"code":"PK","native":"Pakistan","localized":"巴基斯坦"},"si":{"code":"LK","native":"Sri Lanka","localized":"斯里兰卡"},"sk":{"code":"SK","native":"Slovensko","localized":"斯洛伐克"},"sl":{"code":"SI","native":"Slovenija","localized":"斯洛文尼亚"},"sn":{"code":"ZW","native":"Zimbabwe","localized":"津巴布韦"},"so":{"code":"SO","native":"Somalia","localized":"索马里"},"sq":{"code":"AL","native":"Albania","localized":"阿尔巴尼亚"},"sr_Cyrl":{"code":"RS","native":"Србија","localized":"塞尔维亚"},"sr_Latn":{"code":"RS","native":"Serbia","localized":"塞尔维亚"},"sr_Latn_ME":{"code":"ME","native":"Montenegro","localized":"黑山"},"su":{"code":"ID","native":"Indonesia","localized":"印度尼西亚"},"sv":{"code":"SE","native":"Sverige","localized":"瑞典"},"sw":{"code":"TZ","native":"Tanzania","localized":"坦桑尼亚"},"ta":{"code":"IN","native":"India","localized":"印度"},"te":{"code":"IN","native":"India","localized":"印度"},"tg":{"code":"TJ","native":"Tajikistan","localized":"塔吉克斯坦"},"th":{"code":"TH","native":"ไทย","localized":"泰国"},"ti":{"code":"ET","native":"Ethiopia","localized":"埃塞俄比亚"},"tk":{"code":"TM","native":"Turkmenistan","localized":"土库曼斯坦"},"tl":{"code":"PH","native":"Philippines","localized":"菲律宾"},"tr":{"code":"TR","native":"Türkiye","localized":"土耳其"},"tt":{"code":"RU","native":"Russia","localized":"俄罗斯"},"ug":{"code":"CN","native":"China","localized":"中国"},"uk":{"code":"UA","native":"Україна","localized":"乌克兰"},"ur":{"code":"PK","native":"Pakistan","localized":"巴基斯坦"},"uz_Cyrl":{"code":"UZ","native":"Uzbekistan","localized":"乌兹别克斯坦"},"uz_Latn":{"code":"UZ","native":"Uzbekistan","localized":"乌兹别克斯坦"},"vi":{"code":"VN","native":"Việt Nam","localized":"越南"},"xh":{"code":"ZA","native":"South Africa","localized":"南非"},"yi":{"code":"001","native":"World","localized":"世界"},"yo":{"code":"NG","native":"Nigeria","localized":"尼日利亚"},"zh_CN":{"code":"CN","native":"中国","localized":"中国"},"zh_HK":{"code":"HK","native":"中国香港特别行政区","localized":"中国香港特别行政区"},"zh_TW":{"code":"TW","native":"台湾","localized":"台湾"},"zu":{"code":"ZA","native":"South Africa","localized":"南非"}}
