{
    "af": "Afrikaans",
    "ak": "Akan",
    "am": "Amharic",
    "ar": "العربية",
    "as": "Assamese",
    "az": "Azerbaijani",
    "be": "Belarusian",
    "bg": "Bulgarian",
    "bho": "Bhojpuri",
    "bm": "Bambara",
    "bn": "Bangla",
    "bs": "Bosnian",
    "ca": "Català",
    "ceb": "Cebuano",
    "ckb": "Central Kurdish",
    "cs": "Čeština",
    "cy": "Welsh",
    "da": "Dansk",
    "de": "Deutsch",
    "de_AT": "Deutsch (Österreich)",
    "de_CH": "Deutsch (Schweiz)",
    "doi": "Dogri",
    "ee": "Ewe",
    "el": "Ελληνικά",
    "en": "English",
    "en_CA": "English (Canada)",
    "eo": "Esperanto",
    "es": "Español",
    "et": "Estonian",
    "eu": "Basque",
    "fa": "Persian",
    "fi": "Suomi",
    "fil": "Filipino",
    "fr": "Français",
    "fy": "Western Frisian",
    "ga": "Irish",
    "gd": "Scottish Gaelic",
    "gl": "Galician",
    "gu": "Gujarati",
    "ha": "Hausa",
    "haw": "Hawaiian",
    "he": "עברית",
    "hi": "हिन्दी",
    "hr": "Hrvatski",
    "ht": "Créole Haïtien",
    "hu": "Magyar",
    "hy": "Armenian",
    "id": "Indonesian",
    "ig": "Igbo",
    "is": "Icelandic",
    "it": "Italiano",
    "ja": "日本語",
    "ka": "Georgian",
    "kk": "Kazakh",
    "km": "Khmer",
    "kn": "Kannada",
    "ko": "한국어",
    "ku": "Kurdish",
    "ky": "Kyrgyz",
    "lb": "Luxembourgish",
    "lg": "Ganda",
    "ln": "Lingala",
    "lo": "Lao",
    "lt": "Lithuanian",
    "lv": "Latvian",
    "mai": "Maithili",
    "mg": "Malagasy",
    "mi": "Māori",
    "mk": "Macedonian",
    "ml": "Malayalam",
    "mn": "Mongolian",
    "mni_Mtei": "Manipuri",
    "mr": "Marathi",
    "ms": "Malay",
    "mt": "Maltese",
    "my": "Burmese",
    "nb": "Norsk Bokmål",
    "ne": "Nepali",
    "nl": "Nederlands",
    "nn": "Norsk Nynorsk",
    "oc": "Occitan",
    "om": "Oromo",
    "or": "Odia",
    "pa": "Punjabi",
    "pl": "Polski",
    "ps": "Pashto",
    "pt": "Português",
    "pt_BR": "Português (Brasil)",
    "qu": "Quechua",
    "ro": "Română",
    "ru": "Русский",
    "rw": "Kinyarwanda",
    "sa": "Sanskrit",
    "sc": "Sardinian",
    "sd": "Sindhi",
    "si": "Sinhala",
    "sk": "Slovenčina",
    "sl": "Slovenščina",
    "sn": "Shona",
    "so": "Somali",
    "sq": "Albanian",
    "sr_Cyrl": "Српски",
    "sr_Latn": "Serbian",
    "sr_Latn_ME": "Serbian (Montenegro)",
    "su": "Sundanese",
    "sv": "Svenska",
    "sw": "Swahili",
    "ta": "Tamil",
    "te": "Telugu",
    "tg": "Tajik",
    "th": "ไทย",
    "ti": "Tigrinya",
    "tk": "Turkmen",
    "tl": "Tagalog",
    "tr": "Türkçe",
    "tt": "Tatar",
    "ug": "Uyghur",
    "uk": "Українська",
    "ur": "Urdu",
    "uz_Cyrl": "Uzbek",
    "uz_Latn": "Uzbek",
    "vi": "Tiếng Việt",
    "xh": "Xhosa",
    "yi": "Yiddish",
    "yo": "Yoruba",
    "zh_CN": "中文 (中国)",
    "zh_HK": "中文 (中国香港特别行政区)",
    "zh_TW": "中文 (台湾)",
    "zu": "Zulu"
}
