{
    "af": "Αφρικάανς",
    "ak": "Ακάν",
    "am": "Αμχαρικά",
    "ar": "Αραβικά",
    "as": "Ασαμικά",
    "az": "Αζερμπαϊτζανικά",
    "be": "Λευκορωσικά",
    "bg": "Βουλγαρικά",
    "bho": "Μπότζπουρι",
    "bm": "Μπαμπάρα",
    "bn": "Βεγγαλικά",
    "bs": "Βοσνιακά",
    "ca": "Καταλανικά",
    "ceb": "Σεμπουάνο",
    "ckb": "Κεντρικά Κουρδικά",
    "cs": "Τσεχικά",
    "cy": "Ουαλικά",
    "da": "Δανικά",
    "de": "Γερμανικά",
    "de_AT": "Γερμανικά (Αυστρία)",
    "de_CH": "Γερμανικά (Ελβετία)",
    "doi": "Ντόγκρι",
    "ee": "Έουε",
    "el": "Ελληνικά",
    "en": "Αγγλικά",
    "en_CA": "Αγγλικά (Καναδάς)",
    "eo": "Εσπεράντο",
    "es": "Ισπανικά",
    "et": "Εσθονικά",
    "eu": "Βασκικά",
    "fa": "Περσικά",
    "fi": "Φινλανδικά",
    "fil": "Φιλιππινικά",
    "fr": "Γαλλικά",
    "fy": "Δυτικά Φριζικά",
    "ga": "Ιρλανδικά",
    "gd": "Σκωτικά Κελτικά",
    "gl": "Γαλικιανά",
    "gu": "Γκουτζαρατικά",
    "ha": "Χάουσα",
    "haw": "Χαβαϊκά",
    "he": "Εβραϊκά",
    "hi": "Χίντι",
    "hr": "Κροατικά",
    "ht": "Αϊτιανά",
    "hu": "Ουγγρικά",
    "hy": "Αρμενικά",
    "id": "Ινδονησιακά",
    "ig": "Ίγκμπο",
    "is": "Ισλανδικά",
    "it": "Ιταλικά",
    "ja": "Ιαπωνικά",
    "ka": "Γεωργιανά",
    "kk": "Καζακικά",
    "km": "Χμερ",
    "kn": "Κανάντα",
    "ko": "Κορεατικά",
    "ku": "Κουρδικά",
    "ky": "Κιργιζικά",
    "lb": "Λουξεμβουργιανά",
    "lg": "Γκάντα",
    "ln": "Λινγκάλα",
    "lo": "Λαοτινά",
    "lt": "Λιθουανικά",
    "lv": "Λετονικά",
    "mai": "Μαϊτχίλι",
    "mg": "Μαλγασικά",
    "mi": "Μαορί",
    "mk": "Σλαβομακεδονικά",
    "ml": "Μαλαγιαλαμικά",
    "mn": "Μογγολικά",
    "mni_Mtei": "Μανιπούρι",
    "mr": "Μαραθικά",
    "ms": "Μαλαισιανά",
    "mt": "Μαλτεζικά",
    "my": "Βιρμανικά",
    "nb": "Νορβηγικά Μποκμάλ",
    "ne": "Νεπαλικά",
    "nl": "Ολλανδικά",
    "nn": "Νορβηγικά Νινόρσκ",
    "oc": "Οξιτανικά",
    "om": "Ορόμο",
    "or": "Όντια",
    "pa": "Παντζαπικά",
    "pl": "Πολωνικά",
    "ps": "Πάστο",
    "pt": "Πορτογαλικά",
    "pt_BR": "Πορτογαλικά (Βραζιλία)",
    "qu": "Κέτσουα",
    "ro": "Ρουμανικά",
    "ru": "Ρωσικά",
    "rw": "Κινιαρουάντα",
    "sa": "Σανσκριτικά",
    "sc": "Σαρδηνιακά",
    "sd": "Σίντι",
    "si": "Σινχαλεζικά",
    "sk": "Σλοβακικά",
    "sl": "Σλοβενικά",
    "sn": "Σόνα",
    "so": "Σομαλικά",
    "sq": "Αλβανικά",
    "sr_Cyrl": "Σερβικά",
    "sr_Latn": "Σερβικά",
    "sr_Latn_ME": "Σερβικά (Μαυροβούνιο)",
    "su": "Σουνδανικά",
    "sv": "Σουηδικά",
    "sw": "Σουαχίλι",
    "ta": "Ταμιλικά",
    "te": "Τελούγκου",
    "tg": "Τατζικικά",
    "th": "Ταϊλανδικά",
    "ti": "Τιγκρινικά",
    "tk": "Τουρκμενικά",
    "tl": "Τάγκαλογκ",
    "tr": "Τουρκικά",
    "tt": "Ταταρικά",
    "ug": "Ουιγουρικά",
    "uk": "Ουκρανικά",
    "ur": "Ούρντου",
    "uz_Cyrl": "Ουζμπεκικά",
    "uz_Latn": "Ουζμπεκικά",
    "vi": "Βιετναμικά",
    "xh": "Κόσα",
    "yi": "Γίντις",
    "yo": "Γιορούμπα",
    "zh_CN": "Κινεζικά (Κίνα)",
    "zh_HK": "Κινεζικά (Χονγκ Κονγκ Εδπ Κίνας)",
    "zh_TW": "Κινεζικά (Ταϊβάν)",
    "zu": "Ζουλού"
}
