{
    "af": "Afrikáans",
    "ak": "Akan",
    "am": "Amárico",
    "ar": "Árabe",
    "as": "Asamés",
    "az": "Azerbaiyano",
    "be": "Bielorruso",
    "bg": "Búlgaro",
    "bho": "Bhoyapurí",
    "bm": "Bambara",
    "bn": "Bengalí",
    "bs": "Bosnio",
    "ca": "Catalán",
    "ceb": "Cebuano",
    "ckb": "Kurdo Sorani",
    "cs": "Checo",
    "cy": "Galés",
    "da": "Danés",
    "de": "Alemán",
    "de_AT": "Alemán (Austria)",
    "de_CH": "Alemán (Suiza)",
    "doi": "Dogri",
    "ee": "Ewé",
    "el": "Griego",
    "en": "Inglés",
    "en_CA": "Inglés (Canadá)",
    "eo": "Esperanto",
    "es": "Español",
    "et": "Estonio",
    "eu": "Euskera",
    "fa": "Persa",
    "fi": "Finés",
    "fil": "Filipino",
    "fr": "Francés",
    "fy": "Frisón Occidental",
    "ga": "Irlandés",
    "gd": "Gaélico Escocés",
    "gl": "Gallego",
    "gu": "Guyaratí",
    "ha": "Hausa",
    "haw": "Hawaiano",
    "he": "Hebreo",
    "hi": "Hindi",
    "hr": "Croata",
    "ht": "Criollo Haitiano",
    "hu": "Húngaro",
    "hy": "Armenio",
    "id": "Indonesio",
    "ig": "Igbo",
    "is": "Islandés",
    "it": "Italiano",
    "ja": "Japonés",
    "ka": "Georgiano",
    "kk": "Kazajo",
    "km": "Jemer",
    "kn": "Canarés",
    "ko": "Coreano",
    "ku": "Kurdo",
    "ky": "Kirguís",
    "lb": "Luxemburgués",
    "lg": "Ganda",
    "ln": "Lingala",
    "lo": "Lao",
    "lt": "Lituano",
    "lv": "Letón",
    "mai": "Maithili",
    "mg": "Malgache",
    "mi": "Maorí",
    "mk": "Macedonio",
    "ml": "Malayálam",
    "mn": "Mongol",
    "mni_Mtei": "Manipurí",
    "mr": "Maratí",
    "ms": "Malayo",
    "mt": "Maltés",
    "my": "Birmano",
    "nb": "Noruego Bokmal",
    "ne": "Nepalí",
    "nl": "Neerlandés",
    "nn": "Noruego Nynorsk",
    "oc": "Occitano",
    "om": "Oromo",
    "or": "Oriya",
    "pa": "Punyabí",
    "pl": "Polaco",
    "ps": "Pastún",
    "pt": "Portugués",
    "pt_BR": "Portugués (Brasil)",
    "qu": "Quechua",
    "ro": "Rumano",
    "ru": "Ruso",
    "rw": "Kinyarwanda",
    "sa": "Sánscrito",
    "sc": "Sardo",
    "sd": "Sindi",
    "si": "Cingalés",
    "sk": "Eslovaco",
    "sl": "Esloveno",
    "sn": "Shona",
    "so": "Somalí",
    "sq": "Albanés",
    "sr_Cyrl": "Serbio",
    "sr_Latn": "Serbio",
    "sr_Latn_ME": "Serbio (Montenegro)",
    "su": "Sundanés",
    "sv": "Sueco",
    "sw": "Suajili",
    "ta": "Tamil",
    "te": "Telugu",
    "tg": "Tayiko",
    "th": "Tailandés",
    "ti": "Tigriña",
    "tk": "Turcomano",
    "tl": "Tagalo",
    "tr": "Turco",
    "tt": "Tártaro",
    "ug": "Uigur",
    "uk": "Ucraniano",
    "ur": "Urdu",
    "uz_Cyrl": "Uzbeko",
    "uz_Latn": "Uzbeko",
    "vi": "Vietnamita",
    "xh": "Xhosa",
    "yi": "Yidis",
    "yo": "Yoruba",
    "zh_CN": "Chino (China)",
    "zh_HK": "Chino (Rae De Hong Kong (China))",
    "zh_TW": "Chino (Taiwán)",
    "zu": "Zulú"
}
