{
    "af": "Afrikaans",
    "ak": "Akan",
    "am": "Amhara",
    "ar": "Arabia",
    "as": "Assami",
    "az": "Azeri",
    "be": "Valkovenäjä",
    "bg": "Bulgaria",
    "bho": "Bhodžpuri",
    "bm": "Bambara",
    "bn": "Bengali",
    "bs": "Bosnia",
    "ca": "Katalaani",
    "ceb": "Cebuano",
    "ckb": "Soranî",
    "cs": "Tšekki",
    "cy": "Kymri",
    "da": "Tanska",
    "de": "Saksa",
    "de_AT": "Saksa (Itävalta)",
    "de_CH": "Saksa (Sveitsi)",
    "doi": "Dogri",
    "ee": "Ewe",
    "el": "Kreikka",
    "en": "Englanti",
    "en_CA": "Englanti (Kanada)",
    "eo": "Esperanto",
    "es": "Espanja",
    "et": "Viro",
    "eu": "Baski",
    "fa": "Persia",
    "fi": "Suomi",
    "fil": "Filipino",
    "fr": "Ranska",
    "fy": "Länsifriisi",
    "ga": "Iiri",
    "gd": "Gaeli",
    "gl": "Galicia",
    "gu": "Gudžarati",
    "ha": "Hausa",
    "haw": "Havaiji",
    "he": "Heprea",
    "hi": "Hindi",
    "hr": "Kroatia",
    "ht": "Haiti",
    "hu": "Unkari",
    "hy": "Armenia",
    "id": "Indonesia",
    "ig": "Igbo",
    "is": "Islanti",
    "it": "Italia",
    "ja": "Japani",
    "ka": "Georgia",
    "kk": "Kazakki",
    "km": "Khmer",
    "kn": "Kannada",
    "ko": "Korea",
    "ku": "Kurdi",
    "ky": "Kirgiisi",
    "lb": "Luxemburg",
    "lg": "Ganda",
    "ln": "Lingala",
    "lo": "Lao",
    "lt": "Liettua",
    "lv": "Latvia",
    "mai": "Maithili",
    "mg": "Malagassi",
    "mi": "Maori",
    "mk": "Makedonia",
    "ml": "Malajalam",
    "mn": "Mongoli",
    "mni_Mtei": "Manipuri",
    "mr": "Marathi",
    "ms": "Malaiji",
    "mt": "Malta",
    "my": "Burma",
    "nb": "Norjan Bokmål",
    "ne": "Nepali",
    "nl": "Hollanti",
    "nn": "Norjan Nynorsk",
    "oc": "Oksitaani",
    "om": "Oromo",
    "or": "Orija",
    "pa": "Pandžabi",
    "pl": "Puola",
    "ps": "Paštu",
    "pt": "Portugali",
    "pt_BR": "Portugali (Brasilia)",
    "qu": "Ketšua",
    "ro": "Romania",
    "ru": "Venäjä",
    "rw": "Ruanda",
    "sa": "Sanskrit",
    "sc": "Sardi",
    "sd": "Sindhi",
    "si": "Sinhala",
    "sk": "Slovakki",
    "sl": "Sloveeni",
    "sn": "Šona",
    "so": "Somali",
    "sq": "Albania",
    "sr_Cyrl": "Serbia",
    "sr_Latn": "Serbia",
    "sr_Latn_ME": "Serbia (Montenegro)",
    "su": "Sunda",
    "sv": "Ruotsi",
    "sw": "Swahili",
    "ta": "Tamili",
    "te": "Telugu",
    "tg": "Tadžikki",
    "th": "Thai",
    "ti": "Tigrinja",
    "tk": "Turkmeeni",
    "tl": "Tagalog",
    "tr": "Turkki",
    "tt": "Tataari",
    "ug": "Uiguuri",
    "uk": "Ukraina",
    "ur": "Urdu",
    "uz_Cyrl": "Uzbekki",
    "uz_Latn": "Uzbekki",
    "vi": "Vietnam",
    "xh": "Xhosa",
    "yi": "Jiddiš",
    "yo": "Joruba",
    "zh_CN": "Kiina (Kiina)",
    "zh_HK": "Kiina (Hongkong – Kiinan Erityishallintoalue)",
    "zh_TW": "Kiina (Taiwan)",
    "zu": "Zulu"
}
