{
    "af": "अफ़्रीकी",
    "ak": "अकन",
    "am": "अम्हेरी",
    "ar": "अरबी",
    "as": "असमिया",
    "az": "अज़रबैजानी",
    "be": "बेलारूसी",
    "bg": "बुल्गारियाई",
    "bho": "भोजपुरी",
    "bm": "बाम्बारा",
    "bn": "बंगाली",
    "bs": "बोस्नियाई",
    "ca": "कातालान",
    "ceb": "सिबुआनो",
    "ckb": "सोरानी कुर्दिश",
    "cs": "चेक",
    "cy": "वेल्श",
    "da": "डेनिश",
    "de": "जर्मन",
    "de_AT": "जर्मन (ऑस्ट्रिया)",
    "de_CH": "जर्मन (स्विट्ज़रलैंड)",
    "doi": "डोगरी",
    "ee": "ईवे",
    "el": "यूनानी",
    "en": "अंग्रेज़ी",
    "en_CA": "अंग्रेज़ी (कनाडा)",
    "eo": "एस्पेरेंतो",
    "es": "स्पेनिश",
    "et": "एस्टोनियाई",
    "eu": "बास्क",
    "fa": "फ़ारसी",
    "fi": "फ़िनिश",
    "fil": "फ़िलिपीनो",
    "fr": "फ़्रेंच",
    "fy": "पश्चिमी फ़्रिसियाई",
    "ga": "आयरिश",
    "gd": "स्कॉटिश गाएलिक",
    "gl": "गैलिशियन",
    "gu": "गुजराती",
    "ha": "हौसा",
    "haw": "हवाई",
    "he": "हिब्रू",
    "hi": "हिन्दी",
    "hr": "क्रोएशियाई",
    "ht": "हैतियाई",
    "hu": "हंगेरियाई",
    "hy": "आर्मेनियाई",
    "id": "इंडोनेशियाई",
    "ig": "ईग्बो",
    "is": "आइसलैंडिक",
    "it": "इतालवी",
    "ja": "जापानी",
    "ka": "जॉर्जियाई",
    "kk": "कज़ाख़",
    "km": "खमेर",
    "kn": "कन्नड़",
    "ko": "कोरियाई",
    "ku": "कुर्दिश",
    "ky": "किर्गीज़",
    "lb": "लग्ज़मबर्गी",
    "lg": "गांडा",
    "ln": "लिंगाला",
    "lo": "लाओ",
    "lt": "लिथुआनियाई",
    "lv": "लातवियाई",
    "mai": "मैथिली",
    "mg": "मालागासी",
    "mi": "माओरी",
    "mk": "मकदूनियाई",
    "ml": "मलयालम",
    "mn": "मंगोलियाई",
    "mni_Mtei": "मणिपुरी",
    "mr": "मराठी",
    "ms": "मलय",
    "mt": "माल्टीज़",
    "my": "बर्मीज़",
    "nb": "नॉर्वेजियाई बोकमाल",
    "ne": "नेपाली",
    "nl": "डच",
    "nn": "नॉर्वेजियाई नॉयनॉर्स्क",
    "oc": "ओसीटान",
    "om": "ओरोमो",
    "or": "ओड़िया",
    "pa": "पंजाबी",
    "pl": "पोलिश",
    "ps": "पश्तो",
    "pt": "पुर्तगाली",
    "pt_BR": "पुर्तगाली (ब्राज़ील)",
    "qu": "क्वेचुआ",
    "ro": "रोमानियाई",
    "ru": "रूसी",
    "rw": "किन्यारवांडा",
    "sa": "संस्कृत",
    "sc": "सार्दिनियन",
    "sd": "सिंधी",
    "si": "सिंहली",
    "sk": "स्लोवाक",
    "sl": "स्लोवेनियाई",
    "sn": "शोणा",
    "so": "सोमाली",
    "sq": "अल्बानियाई",
    "sr_Cyrl": "सर्बियाई",
    "sr_Latn": "सर्बियाई",
    "sr_Latn_ME": "सर्बियाई (मोंटेनेग्रो)",
    "su": "सुंडानी",
    "sv": "स्वीडिश",
    "sw": "स्वाहिली",
    "ta": "तमिल",
    "te": "तेलुगू",
    "tg": "ताजिक",
    "th": "थाई",
    "ti": "तिग्रीन्या",
    "tk": "तुर्कमेन",
    "tl": "टैगलॉग",
    "tr": "तुर्की",
    "tt": "तातार",
    "ug": "उइगर",
    "uk": "यूक्रेनियाई",
    "ur": "उर्दू",
    "uz_Cyrl": "उज़्बेक",
    "uz_Latn": "उज़्बेक",
    "vi": "वियतनामी",
    "xh": "ख़ोसा",
    "yi": "यहूदी",
    "yo": "योरूबा",
    "zh_CN": "चीनी (चीन)",
    "zh_HK": "चीनी (हाँग काँग (चीन विशेष प्रशासनिक क्षेत्र))",
    "zh_TW": "चीनी (ताइवान)",
    "zu": "ज़ुलू"
}
