{
    "af": "Afrikaans",
    "ak": "Akan",
    "am": "Amarico",
    "ar": "Arabo",
    "as": "Assamese",
    "az": "Azerbaigiano",
    "be": "Bielorusso",
    "bg": "Bulgaro",
    "bho": "Bhojpuri",
    "bm": "Bambara",
    "bn": "Bengalese",
    "bs": "Bosniaco",
    "ca": "Catalano",
    "ceb": "Cebuano",
    "ckb": "Curdo Sorani",
    "cs": "Ceco",
    "cy": "Gallese",
    "da": "Danese",
    "de": "Tedesco",
    "de_AT": "Tedesco (Austria)",
    "de_CH": "Tedesco (Svizzera)",
    "doi": "Dogri",
    "ee": "Ewe",
    "el": "Greco",
    "en": "Inglese",
    "en_CA": "Inglese (Canada)",
    "eo": "Esperanto",
    "es": "Spagnolo",
    "et": "Estone",
    "eu": "Basco",
    "fa": "Persiano",
    "fi": "Finlandese",
    "fil": "Filippino",
    "fr": "Francese",
    "fy": "Frisone Occidentale",
    "ga": "Irlandese",
    "gd": "Gaelico Scozzese",
    "gl": "Galiziano",
    "gu": "Gujarati",
    "ha": "Hausa",
    "haw": "Hawaiano",
    "he": "Ebraico",
    "hi": "Hindi",
    "hr": "Croato",
    "ht": "Creolo Haitiano",
    "hu": "Ungherese",
    "hy": "Armeno",
    "id": "Indonesiano",
    "ig": "Igbo",
    "is": "Islandese",
    "it": "Italiano",
    "ja": "Giapponese",
    "ka": "Georgiano",
    "kk": "Kazako",
    "km": "Khmer",
    "kn": "Kannada",
    "ko": "Coreano",
    "ku": "Curdo",
    "ky": "Kirghiso",
    "lb": "Lussemburghese",
    "lg": "Ganda",
    "ln": "Lingala",
    "lo": "Lao",
    "lt": "Lituano",
    "lv": "Lettone",
    "mai": "Maithili",
    "mg": "Malgascio",
    "mi": "Maori",
    "mk": "Macedone",
    "ml": "Malayalam",
    "mn": "Mongolo",
    "mni_Mtei": "Manipuri",
    "mr": "Marathi",
    "ms": "Malese",
    "mt": "Maltese",
    "my": "Birmano",
    "nb": "Norvegese Bokmål",
    "ne": "Nepalese",
    "nl": "Olandese",
    "nn": "Norvegese Nynorsk",
    "oc": "Occitano",
    "om": "Oromo",
    "or": "Odia",
    "pa": "Punjabi",
    "pl": "Polacco",
    "ps": "Pashto",
    "pt": "Portoghese",
    "pt_BR": "Portoghese (Brasile)",
    "qu": "Quechua",
    "ro": "Rumeno",
    "ru": "Russo",
    "rw": "Kinyarwanda",
    "sa": "Sanscrito",
    "sc": "Sardo",
    "sd": "Sindhi",
    "si": "Singalese",
    "sk": "Slovacco",
    "sl": "Sloveno",
    "sn": "Shona",
    "so": "Somalo",
    "sq": "Albanese",
    "sr_Cyrl": "Serbo",
    "sr_Latn": "Serbo",
    "sr_Latn_ME": "Serbo (Montenegro)",
    "su": "Sundanese",
    "sv": "Svedese",
    "sw": "Swahili",
    "ta": "Tamil",
    "te": "Telugu",
    "tg": "Tagico",
    "th": "Thailandese",
    "ti": "Tigrino",
    "tk": "Turcomanno",
    "tl": "Tagalog",
    "tr": "Turco",
    "tt": "Tataro",
    "ug": "Uiguro",
    "uk": "Ucraino",
    "ur": "Urdu",
    "uz_Cyrl": "Uzbeco",
    "uz_Latn": "Uzbeco",
    "vi": "Vietnamita",
    "xh": "Xhosa",
    "yi": "Yiddish",
    "yo": "Yoruba",
    "zh_CN": "Cinese (Cina)",
    "zh_HK": "Cinese (Ras Di Hong Kong)",
    "zh_TW": "Cinese (Taiwan)",
    "zu": "Zulu"
}
