{
    "af": "Afrikaans",
    "ak": "Akan",
    "am": "Amhaars",
    "ar": "Arabisch",
    "as": "Assamees",
    "az": "Azerbeidzjaans",
    "be": "Belarussisch",
    "bg": "Bulgaars",
    "bho": "Bhojpuri",
    "bm": "Bambara",
    "bn": "Bengaals",
    "bs": "Bosnisch",
    "ca": "Catalaans",
    "ceb": "Cebuano",
    "ckb": "Soranî",
    "cs": "Tsjechisch",
    "cy": "Welsh",
    "da": "Deens",
    "de": "Duits",
    "de_AT": "Duits (Oostenrijk)",
    "de_CH": "Duits (Zwitserland)",
    "doi": "Dogri",
    "ee": "Ewe",
    "el": "Grieks",
    "en": "Engels",
    "en_CA": "Engels (Canada)",
    "eo": "Esperanto",
    "es": "Spaans",
    "et": "Estisch",
    "eu": "Baskisch",
    "fa": "Perzisch",
    "fi": "Fins",
    "fil": "Filipijns",
    "fr": "Frans",
    "fy": "Fries",
    "ga": "Iers",
    "gd": "Schots-Gaelisch",
    "gl": "Galicisch",
    "gu": "Gujarati",
    "ha": "Hausa",
    "haw": "Hawaïaans",
    "he": "Hebreeuws",
    "hi": "Hindi",
    "hr": "Kroatisch",
    "ht": "Haïtiaans Creools",
    "hu": "Hongaars",
    "hy": "Armeens",
    "id": "Indonesisch",
    "ig": "Igbo",
    "is": "Ijslands",
    "it": "Italiaans",
    "ja": "Japans",
    "ka": "Georgisch",
    "kk": "Kazachs",
    "km": "Khmer",
    "kn": "Kannada",
    "ko": "Koreaans",
    "ku": "Koerdisch",
    "ky": "Kirgizisch",
    "lb": "Luxemburgs",
    "lg": "Luganda",
    "ln": "Lingala",
    "lo": "Laotiaans",
    "lt": "Litouws",
    "lv": "Lets",
    "mai": "Maithili",
    "mg": "Malagassisch",
    "mi": "Maori",
    "mk": "Macedonisch",
    "ml": "Malayalam",
    "mn": "Mongools",
    "mni_Mtei": "Meitei",
    "mr": "Marathi",
    "ms": "Maleis",
    "mt": "Maltees",
    "my": "Birmaans",
    "nb": "Noors - Bokmål",
    "ne": "Nepalees",
    "nl": "Nederlands",
    "nn": "Noors - Nynorsk",
    "oc": "Occitaans",
    "om": "Afaan Oromo",
    "or": "Odia",
    "pa": "Punjabi",
    "pl": "Pools",
    "ps": "Pasjtoe",
    "pt": "Portugees",
    "pt_BR": "Portugees (Brazilië)",
    "qu": "Quechua",
    "ro": "Roemeens",
    "ru": "Russisch",
    "rw": "Kinyarwanda",
    "sa": "Sanskriet",
    "sc": "Sardijns",
    "sd": "Sindhi",
    "si": "Singalees",
    "sk": "Slowaaks",
    "sl": "Sloveens",
    "sn": "Shona",
    "so": "Somalisch",
    "sq": "Albanees",
    "sr_Cyrl": "Servisch",
    "sr_Latn": "Servisch",
    "sr_Latn_ME": "Servisch (Montenegro)",
    "su": "Soendanees",
    "sv": "Zweeds",
    "sw": "Swahili",
    "ta": "Tamil",
    "te": "Telugu",
    "tg": "Tadzjieks",
    "th": "Thai",
    "ti": "Tigrinya",
    "tk": "Turkmeens",
    "tl": "Tagalog",
    "tr": "Turks",
    "tt": "Tataars",
    "ug": "Oeigoers",
    "uk": "Oekraïens",
    "ur": "Urdu",
    "uz_Cyrl": "Oezbeeks",
    "uz_Latn": "Oezbeeks",
    "vi": "Vietnamees",
    "xh": "Xhosa",
    "yi": "Jiddisch",
    "yo": "Yoruba",
    "zh_CN": "Chinees (China)",
    "zh_HK": "Chinees (Hongkong Sar Van China)",
    "zh_TW": "Chinees (Taiwan)",
    "zu": "Zoeloe"
}
