{
    "af": "Afrikaans",
    "ak": "Akan",
    "am": "Amharisk",
    "ar": "Arabisk",
    "as": "Assamesisk",
    "az": "Aserbajdsjansk",
    "be": "Kviterussisk",
    "bg": "Bulgarsk",
    "bho": "Bhojpuri",
    "bm": "Bambara",
    "bn": "Bengali",
    "bs": "Bosnisk",
    "ca": "Katalansk",
    "ceb": "Cebuano",
    "ckb": "Sorani",
    "cs": "Tsjekkisk",
    "cy": "Walisisk",
    "da": "Dansk",
    "de": "Tysk",
    "de_AT": "Tysk (Austerrike)",
    "de_CH": "Tysk (Sveits)",
    "doi": "Dogri",
    "ee": "Ewe",
    "el": "Gresk",
    "en": "Engelsk",
    "en_CA": "Engelsk (Canada)",
    "eo": "Esperanto",
    "es": "Spansk",
    "et": "Estisk",
    "eu": "Baskisk",
    "fa": "Persisk",
    "fi": "Finsk",
    "fil": "Filippinsk",
    "fr": "Fransk",
    "fy": "Vestfrisisk",
    "ga": "Irsk",
    "gd": "Skotsk-Gælisk",
    "gl": "Galisisk",
    "gu": "Gujarati",
    "ha": "Hausa",
    "haw": "Hawaiisk",
    "he": "Hebraisk",
    "hi": "Hindi",
    "hr": "Kroatisk",
    "ht": "Haitisk",
    "hu": "Ungarsk",
    "hy": "Armensk",
    "id": "Indonesisk",
    "ig": "Ibo",
    "is": "Islandsk",
    "it": "Italiensk",
    "ja": "Japansk",
    "ka": "Georgisk",
    "kk": "Kasakhisk",
    "km": "Khmer",
    "kn": "Kannada",
    "ko": "Koreansk",
    "ku": "Kurdisk",
    "ky": "Kirgisisk",
    "lb": "Luxemburgsk",
    "lg": "Ganda",
    "ln": "Lingala",
    "lo": "Laotisk",
    "lt": "Litauisk",
    "lv": "Latvisk",
    "mai": "Maithili",
    "mg": "Madagassisk",
    "mi": "Maori",
    "mk": "Makedonsk",
    "ml": "Malayalam",
    "mn": "Mongolsk",
    "mni_Mtei": "Manipuri",
    "mr": "Marathi",
    "ms": "Malayisk",
    "mt": "Maltesisk",
    "my": "Burmesisk",
    "nb": "Norsk Bokmål",
    "ne": "Nepalsk",
    "nl": "Nederlandsk",
    "nn": "Norsk Nynorsk",
    "oc": "Oksitansk",
    "om": "Oromo",
    "or": "Odia",
    "pa": "Panjabi",
    "pl": "Polsk",
    "ps": "Pashto",
    "pt": "Portugisisk",
    "pt_BR": "Portugisisk (Brasil)",
    "qu": "Quechua",
    "ro": "Rumensk",
    "ru": "Russisk",
    "rw": "Kinjarwanda",
    "sa": "Sanskrit",
    "sc": "Sardinsk",
    "sd": "Sindhi",
    "si": "Singalesisk",
    "sk": "Slovakisk",
    "sl": "Slovensk",
    "sn": "Shona",
    "so": "Somali",
    "sq": "Albansk",
    "sr_Cyrl": "Serbisk",
    "sr_Latn": "Serbisk",
    "sr_Latn_ME": "Serbisk (Montenegro)",
    "su": "Sundanesisk",
    "sv": "Svensk",
    "sw": "Swahili",
    "ta": "Tamil",
    "te": "Telugu",
    "tg": "Tadsjikisk",
    "th": "Thai",
    "ti": "Tigrinja",
    "tk": "Turkmensk",
    "tl": "Tagalog",
    "tr": "Tyrkisk",
    "tt": "Tatarisk",
    "ug": "Uigurisk",
    "uk": "Ukrainsk",
    "ur": "Urdu",
    "uz_Cyrl": "Usbekisk",
    "uz_Latn": "Usbekisk",
    "vi": "Vietnamesisk",
    "xh": "Xhosa",
    "yi": "Jiddisk",
    "yo": "Joruba",
    "zh_CN": "Kinesisk (Kina)",
    "zh_HK": "Kinesisk (Hongkong Sar Kina)",
    "zh_TW": "Kinesisk (Taiwan)",
    "zu": "Zulu"
}
