{
    "af": "Afrikaans",
    "ak": "Akan",
    "am": "Amharski",
    "ar": "Arabski",
    "as": "Asamski",
    "az": "Azerbejdżański",
    "be": "Białoruski",
    "bg": "Bułgarski",
    "bho": "Bhodżpuri",
    "bm": "Bambara",
    "bn": "Bengalski",
    "bs": "Bośniacki",
    "ca": "Kataloński",
    "ceb": "Cebuański",
    "ckb": "Sorani",
    "cs": "Czeski",
    "cy": "Walijski",
    "da": "Duński",
    "de": "Niemiecki",
    "de_AT": "Niemiecki (Austria)",
    "de_CH": "Niemiecki (Szwajcaria)",
    "doi": "Dogri",
    "ee": "Ewe",
    "el": "Grecki",
    "en": "Angielski",
    "en_CA": "Angielski (Kanada)",
    "eo": "Esperanto",
    "es": "Hiszpański",
    "et": "Estoński",
    "eu": "Baskijski",
    "fa": "Perski",
    "fi": "Fiński",
    "fil": "Filipiński",
    "fr": "Francuski",
    "fy": "Zachodniofryzyjski",
    "ga": "Irlandzki",
    "gd": "Szkocki Gaelicki",
    "gl": "Galicyjski",
    "gu": "Gudżarati",
    "ha": "Hausa",
    "haw": "Hawajski",
    "he": "Hebrajski",
    "hi": "Hindi",
    "hr": "Chorwacki",
    "ht": "Kreolski Haitański",
    "hu": "Węgierski",
    "hy": "Ormiański",
    "id": "Indonezyjski",
    "ig": "Igbo",
    "is": "Islandzki",
    "it": "Włoski",
    "ja": "Japoński",
    "ka": "Gruziński",
    "kk": "Kazachski",
    "km": "Khmerski",
    "kn": "Kannada",
    "ko": "Koreański",
    "ku": "Kurdyjski",
    "ky": "Kirgiski",
    "lb": "Luksemburski",
    "lg": "Ganda",
    "ln": "Lingala",
    "lo": "Laotański",
    "lt": "Litewski",
    "lv": "Łotewski",
    "mai": "Maithili",
    "mg": "Malgaski",
    "mi": "Maoryjski",
    "mk": "Macedoński",
    "ml": "Malajalam",
    "mn": "Mongolski",
    "mni_Mtei": "Manipuri",
    "mr": "Marathi",
    "ms": "Malajski",
    "mt": "Maltański",
    "my": "Birmański",
    "nb": "Norweski (Bokmål)",
    "ne": "Nepalski",
    "nl": "Niderlandzki",
    "nn": "Norweski (Nynorsk)",
    "oc": "Oksytański",
    "om": "Oromo",
    "or": "Orija",
    "pa": "Pendżabski",
    "pl": "Polski",
    "ps": "Paszto",
    "pt": "Portugalski",
    "pt_BR": "Portugalski (Brazylia)",
    "qu": "Keczua",
    "ro": "Rumuński",
    "ru": "Rosyjski",
    "rw": "Kinya-Ruanda",
    "sa": "Sanskryt",
    "sc": "Sardyński",
    "sd": "Sindhi",
    "si": "Syngaleski",
    "sk": "Słowacki",
    "sl": "Słoweński",
    "sn": "Shona",
    "so": "Somalijski",
    "sq": "Albański",
    "sr_Cyrl": "Serbski",
    "sr_Latn": "Serbski",
    "sr_Latn_ME": "Serbski (Czarnogóra)",
    "su": "Sundajski",
    "sv": "Szwedzki",
    "sw": "Suahili",
    "ta": "Tamilski",
    "te": "Telugu",
    "tg": "Tadżycki",
    "th": "Tajski",
    "ti": "Tigrinia",
    "tk": "Turkmeński",
    "tl": "Tagalski",
    "tr": "Turecki",
    "tt": "Tatarski",
    "ug": "Ujgurski",
    "uk": "Ukraiński",
    "ur": "Urdu",
    "uz_Cyrl": "Uzbecki",
    "uz_Latn": "Uzbecki",
    "vi": "Wietnamski",
    "xh": "Khosa",
    "yi": "Jidysz",
    "yo": "Joruba",
    "zh_CN": "Chiński (Chiny)",
    "zh_HK": "Chiński (Sra Hongkong (Chiny))",
    "zh_TW": "Chiński (Tajwan)",
    "zu": "Zulu"
}
