{
    "af": "Afrikaans",
    "ak": "Akan",
    "am": "Amharică",
    "ar": "Arabă",
    "as": "Asameză",
    "az": "Azeră",
    "be": "Belarusă",
    "bg": "Bulgară",
    "bho": "Bhojpuri",
    "bm": "Bambara",
    "bn": "Bengaleză",
    "bs": "Bosniacă",
    "ca": "Catalană",
    "ceb": "Cebuană",
    "ckb": "Kurdă Centrală",
    "cs": "Cehă",
    "cy": "Galeză",
    "da": "Daneză",
    "de": "Germană",
    "de_AT": "Germană (Austria)",
    "de_CH": "Germană (Elveția)",
    "doi": "Dogri",
    "ee": "Ewe",
    "el": "Greacă",
    "en": "Engleză",
    "en_CA": "Engleză (Canada)",
    "eo": "Esperanto",
    "es": "Spaniolă",
    "et": "Estonă",
    "eu": "Bască",
    "fa": "Persană",
    "fi": "Finlandeză",
    "fil": "Filipineză",
    "fr": "Franceză",
    "fy": "Frizonă Occidentală",
    "ga": "Irlandeză",
    "gd": "Gaelică Scoțiană",
    "gl": "Galiciană",
    "gu": "Gujarati",
    "ha": "Hausa",
    "haw": "Hawaiiană",
    "he": "Ebraică",
    "hi": "Hindi",
    "hr": "Croată",
    "ht": "Haitiană",
    "hu": "Maghiară",
    "hy": "Armeană",
    "id": "Indoneziană",
    "ig": "Igbo",
    "is": "Islandeză",
    "it": "Italiană",
    "ja": "Japoneză",
    "ka": "Georgiană",
    "kk": "Kazahă",
    "km": "Khmeră",
    "kn": "Kannada",
    "ko": "Coreeană",
    "ku": "Kurdă",
    "ky": "Kârgâză",
    "lb": "Luxemburgheză",
    "lg": "Ganda",
    "ln": "Lingala",
    "lo": "Laoțiană",
    "lt": "Lituaniană",
    "lv": "Letonă",
    "mai": "Maithili",
    "mg": "Malgașă",
    "mi": "Maori",
    "mk": "Macedoneană",
    "ml": "Malayalam",
    "mn": "Mongolă",
    "mni_Mtei": "Manipuri",
    "mr": "Marathi",
    "ms": "Malaeză",
    "mt": "Malteză",
    "my": "Birmană",
    "nb": "Norvegiană Bokmål",
    "ne": "Nepaleză",
    "nl": "Neerlandeză",
    "nn": "Norvegiană Nynorsk",
    "oc": "Occitană",
    "om": "Oromo",
    "or": "Odia",
    "pa": "Punjabi",
    "pl": "Poloneză",
    "ps": "Paștună",
    "pt": "Portugheză",
    "pt_BR": "Portugheză (Brazilia)",
    "qu": "Quechua",
    "ro": "Română",
    "ru": "Rusă",
    "rw": "Kinyarwanda",
    "sa": "Sanscrită",
    "sc": "Sardiniană",
    "sd": "Sindhi",
    "si": "Singhaleză",
    "sk": "Slovacă",
    "sl": "Slovenă",
    "sn": "Shona",
    "so": "Somaleză",
    "sq": "Albaneză",
    "sr_Cyrl": "Sârbă",
    "sr_Latn": "Sârbă",
    "sr_Latn_ME": "Sârbă (Muntenegru)",
    "su": "Sundaneză",
    "sv": "Suedeză",
    "sw": "Swahili",
    "ta": "Tamilă",
    "te": "Telugu",
    "tg": "Tadjică",
    "th": "Thailandeză",
    "ti": "Tigrină",
    "tk": "Turkmenă",
    "tl": "Tagalog",
    "tr": "Turcă",
    "tt": "Tătară",
    "ug": "Uigură",
    "uk": "Ucraineană",
    "ur": "Urdu",
    "uz_Cyrl": "Uzbecă",
    "uz_Latn": "Uzbecă",
    "vi": "Vietnameză",
    "xh": "Xhosa",
    "yi": "Idiș",
    "yo": "Yoruba",
    "zh_CN": "Chineză (China)",
    "zh_HK": "Chineză (R.a.s. Hong Kong, China)",
    "zh_TW": "Chineză (Taiwan)",
    "zu": "Zulu"
}
