{
    "af": "Африкаанс",
    "ak": "Акан",
    "am": "Амхарский",
    "ar": "Арабский",
    "as": "Ассамский",
    "az": "Азербайджанский",
    "be": "Белорусский",
    "bg": "Болгарский",
    "bho": "Бходжпури",
    "bm": "Бамбара",
    "bn": "Бенгальский",
    "bs": "Боснийский",
    "ca": "Каталанский",
    "ceb": "Себуано",
    "ckb": "Центральнокурдский",
    "cs": "Чешский",
    "cy": "Валлийский",
    "da": "Датский",
    "de": "Немецкий",
    "de_AT": "Немецкий (Австрия)",
    "de_CH": "Немецкий (Швейцария)",
    "doi": "Догри",
    "ee": "Эве",
    "el": "Греческий",
    "en": "Английский",
    "en_CA": "Английский (Канада)",
    "eo": "Эсперанто",
    "es": "Испанский",
    "et": "Эстонский",
    "eu": "Баскский",
    "fa": "Персидский",
    "fi": "Финский",
    "fil": "Филиппинский",
    "fr": "Французский",
    "fy": "Западнофризский",
    "ga": "Ирландский",
    "gd": "Гэльский",
    "gl": "Галисийский",
    "gu": "Гуджарати",
    "ha": "Хауса",
    "haw": "Гавайский",
    "he": "Иврит",
    "hi": "Хинди",
    "hr": "Хорватский",
    "ht": "Гаитянский",
    "hu": "Венгерский",
    "hy": "Армянский",
    "id": "Индонезийский",
    "ig": "Игбо",
    "is": "Исландский",
    "it": "Итальянский",
    "ja": "Японский",
    "ka": "Грузинский",
    "kk": "Казахский",
    "km": "Кхмерский",
    "kn": "Каннада",
    "ko": "Корейский",
    "ku": "Курдский",
    "ky": "Киргизский",
    "lb": "Люксембургский",
    "lg": "Ганда",
    "ln": "Лингала",
    "lo": "Лаосский",
    "lt": "Литовский",
    "lv": "Латышский",
    "mai": "Майтхили",
    "mg": "Малагасийский",
    "mi": "Маори",
    "mk": "Македонский",
    "ml": "Малаялам",
    "mn": "Монгольский",
    "mni_Mtei": "Манипурский",
    "mr": "Маратхи",
    "ms": "Малайский",
    "mt": "Мальтийский",
    "my": "Бирманский",
    "nb": "Норвежский Букмол",
    "ne": "Непальский",
    "nl": "Нидерландский",
    "nn": "Нюнорск",
    "oc": "Окситанский",
    "om": "Оромо",
    "or": "Ория",
    "pa": "Панджаби",
    "pl": "Польский",
    "ps": "Пушту",
    "pt": "Португальский",
    "pt_BR": "Португальский (Бразилия)",
    "qu": "Кечуа",
    "ro": "Румынский",
    "ru": "Русский",
    "rw": "Киньяруанда",
    "sa": "Санскрит",
    "sc": "Сардинский",
    "sd": "Синдхи",
    "si": "Сингальский",
    "sk": "Словацкий",
    "sl": "Словенский",
    "sn": "Шона",
    "so": "Сомали",
    "sq": "Албанский",
    "sr_Cyrl": "Сербский",
    "sr_Latn": "Сербский",
    "sr_Latn_ME": "Сербский (Черногория)",
    "su": "Сунданский",
    "sv": "Шведский",
    "sw": "Суахили",
    "ta": "Тамильский",
    "te": "Телугу",
    "tg": "Таджикский",
    "th": "Тайский",
    "ti": "Тигринья",
    "tk": "Туркменский",
    "tl": "Тагалог",
    "tr": "Турецкий",
    "tt": "Татарский",
    "ug": "Уйгурский",
    "uk": "Украинский",
    "ur": "Урду",
    "uz_Cyrl": "Узбекский",
    "uz_Latn": "Узбекский",
    "vi": "Вьетнамский",
    "xh": "Коса",
    "yi": "Идиш",
    "yo": "Йоруба",
    "zh_CN": "Китайский (Китай)",
    "zh_HK": "Китайский (Гонконг (Сар))",
    "zh_TW": "Китайский (Тайвань)",
    "zu": "Зулу"
}
