{
    "af": "Африканс",
    "ak": "Акански",
    "am": "Амхарски",
    "ar": "Арапски",
    "as": "Асамски",
    "az": "Азербејџански",
    "be": "Белоруски",
    "bg": "Бугарски",
    "bho": "Боџпури",
    "bm": "Бамбара",
    "bn": "Бенгалски",
    "bs": "Босански",
    "ca": "Каталонски",
    "ceb": "Себуански",
    "ckb": "Централни Курдски",
    "cs": "Чешки",
    "cy": "Велшки",
    "da": "Дански",
    "de": "Немачки",
    "de_AT": "Немачки (Аустрија)",
    "de_CH": "Немачки (Швајцарска)",
    "doi": "Догри",
    "ee": "Еве",
    "el": "Грчки",
    "en": "Енглески",
    "en_CA": "Енглески (Канада)",
    "eo": "Есперанто",
    "es": "Шпански",
    "et": "Естонски",
    "eu": "Баскијски",
    "fa": "Персијски",
    "fi": "Фински",
    "fil": "Филипински",
    "fr": "Француски",
    "fy": "Западни Фризијски",
    "ga": "Ирски",
    "gd": "Шкотски Гелски",
    "gl": "Галицијски",
    "gu": "Гуџарати",
    "ha": "Хауса",
    "haw": "Хавајски",
    "he": "Хебрејски",
    "hi": "Хинди",
    "hr": "Хрватски",
    "ht": "Хаићански",
    "hu": "Мађарски",
    "hy": "Јерменски",
    "id": "Индонежански",
    "ig": "Игбо",
    "is": "Исландски",
    "it": "Италијански",
    "ja": "Јапански",
    "ka": "Грузијски",
    "kk": "Казашки",
    "km": "Кмерски",
    "kn": "Канада",
    "ko": "Корејски",
    "ku": "Курдски",
    "ky": "Киргиски",
    "lb": "Луксембуршки",
    "lg": "Ганда",
    "ln": "Лингала",
    "lo": "Лаоски",
    "lt": "Литвански",
    "lv": "Летонски",
    "mai": "Маитили",
    "mg": "Малгашки",
    "mi": "Маорски",
    "mk": "Македонски",
    "ml": "Малајалам",
    "mn": "Монголски",
    "mni_Mtei": "Манипурски",
    "mr": "Марати",
    "ms": "Малајски",
    "mt": "Малтешки",
    "my": "Бурмански",
    "nb": "Норвешки Букмол",
    "ne": "Непалски",
    "nl": "Холандски",
    "nn": "Норвешки Нинорск",
    "oc": "Окситански",
    "om": "Оромо",
    "or": "Одија",
    "pa": "Пенџапски",
    "pl": "Пољски",
    "ps": "Паштунски",
    "pt": "Португалски",
    "pt_BR": "Португалски (Бразил)",
    "qu": "Кечуа",
    "ro": "Румунски",
    "ru": "Руски",
    "rw": "Кињаруанда",
    "sa": "Санскрит",
    "sc": "Сардински",
    "sd": "Синди",
    "si": "Синхалешки",
    "sk": "Словачки",
    "sl": "Словеначки",
    "sn": "Шона",
    "so": "Сомалски",
    "sq": "Албански",
    "sr_Cyrl": "Српски",
    "sr_Latn": "Српски",
    "sr_Latn_ME": "Српски (Црна Гора)",
    "su": "Сундански",
    "sv": "Шведски",
    "sw": "Свахили",
    "ta": "Тамилски",
    "te": "Телугу",
    "tg": "Таџички",
    "th": "Тајски",
    "ti": "Тигриња",
    "tk": "Туркменски",
    "tl": "Тагалог",
    "tr": "Турски",
    "tt": "Татарски",
    "ug": "Ујгурски",
    "uk": "Украјински",
    "ur": "Урду",
    "uz_Cyrl": "Узбечки",
    "uz_Latn": "Узбечки",
    "vi": "Вијетнамски",
    "xh": "Коса",
    "yi": "Јидиш",
    "yo": "Јоруба",
    "zh_CN": "Кинески (Кина)",
    "zh_HK": "Кинески (Сар Хонгконг (Кина))",
    "zh_TW": "Кинески (Тајван)",
    "zu": "Зулу"
}
