{
    "af": "แอฟริกานส์",
    "ak": "อาคาน",
    "am": "อัมฮารา",
    "ar": "อาหรับ",
    "as": "อัสสัม",
    "az": "อาเซอร์ไบจาน",
    "be": "เบลารุส",
    "bg": "บัลแกเรีย",
    "bho": "โภชปุรี",
    "bm": "บัมบารา",
    "bn": "บังกลา",
    "bs": "บอสเนีย",
    "ca": "คาตาลัน",
    "ceb": "เซบู",
    "ckb": "เคิร์ดตอนกลาง",
    "cs": "เช็ก",
    "cy": "เวลส์",
    "da": "เดนมาร์ก",
    "de": "เยอรมัน",
    "de_AT": "เยอรมัน (ออสเตรีย)",
    "de_CH": "เยอรมัน (สวิตเซอร์แลนด์)",
    "doi": "โฑครี",
    "ee": "เอเว",
    "el": "กรีก",
    "en": "อังกฤษ",
    "en_CA": "อังกฤษ (แคนาดา)",
    "eo": "เอสเปรันโต",
    "es": "สเปน",
    "et": "เอสโตเนีย",
    "eu": "บาสก์",
    "fa": "เปอร์เซีย",
    "fi": "ฟินแลนด์",
    "fil": "ฟิลิปปินส์",
    "fr": "ฝรั่งเศส",
    "fy": "ฟริเซียนตะวันตก",
    "ga": "ไอริช",
    "gd": "เกลิกสกอต",
    "gl": "กาลิเซีย",
    "gu": "คุชราต",
    "ha": "เฮาซา",
    "haw": "ฮาวาย",
    "he": "ฮิบรู",
    "hi": "ฮินดี",
    "hr": "โครเอเชีย",
    "ht": "เฮติครีโอล",
    "hu": "ฮังการี",
    "hy": "อาร์เมเนีย",
    "id": "อินโดนีเซีย",
    "ig": "อิกโบ",
    "is": "ไอซ์แลนด์",
    "it": "อิตาลี",
    "ja": "ญี่ปุ่น",
    "ka": "จอร์เจีย",
    "kk": "คาซัค",
    "km": "เขมร",
    "kn": "กันนาดา",
    "ko": "เกาหลี",
    "ku": "เคิร์ด",
    "ky": "คีร์กีซ",
    "lb": "ลักเซมเบิร์ก",
    "lg": "ยูกันดา",
    "ln": "ลิงกาลา",
    "lo": "ลาว",
    "lt": "ลิทัวเนีย",
    "lv": "ลัตเวีย",
    "mai": "ไมถิลี",
    "mg": "มาลากาซี",
    "mi": "เมารี",
    "mk": "มาซิโดเนีย",
    "ml": "มาลายาลัม",
    "mn": "มองโกเลีย",
    "mni_Mtei": "มณีปุระ",
    "mr": "มราฐี",
    "ms": "มาเลย์",
    "mt": "มอลตา",
    "my": "พม่า",
    "nb": "นอร์เวย์บุคมอล",
    "ne": "เนปาล",
    "nl": "ดัตช์",
    "nn": "นอร์เวย์นีนอสก์",
    "oc": "อ็อกซิตัน",
    "om": "โอโรโม",
    "or": "โอดิยา",
    "pa": "ปัญจาบ",
    "pl": "โปแลนด์",
    "ps": "พัชโต",
    "pt": "โปรตุเกส",
    "pt_BR": "โปรตุเกส (บราซิล)",
    "qu": "เคชวา",
    "ro": "โรมาเนีย",
    "ru": "รัสเซีย",
    "rw": "รวันดา",
    "sa": "สันสกฤต",
    "sc": "ซาร์เดญา",
    "sd": "สินธิ",
    "si": "สิงหล",
    "sk": "สโลวัก",
    "sl": "สโลวีเนีย",
    "sn": "โชนา",
    "so": "โซมาลี",
    "sq": "แอลเบเนีย",
    "sr_Cyrl": "เซอร์เบีย",
    "sr_Latn": "เซอร์เบีย",
    "sr_Latn_ME": "เซอร์เบีย (มอนเตเนโกร)",
    "su": "ซุนดา",
    "sv": "สวีเดน",
    "sw": "สวาฮีลี",
    "ta": "ทมิฬ",
    "te": "เตลูกู",
    "tg": "ทาจิก",
    "th": "ไทย",
    "ti": "ติกริญญา",
    "tk": "เติร์กเมน",
    "tl": "ตากาล็อก",
    "tr": "ตุรกี",
    "tt": "ตาตาร์",
    "ug": "อุยกูร์",
    "uk": "ยูเครน",
    "ur": "อูรดู",
    "uz_Cyrl": "อุซเบก",
    "uz_Latn": "อุซเบก",
    "vi": "เวียดนาม",
    "xh": "คะห์โอซา",
    "yi": "ยิดดิช",
    "yo": "โยรูบา",
    "zh_CN": "จีน (จีน)",
    "zh_HK": "จีน (เขตปกครองพิเศษฮ่องกงแห่งสาธารณรัฐประชาชนจีน)",
    "zh_TW": "จีน (ไต้หวัน)",
    "zu": "ซูลู"
}
