{
    "Appearance": "Appearance",
    "Appearance Settings": "Appearance Settings",
    "Are you sure you want to delete your account?": "Are you sure you want to delete your account?",
    "Cancel": "Cancel",
    "Dark": "Dark",
    "Dashboard": "Dashboard",
    "Delete account": "Delete account",
    "Delete your account and all of its resources": "Delete your account and all of its resources",
    "Documentation": "Documentation",
    "Email": "Email",
    "Light": "Light",
    "Log Out": "Log Out",
    "Manage your profile and account settings": "Manage your profile and account settings",
    "Name": "Name",
    "Once your account is deleted, all of its resources and data will also be permanently deleted. Please confirm you would like to permanently delete your account.": "Once your account is deleted, all of its resources and data will also be permanently deleted. Please confirm you would like to permanently delete your account.",
    "Platform": "Platform",
    "Profile": "Profile",
    "Profile Settings": "Profile Settings",
    "Repository": "Repository",
    "Save": "Save",
    "Saved.": "Saved.",
    "Search": "Search",
    "Settings": "Settings",
    "System": "System",
    "Update your account's appearance settings": "Update your account's appearance settings",
    "Update your name and email address": "Update your name and email address"
}
