{
    "A new verification link has been sent to the email address you provided during registration.": "A new verification link has been sent to the email address you provided during registration.",
    "A new verification link has been sent to your email address.": "A new verification link has been sent to your email address.",
    "A reset link will be sent if the account exists.": "A reset link will be sent if the account exists.",
    "Appearance": "Appearance",
    "Are you sure you want to delete your account?": "Are you sure you want to delete your account?",
    "Cancel": "Cancel",
    "Click here to re-send the verification email.": "Click here to re-send the verification email.",
    "Confirm": "Confirm",
    "Confirm password": "Confirm password",
    "Confirm Password": "Confirm Password",
    "Create account": "Create account",
    "Current password": "Current password",
    "Dark": "Dark",
    "Dashboard": "Dashboard",
    "Delete account": "Delete account",
    "Delete your account and all of its resources": "Delete your account and all of its resources",
    "Documentation": "Documentation",
    "Email": "Email",
    "Email address": "Email address",
    "Email Address": "Email Address",
    "Email password reset link": "Email password reset link",
    "Ensure your account is using a long, random password to stay secure": "Ensure your account is using a long, random password to stay secure",
    "Forgot your password?": "Forgot your password?",
    "Light": "Light",
    "Log in": "Log in",
    "Log Out": "Log Out",
    "Log out": "Log out",
    "Manage your profile and account settings": "Manage your profile and account settings",
    "Name": "Name",
    "New password": "New password",
    "Once your account is deleted, all of its resources and data will be permanently deleted. Please enter your password to confirm you would like to permanently delete your account.": "Once your account is deleted, all of its resources and data will be permanently deleted. Please enter your password to confirm you would like to permanently delete your account.",
    "Password": "Password",
    "Please verify your email address by clicking on the link we just emailed to you.": "Please verify your email address by clicking on the link we just emailed to you.",
    "Profile": "Profile",
    "Remember me": "Remember me",
    "Repository": "Repository",
    "Resend verification email": "Resend verification email",
    "Reset password": "Reset password",
    "Save": "Save",
    "Saved.": "Saved.",
    "Settings": "Settings",
    "System": "System",
    "Update password": "Update password",
    "Update the appearance settings for your account": "Update the appearance settings for your account",
    "Update your name and email address": "Update your name and email address",
    "Your email address is unverified.": "Your email address is unverified."
}
